line,type,issue,detail
1,normalize,date_normalized,"{""event_date"": ""2008-11-11T07:00:00Z""}"
2,normalize,date_normalized,"{""event_date"": ""2018-04-13T06:00:00Z""}"
3,normalize,date_normalized,"{""event_date"": ""2012-06-18T06:00:00Z""}"
4,normalize,date_normalized,"{""event_date"": ""2010-04-27T06:00:00Z""}"
5,normalize,date_normalized,"{""event_date"": ""2011-03-02T07:00:00Z""}"
6,normalize,date_normalized,"{""event_date"": ""2009-10-14T06:00:00Z""}"
7,normalize,date_normalized,"{""event_date"": ""2010-03-04T07:00:00Z""}"
8,normalize,date_normalized,"{""event_date"": ""2011-10-14T06:00:00Z""}"
9,normalize,date_normalized,"{""event_date"": ""2018-04-13T06:00:00Z""}"
10,normalize,date_normalized,"{""event_date"": ""2011-03-14T06:00:00Z""}"
11,normalize,date_normalized,"{""event_date"": ""2010-03-04T07:00:00Z""}"
12,normalize,date_normalized,"{""event_date"": ""2010-07-21T06:00:00Z""}"
13,normalize,date_normalized,"{""event_date"": ""2014-02-27T07:00:00Z""}"
14,normalize,date_normalized,"{""event_date"": ""2011-08-25T06:00:00Z""}"
15,normalize,date_normalized,"{""event_date"": ""2011-03-11T07:00:00Z""}"
16,normalize,date_normalized,"{""event_date"": ""2011-05-17T06:00:00Z""}"
17,normalize,date_normalized,"{""event_date"": ""2010-06-09T06:00:00Z""}"
18,normalize,date_normalized,"{""event_date"": ""2010-06-09T06:00:00Z""}"
19,normalize,date_normalized,"{""event_date"": ""2011-12-12T07:00:00Z""}"
20,normalize,date_normalized,"{""event_date"": ""2011-05-20T06:00:00Z""}"
21,normalize,date_normalized,"{""event_date"": ""2011-04-26T06:00:00Z""}"
22,normalize,date_normalized,"{""event_date"": ""2009-03-14T06:00:00Z""}"
23,normalize,date_normalized,"{""event_date"": ""2015-07-01T06:00:00Z""}"
24,normalize,date_normalized,"{""event_date"": ""2011-04-26T06:00:00Z""}"
25,normalize,date_normalized,"{""event_date"": ""2011-03-14T06:00:00Z""}"
26,normalize,date_normalized,"{""event_date"": ""2011-09-02T06:00:00Z""}"
27,normalize,date_normalized,"{""event_date"": ""2011-03-14T06:00:00Z""}"
28,normalize,date_normalized,"{""event_date"": ""2010-04-10T06:00:00Z""}"
29,normalize,date_normalized,"{""event_date"": ""2010-11-25T07:00:00Z""}"
30,normalize,date_normalized,"{""event_date"": ""2009-08-14T06:00:00Z""}"
31,normalize,date_normalized,"{""event_date"": ""2011-04-26T06:00:00Z""}"
32,normalize,date_normalized,"{""event_date"": ""2011-09-02T06:00:00Z""}"
33,normalize,date_normalized,"{""event_date"": ""2010-03-17T06:00:00Z""}"
34,normalize,date_normalized,"{""event_date"": ""2011-09-02T06:00:00Z""}"
35,normalize,date_normalized,"{""event_date"": ""2011-02-14T07:00:00Z""}"
36,normalize,date_normalized,"{""event_date"": ""2012-02-29T07:00:00Z""}"
37,normalize,date_normalized,"{""event_date"": ""2018-04-13T06:00:00Z""}"
38,normalize,date_normalized,"{""event_date"": ""2014-10-07T06:00:00Z""}"
39,normalize,date_normalized,"{""event_date"": ""2012-05-28T06:00:00Z""}"
40,normalize,date_normalized,"{""event_date"": ""2012-07-10T06:00:00Z""}"
41,normalize,date_normalized,"{""event_date"": ""2015-06-20T06:00:00Z""}"
42,normalize,date_normalized,"{""event_date"": ""2015-02-27T07:00:00Z""}"
43,normalize,date_normalized,"{""event_date"": ""2011-12-06T07:00:00Z""}"
44,normalize,date_normalized,"{""event_date"": ""2011-11-22T07:00:00Z""}"
45,normalize,date_normalized,"{""event_date"": ""2012-07-16T06:00:00Z""}"
46,normalize,date_normalized,"{""event_date"": ""2011-12-26T07:00:00Z""}"
47,normalize,date_normalized,"{""event_date"": ""2013-07-24T06:00:00Z""}"
48,normalize,date_normalized,"{""event_date"": ""2011-11-22T07:00:00Z""}"
49,normalize,date_normalized,"{""event_date"": ""2012-05-29T06:00:00Z""}"
50,normalize,date_normalized,"{""event_date"": ""2012-08-12T06:00:00Z""}"
51,normalize,date_normalized,"{""event_date"": ""2012-05-18T06:00:00Z""}"
52,normalize,date_normalized,"{""event_date"": ""2012-11-01T06:00:00Z""}"
53,normalize,date_normalized,"{""event_date"": ""2010-06-29T06:00:00Z""}"
54,normalize,date_normalized,"{""event_date"": ""2009-09-23T06:00:00Z""}"
55,normalize,date_normalized,"{""event_date"": ""2011-04-20T06:00:00Z""}"
56,normalize,date_normalized,"{""event_date"": ""2010-06-29T06:00:00Z""}"
57,normalize,date_normalized,"{""event_date"": ""2010-09-27T06:00:00Z""}"
58,normalize,date_normalized,"{""event_date"": ""2013-08-02T06:00:00Z""}"
59,normalize,date_normalized,"{""event_date"": ""2018-04-13T06:00:00Z""}"
60,normalize,date_normalized,"{""event_date"": ""2011-10-11T06:00:00Z""}"
61,normalize,date_normalized,"{""event_date"": ""2011-02-22T07:00:00Z""}"
62,normalize,date_normalized,"{""event_date"": ""2009-12-07T07:00:00Z""}"
63,normalize,date_normalized,"{""event_date"": ""2018-04-13T06:00:00Z""}"
64,normalize,date_normalized,"{""event_date"": ""2010-11-22T07:00:00Z""}"
65,normalize,date_normalized,"{""event_date"": ""2018-04-13T06:00:00Z""}"
66,normalize,date_normalized,"{""event_date"": ""2011-10-31T06:00:00Z""}"
67,normalize,date_normalized,"{""event_date"": ""2018-04-13T06:00:00Z""}"
68,normalize,date_normalized,"{""event_date"": ""2011-09-21T06:00:00Z""}"
69,normalize,date_normalized,"{""event_date"": ""2018-04-13T06:00:00Z""}"
70,normalize,date_normalized,"{""event_date"": ""2011-03-17T06:00:00Z""}"
71,normalize,date_normalized,"{""event_date"": ""2011-04-18T06:00:00Z""}"
72,normalize,date_normalized,"{""event_date"": ""2010-06-23T06:00:00Z""}"
73,normalize,date_normalized,"{""event_date"": ""2011-08-22T06:00:00Z""}"
74,normalize,date_normalized,"{""event_date"": ""2018-04-13T06:00:00Z""}"
75,normalize,date_normalized,"{""event_date"": ""2018-04-13T06:00:00Z""}"
76,normalize,date_normalized,"{""event_date"": ""2010-05-10T06:00:00Z""}"
77,normalize,date_normalized,"{""event_date"": ""2010-06-29T06:00:00Z""}"
78,normalize,date_normalized,"{""event_date"": ""2011-11-10T07:00:00Z""}"
79,normalize,date_normalized,"{""event_date"": ""2009-11-26T07:00:00Z""}"
80,normalize,date_normalized,"{""event_date"": ""2018-04-13T06:00:00Z""}"
81,normalize,date_normalized,"{""event_date"": ""2012-09-04T06:00:00Z""}"
82,normalize,date_normalized,"{""event_date"": ""2012-05-22T06:00:00Z""}"
83,normalize,date_normalized,"{""event_date"": ""2018-04-13T06:00:00Z""}"
84,normalize,date_normalized,"{""event_date"": ""2012-02-17T07:00:00Z""}"
85,normalize,date_normalized,"{""event_date"": ""2018-04-13T06:00:00Z""}"
86,normalize,date_normalized,"{""event_date"": ""2018-04-13T06:00:00Z""}"
87,normalize,date_normalized,"{""event_date"": ""2018-04-13T06:00:00Z""}"
88,normalize,date_normalized,"{""event_date"": ""2018-04-13T06:00:00Z""}"
89,normalize,date_normalized,"{""event_date"": ""2012-02-02T07:00:00Z""}"
90,normalize,date_normalized,"{""event_date"": ""2018-04-13T06:00:00Z""}"
91,normalize,date_normalized,"{""event_date"": ""2018-04-13T06:00:00Z""}"
92,normalize,date_normalized,"{""event_date"": ""2014-10-16T06:00:00Z""}"
93,normalize,date_normalized,"{""event_date"": ""2012-02-17T07:00:00Z""}"
94,normalize,date_normalized,"{""event_date"": ""2018-04-13T06:00:00Z""}"
95,normalize,date_normalized,"{""event_date"": ""2018-04-13T06:00:00Z""}"
96,normalize,date_normalized,"{""event_date"": ""2018-04-13T06:00:00Z""}"
97,normalize,date_normalized,"{""event_date"": ""2012-02-21T07:00:00Z""}"
98,normalize,date_normalized,"{""event_date"": ""2012-02-17T07:00:00Z""}"
99,normalize,date_normalized,"{""event_date"": ""2018-04-13T06:00:00Z""}"
100,normalize,date_normalized,"{""event_date"": ""2018-04-13T06:00:00Z""}"
101,normalize,date_normalized,"{""event_date"": ""2018-04-13T06:00:00Z""}"
102,normalize,date_normalized,"{""event_date"": ""2018-04-13T06:00:00Z""}"
103,normalize,date_normalized,"{""event_date"": ""2013-12-14T07:00:00Z""}"
104,normalize,date_normalized,"{""event_date"": ""2018-04-13T06:00:00Z""}"
105,normalize,date_normalized,"{""event_date"": ""2012-03-26T06:00:00Z""}"
106,normalize,date_normalized,"{""event_date"": ""2011-07-25T06:00:00Z""}"
107,normalize,date_normalized,"{""event_date"": ""2011-11-28T07:00:00Z""}"
108,normalize,date_normalized,"{""event_date"": ""2011-10-31T06:00:00Z""}"
109,normalize,date_normalized,"{""event_date"": ""2011-10-17T06:00:00Z""}"
110,normalize,date_normalized,"{""event_date"": ""2012-03-08T07:00:00Z""}"
111,normalize,date_normalized,"{""event_date"": ""2012-03-08T07:00:00Z""}"
112,normalize,date_normalized,"{""event_date"": ""2009-09-17T06:00:00Z""}"
113,normalize,date_normalized,"{""event_date"": ""2010-12-24T07:00:00Z""}"
114,normalize,date_normalized,"{""event_date"": ""2010-04-05T06:00:00Z""}"
115,normalize,date_normalized,"{""event_date"": ""2011-09-21T06:00:00Z""}"
116,normalize,date_normalized,"{""event_date"": ""2012-04-18T06:00:00Z""}"
117,normalize,date_normalized,"{""event_date"": ""2011-07-25T06:00:00Z""}"
118,normalize,date_normalized,"{""event_date"": ""2012-05-02T06:00:00Z""}"
119,normalize,date_normalized,"{""event_date"": ""2011-03-18T06:00:00Z""}"
120,normalize,date_normalized,"{""event_date"": ""2012-05-02T06:00:00Z""}"
121,normalize,date_normalized,"{""event_date"": ""2012-03-08T07:00:00Z""}"
122,normalize,date_normalized,"{""event_date"": ""2011-10-31T06:00:00Z""}"
123,normalize,date_normalized,"{""event_date"": ""2011-05-06T06:00:00Z""}"
124,normalize,date_normalized,"{""event_date"": ""2011-07-18T06:00:00Z""}"
125,normalize,date_normalized,"{""event_date"": ""2012-01-14T07:00:00Z""}"
126,normalize,date_normalized,"{""event_date"": ""2012-01-03T07:00:00Z""}"
127,normalize,date_normalized,"{""event_date"": ""2018-04-13T06:00:00Z""}"
128,normalize,date_normalized,"{""event_date"": ""2011-07-05T06:00:00Z""}"
129,normalize,date_normalized,"{""event_date"": ""2018-04-13T06:00:00Z""}"
130,normalize,date_normalized,"{""event_date"": ""2013-03-13T06:00:00Z""}"
131,normalize,date_normalized,"{""event_date"": ""2012-10-06T06:00:00Z""}"
132,normalize,date_normalized,"{""event_date"": ""2013-06-15T06:00:00Z""}"
133,normalize,date_normalized,"{""event_date"": ""2018-04-13T06:00:00Z""}"
134,normalize,date_normalized,"{""event_date"": ""2018-04-13T06:00:00Z""}"
135,normalize,date_normalized,"{""event_date"": ""2018-04-13T06:00:00Z""}"
136,normalize,date_normalized,"{""event_date"": ""2015-02-03T07:00:00Z""}"
137,normalize,date_normalized,"{""event_date"": ""2013-06-21T06:00:00Z""}"
138,normalize,date_normalized,"{""event_date"": ""2013-06-01T06:00:00Z""}"
139,normalize,date_normalized,"{""event_date"": ""2008-04-13T06:00:00Z""}"
140,normalize,date_normalized,"{""event_date"": ""2018-04-13T06:00:00Z""}"
141,normalize,date_normalized,"{""event_date"": ""2018-04-13T06:00:00Z""}"
142,normalize,date_normalized,"{""event_date"": ""2010-11-08T07:00:00Z""}"
143,normalize,date_normalized,"{""event_date"": ""2018-04-13T06:00:00Z""}"
144,normalize,date_normalized,"{""event_date"": ""2018-04-13T06:00:00Z""}"
145,normalize,date_normalized,"{""event_date"": ""2013-08-19T06:00:00Z""}"
146,normalize,date_normalized,"{""event_date"": ""2013-05-30T06:00:00Z""}"
147,normalize,date_normalized,"{""event_date"": ""2013-02-21T07:00:00Z""}"
148,normalize,date_normalized,"{""event_date"": ""2012-02-10T07:00:00Z""}"
149,normalize,date_normalized,"{""event_date"": ""2018-04-13T06:00:00Z""}"
150,normalize,date_normalized,"{""event_date"": ""2018-04-13T06:00:00Z""}"
151,normalize,date_normalized,"{""event_date"": ""2012-06-15T06:00:00Z""}"
152,normalize,date_normalized,"{""event_date"": ""2009-08-26T06:00:00Z""}"
153,normalize,date_normalized,"{""event_date"": ""2011-11-20T07:00:00Z""}"
154,normalize,date_normalized,"{""event_date"": ""2012-03-29T06:00:00Z""}"
155,normalize,date_normalized,"{""event_date"": ""2008-09-16T06:00:00Z""}"
156,normalize,date_normalized,"{""event_date"": ""2011-02-25T07:00:00Z""}"
157,normalize,date_normalized,"{""event_date"": ""2018-04-13T06:00:00Z""}"
158,normalize,date_normalized,"{""event_date"": ""2009-12-05T07:00:00Z""}"
159,normalize,date_normalized,"{""event_date"": ""2018-04-13T06:00:00Z""}"
160,normalize,date_normalized,"{""event_date"": ""2011-05-05T06:00:00Z""}"
161,normalize,date_normalized,"{""event_date"": ""2012-03-31T06:00:00Z""}"
162,normalize,date_normalized,"{""event_date"": ""2012-06-09T06:00:00Z""}"
163,normalize,date_normalized,"{""event_date"": ""2018-04-13T06:00:00Z""}"
164,normalize,date_normalized,"{""event_date"": ""2012-05-29T06:00:00Z""}"
165,normalize,date_normalized,"{""event_date"": ""2011-03-09T07:00:00Z""}"
166,normalize,date_normalized,"{""event_date"": ""2011-05-28T06:00:00Z""}"
167,normalize,date_normalized,"{""event_date"": ""2009-01-11T07:00:00Z""}"
168,normalize,date_normalized,"{""event_date"": ""2018-04-13T06:00:00Z""}"
169,normalize,date_normalized,"{""event_date"": ""2009-08-25T06:00:00Z""}"
170,normalize,date_normalized,"{""event_date"": ""2011-03-02T07:00:00Z""}"
171,normalize,date_normalized,"{""event_date"": ""2011-09-28T06:00:00Z""}"
172,normalize,date_normalized,"{""event_date"": ""2012-01-26T07:00:00Z""}"
173,normalize,date_normalized,"{""event_date"": ""2012-03-22T06:00:00Z""}"
174,normalize,date_normalized,"{""event_date"": ""2010-06-18T06:00:00Z""}"
175,normalize,date_normalized,"{""event_date"": ""2018-04-13T06:00:00Z""}"
176,normalize,date_normalized,"{""event_date"": ""2018-04-13T06:00:00Z""}"
177,normalize,date_normalized,"{""event_date"": ""2009-08-26T06:00:00Z""}"
178,normalize,date_normalized,"{""event_date"": ""2009-09-09T06:00:00Z""}"
179,normalize,date_normalized,"{""event_date"": ""2012-03-23T06:00:00Z""}"
180,normalize,date_normalized,"{""event_date"": ""2010-03-15T06:00:00Z""}"
181,normalize,date_normalized,"{""event_date"": ""2018-04-13T06:00:00Z""}"
182,normalize,date_normalized,"{""event_date"": ""2011-05-31T06:00:00Z""}"
183,normalize,date_normalized,"{""event_date"": ""2010-10-26T06:00:00Z""}"
184,normalize,date_normalized,"{""event_date"": ""2011-04-27T06:00:00Z""}"
185,normalize,date_normalized,"{""event_date"": ""2018-04-13T06:00:00Z""}"
186,normalize,date_normalized,"{""event_date"": ""2011-08-16T06:00:00Z""}"
187,normalize,date_normalized,"{""event_date"": ""2010-06-08T06:00:00Z""}"
188,normalize,date_normalized,"{""event_date"": ""2008-06-08T06:00:00Z""}"
189,normalize,date_normalized,"{""event_date"": ""2012-12-04T07:00:00Z""}"
190,normalize,date_normalized,"{""event_date"": ""2010-09-27T06:00:00Z""}"
191,normalize,date_normalized,"{""event_date"": ""2012-05-29T06:00:00Z""}"
192,normalize,date_normalized,"{""event_date"": ""2009-11-18T07:00:00Z""}"
193,normalize,date_normalized,"{""event_date"": ""2011-05-19T06:00:00Z""}"
194,normalize,date_normalized,"{""event_date"": ""2012-11-14T07:00:00Z""}"
195,normalize,date_normalized,"{""event_date"": ""2012-07-03T06:00:00Z""}"
196,normalize,date_normalized,"{""event_date"": ""2012-08-04T06:00:00Z""}"
197,normalize,date_normalized,"{""event_date"": ""2010-10-13T06:00:00Z""}"
198,normalize,date_normalized,"{""event_date"": ""2011-04-13T06:00:00Z""}"
199,normalize,date_normalized,"{""event_date"": ""2015-06-20T06:00:00Z""}"
200,normalize,date_normalized,"{""event_date"": ""2011-10-19T06:00:00Z""}"
201,normalize,date_normalized,"{""event_date"": ""2012-01-10T07:00:00Z""}"
202,normalize,date_normalized,"{""event_date"": ""2018-04-13T06:00:00Z""}"
203,normalize,date_normalized,"{""event_date"": ""2010-09-28T06:00:00Z""}"
204,normalize,date_normalized,"{""event_date"": ""2009-08-25T06:00:00Z""}"
205,normalize,date_normalized,"{""event_date"": ""2011-05-05T06:00:00Z""}"
206,normalize,date_normalized,"{""event_date"": ""2012-05-15T06:00:00Z""}"
207,normalize,date_normalized,"{""event_date"": ""2018-04-13T06:00:00Z""}"
208,normalize,date_normalized,"{""event_date"": ""2008-07-02T06:00:00Z""}"
209,normalize,date_normalized,"{""event_date"": ""2011-11-02T06:00:00Z""}"
210,normalize,date_normalized,"{""event_date"": ""2018-04-13T06:00:00Z""}"
211,normalize,date_normalized,"{""event_date"": ""2018-04-13T06:00:00Z""}"
212,normalize,date_normalized,"{""event_date"": ""2011-11-29T07:00:00Z""}"
213,normalize,date_normalized,"{""event_date"": ""2011-12-16T07:00:00Z""}"
214,normalize,date_normalized,"{""event_date"": ""2012-03-07T07:00:00Z""}"
215,normalize,date_normalized,"{""event_date"": ""2012-01-08T07:00:00Z""}"
216,normalize,date_normalized,"{""event_date"": ""2012-01-14T07:00:00Z""}"
217,normalize,date_normalized,"{""event_date"": ""2012-04-18T06:00:00Z""}"
218,normalize,date_normalized,"{""event_date"": ""2011-05-05T06:00:00Z""}"
219,normalize,date_normalized,"{""event_date"": ""2009-08-16T06:00:00Z""}"
220,normalize,date_normalized,"{""event_date"": ""2018-04-13T06:00:00Z""}"
221,normalize,date_normalized,"{""event_date"": ""2011-04-20T06:00:00Z""}"
222,normalize,date_normalized,"{""event_date"": ""2012-06-09T06:00:00Z""}"
223,normalize,date_normalized,"{""event_date"": ""2018-04-13T06:00:00Z""}"
224,normalize,date_normalized,"{""event_date"": ""2012-08-13T06:00:00Z""}"
225,normalize,date_normalized,"{""event_date"": ""2010-10-21T06:00:00Z""}"
226,normalize,date_normalized,"{""event_date"": ""2009-02-05T07:00:00Z""}"
227,normalize,date_normalized,"{""event_date"": ""2013-02-21T07:00:00Z""}"
228,normalize,date_normalized,"{""event_date"": ""2018-04-13T06:00:00Z""}"
229,normalize,date_normalized,"{""event_date"": ""2010-10-21T06:00:00Z""}"
230,normalize,date_normalized,"{""event_date"": ""2011-10-19T06:00:00Z""}"
231,normalize,date_normalized,"{""event_date"": ""2011-07-11T06:00:00Z""}"
232,normalize,date_normalized,"{""event_date"": ""2012-09-12T06:00:00Z""}"
233,normalize,date_normalized,"{""event_date"": ""2012-03-07T07:00:00Z""}"
234,normalize,date_normalized,"{""event_date"": ""2011-04-08T06:00:00Z""}"
235,normalize,date_normalized,"{""event_date"": ""2009-09-25T06:00:00Z""}"
236,normalize,date_normalized,"{""event_date"": ""2009-04-26T06:00:00Z""}"
237,normalize,date_normalized,"{""event_date"": ""2013-07-26T06:00:00Z""}"
238,normalize,date_normalized,"{""event_date"": ""2018-04-13T06:00:00Z""}"
239,normalize,date_normalized,"{""event_date"": ""2012-07-04T06:00:00Z""}"
240,normalize,date_normalized,"{""event_date"": ""2012-04-24T06:00:00Z""}"
241,normalize,date_normalized,"{""event_date"": ""2010-09-28T06:00:00Z""}"
242,normalize,date_normalized,"{""event_date"": ""2010-06-23T06:00:00Z""}"
243,normalize,date_normalized,"{""event_date"": ""2010-08-18T06:00:00Z""}"
244,normalize,date_normalized,"{""event_date"": ""2011-11-20T07:00:00Z""}"
245,normalize,date_normalized,"{""event_date"": ""2018-04-13T06:00:00Z""}"
246,normalize,date_normalized,"{""event_date"": ""2010-05-19T06:00:00Z""}"
247,normalize,date_normalized,"{""event_date"": ""2009-11-04T07:00:00Z""}"
248,normalize,date_normalized,"{""event_date"": ""2018-04-13T06:00:00Z""}"
249,normalize,date_normalized,"{""event_date"": ""2012-06-09T06:00:00Z""}"
250,normalize,date_normalized,"{""event_date"": ""2018-04-13T06:00:00Z""}"
251,normalize,date_normalized,"{""event_date"": ""2010-03-15T06:00:00Z""}"
252,normalize,date_normalized,"{""event_date"": ""2018-04-13T06:00:00Z""}"
253,normalize,date_normalized,"{""event_date"": ""2018-04-13T06:00:00Z""}"
254,normalize,date_normalized,"{""event_date"": ""2010-10-26T06:00:00Z""}"
255,normalize,date_normalized,"{""event_date"": ""2011-03-02T07:00:00Z""}"
256,normalize,date_normalized,"{""event_date"": ""2011-08-09T06:00:00Z""}"
257,normalize,date_normalized,"{""event_date"": ""2010-12-03T07:00:00Z""}"
258,normalize,date_normalized,"{""event_date"": ""2011-08-05T06:00:00Z""}"
259,normalize,date_normalized,"{""event_date"": ""2011-07-25T06:00:00Z""}"
260,normalize,date_normalized,"{""event_date"": ""2012-06-09T06:00:00Z""}"
261,normalize,date_normalized,"{""event_date"": ""2018-04-13T06:00:00Z""}"
262,normalize,date_normalized,"{""event_date"": ""2011-05-13T06:00:00Z""}"
263,normalize,date_normalized,"{""event_date"": ""2009-08-25T06:00:00Z""}"
264,normalize,date_normalized,"{""event_date"": ""2012-07-12T06:00:00Z""}"
265,normalize,date_normalized,"{""event_date"": ""2012-04-13T06:00:00Z""}"
266,normalize,date_normalized,"{""event_date"": ""2012-03-31T06:00:00Z""}"
267,normalize,date_normalized,"{""event_date"": ""2011-12-16T07:00:00Z""}"
268,normalize,date_normalized,"{""event_date"": ""2010-06-08T06:00:00Z""}"
269,normalize,date_normalized,"{""event_date"": ""2018-04-13T06:00:00Z""}"
270,normalize,date_normalized,"{""event_date"": ""2010-09-28T06:00:00Z""}"
271,normalize,date_normalized,"{""event_date"": ""2012-03-01T07:00:00Z""}"
272,normalize,date_normalized,"{""event_date"": ""2018-04-13T06:00:00Z""}"
273,normalize,date_normalized,"{""event_date"": ""2012-02-22T07:00:00Z""}"
274,normalize,date_normalized,"{""event_date"": ""2011-07-23T06:00:00Z""}"
275,normalize,date_normalized,"{""event_date"": ""2012-07-03T06:00:00Z""}"
276,normalize,date_normalized,"{""event_date"": ""2013-01-24T07:00:00Z""}"
277,normalize,date_normalized,"{""event_date"": ""2018-04-13T06:00:00Z""}"
278,normalize,date_normalized,"{""event_date"": ""2012-04-06T06:00:00Z""}"
279,normalize,date_normalized,"{""event_date"": ""2011-11-20T07:00:00Z""}"
280,normalize,date_normalized,"{""event_date"": ""2012-11-13T07:00:00Z""}"
281,normalize,date_normalized,"{""event_date"": ""2011-08-24T06:00:00Z""}"
282,normalize,date_normalized,"{""event_date"": ""2008-02-19T07:00:00Z""}"
283,normalize,date_normalized,"{""event_date"": ""2009-12-23T07:00:00Z""}"
284,normalize,date_normalized,"{""event_date"": ""2012-06-29T06:00:00Z""}"
285,normalize,date_normalized,"{""event_date"": ""2018-04-13T06:00:00Z""}"
286,normalize,date_normalized,"{""event_date"": ""2010-10-21T06:00:00Z""}"
287,normalize,date_normalized,"{""event_date"": ""2010-05-01T06:00:00Z""}"
288,normalize,date_normalized,"{""event_date"": ""2011-05-05T06:00:00Z""}"
289,normalize,date_normalized,"{""event_date"": ""2011-05-28T06:00:00Z""}"
290,normalize,date_normalized,"{""event_date"": ""2018-04-13T06:00:00Z""}"
291,normalize,date_normalized,"{""event_date"": ""2009-04-27T06:00:00Z""}"
292,normalize,date_normalized,"{""event_date"": ""2009-08-25T06:00:00Z""}"
293,normalize,date_normalized,"{""event_date"": ""2011-04-14T06:00:00Z""}"
294,normalize,date_normalized,"{""event_date"": ""2010-08-16T06:00:00Z""}"
295,normalize,date_normalized,"{""event_date"": ""2011-03-09T07:00:00Z""}"
296,normalize,date_normalized,"{""event_date"": ""2012-03-29T06:00:00Z""}"
297,normalize,date_normalized,"{""event_date"": ""2018-04-13T06:00:00Z""}"
298,normalize,date_normalized,"{""event_date"": ""2012-06-09T06:00:00Z""}"
299,normalize,date_normalized,"{""event_date"": ""2018-04-13T06:00:00Z""}"
300,normalize,date_normalized,"{""event_date"": ""2011-03-09T07:00:00Z""}"
301,normalize,date_normalized,"{""event_date"": ""2011-09-16T06:00:00Z""}"
302,normalize,date_normalized,"{""event_date"": ""2013-07-26T06:00:00Z""}"
303,normalize,date_normalized,"{""event_date"": ""2010-06-08T06:00:00Z""}"
304,normalize,date_normalized,"{""event_date"": ""2010-09-27T06:00:00Z""}"
305,normalize,date_normalized,"{""event_date"": ""2018-04-13T06:00:00Z""}"
306,normalize,date_normalized,"{""event_date"": ""2018-04-13T06:00:00Z""}"
307,normalize,date_normalized,"{""event_date"": ""2011-10-19T06:00:00Z""}"
308,normalize,date_normalized,"{""event_date"": ""2011-03-27T06:00:00Z""}"
309,normalize,date_normalized,"{""event_date"": ""2012-04-13T06:00:00Z""}"
310,normalize,date_normalized,"{""event_date"": ""2012-03-06T07:00:00Z""}"
311,normalize,date_normalized,"{""event_date"": ""2018-04-13T06:00:00Z""}"
312,normalize,date_normalized,"{""event_date"": ""2012-03-31T06:00:00Z""}"
313,normalize,date_normalized,"{""event_date"": ""2018-04-13T06:00:00Z""}"
314,normalize,date_normalized,"{""event_date"": ""2012-08-29T06:00:00Z""}"
315,normalize,date_normalized,"{""event_date"": ""2011-01-11T07:00:00Z""}"
316,normalize,date_normalized,"{""event_date"": ""2010-07-27T06:00:00Z""}"
317,normalize,date_normalized,"{""event_date"": ""2009-06-18T06:00:00Z""}"
318,normalize,date_normalized,"{""event_date"": ""2018-04-13T06:00:00Z""}"
319,normalize,date_normalized,"{""event_date"": ""2011-11-20T07:00:00Z""}"
320,normalize,date_normalized,"{""event_date"": ""2010-09-28T06:00:00Z""}"
321,normalize,date_normalized,"{""event_date"": ""2012-03-26T06:00:00Z""}"
322,normalize,date_normalized,"{""event_date"": ""2018-04-13T06:00:00Z""}"
323,normalize,date_normalized,"{""event_date"": ""2018-04-13T06:00:00Z""}"
324,normalize,date_normalized,"{""event_date"": ""2014-08-29T06:00:00Z""}"
325,normalize,date_normalized,"{""event_date"": ""2012-09-10T06:00:00Z""}"
326,normalize,date_normalized,"{""event_date"": ""2013-01-21T07:00:00Z""}"
327,normalize,date_normalized,"{""event_date"": ""2018-04-13T06:00:00Z""}"
328,normalize,date_normalized,"{""event_date"": ""2011-07-20T06:00:00Z""}"
329,normalize,date_normalized,"{""event_date"": ""2009-11-18T07:00:00Z""}"
330,normalize,date_normalized,"{""event_date"": ""2011-04-20T06:00:00Z""}"
331,normalize,date_normalized,"{""event_date"": ""2009-11-26T07:00:00Z""}"
332,normalize,date_normalized,"{""event_date"": ""2010-05-14T06:00:00Z""}"
333,normalize,date_normalized,"{""event_date"": ""2011-06-02T06:00:00Z""}"
334,normalize,date_normalized,"{""event_date"": ""2012-06-09T06:00:00Z""}"
335,normalize,date_normalized,"{""event_date"": ""2009-11-28T07:00:00Z""}"
336,normalize,date_normalized,"{""event_date"": ""2011-10-28T06:00:00Z""}"
337,normalize,date_normalized,"{""event_date"": ""2012-08-28T06:00:00Z""}"
338,normalize,date_normalized,"{""event_date"": ""2018-04-13T06:00:00Z""}"
339,normalize,date_normalized,"{""event_date"": ""2011-03-29T06:00:00Z""}"
340,normalize,date_normalized,"{""event_date"": ""2012-05-29T06:00:00Z""}"
341,normalize,date_normalized,"{""event_date"": ""2008-02-19T07:00:00Z""}"
342,normalize,date_normalized,"{""event_date"": ""2011-03-09T07:00:00Z""}"
343,normalize,date_normalized,"{""event_date"": ""2012-02-27T07:00:00Z""}"
344,normalize,date_normalized,"{""event_date"": ""2012-04-25T06:00:00Z""}"
345,normalize,date_normalized,"{""event_date"": ""2015-01-20T07:00:00Z""}"
346,normalize,date_normalized,"{""event_date"": ""2011-07-25T06:00:00Z""}"
347,normalize,date_normalized,"{""event_date"": ""2011-04-02T06:00:00Z""}"
348,normalize,date_normalized,"{""event_date"": ""2011-04-20T06:00:00Z""}"
349,normalize,date_normalized,"{""event_date"": ""2011-05-05T06:00:00Z""}"
350,normalize,date_normalized,"{""event_date"": ""2012-02-13T07:00:00Z""}"
351,normalize,date_normalized,"{""event_date"": ""2012-06-09T06:00:00Z""}"
352,normalize,date_normalized,"{""event_date"": ""2011-03-09T07:00:00Z""}"
353,normalize,date_normalized,"{""event_date"": ""2012-06-09T06:00:00Z""}"
354,normalize,date_normalized,"{""event_date"": ""2018-04-13T06:00:00Z""}"
355,normalize,date_normalized,"{""event_date"": ""2009-06-07T06:00:00Z""}"
356,normalize,date_normalized,"{""event_date"": ""2012-06-29T06:00:00Z""}"
357,normalize,date_normalized,"{""event_date"": ""2012-04-25T06:00:00Z""}"
358,normalize,date_normalized,"{""event_date"": ""2012-03-29T06:00:00Z""}"
359,normalize,date_normalized,"{""event_date"": ""2012-06-13T06:00:00Z""}"
360,normalize,date_normalized,"{""event_date"": ""2011-12-16T07:00:00Z""}"
361,normalize,date_normalized,"{""event_date"": ""2012-02-07T07:00:00Z""}"
362,normalize,date_normalized,"{""event_date"": ""2011-06-20T06:00:00Z""}"
363,normalize,date_normalized,"{""event_date"": ""2012-03-04T07:00:00Z""}"
364,normalize,date_normalized,"{""event_date"": ""2012-07-26T06:00:00Z""}"
365,normalize,date_normalized,"{""event_date"": ""2011-03-24T06:00:00Z""}"
366,normalize,date_normalized,"{""event_date"": ""2015-06-20T06:00:00Z""}"
367,normalize,date_normalized,"{""event_date"": ""2011-03-27T06:00:00Z""}"
368,normalize,date_normalized,"{""event_date"": ""2012-03-31T06:00:00Z""}"
369,normalize,date_normalized,"{""event_date"": ""2010-11-17T07:00:00Z""}"
370,normalize,date_normalized,"{""event_date"": ""2011-01-25T07:00:00Z""}"
371,normalize,date_normalized,"{""event_date"": ""2011-10-19T06:00:00Z""}"
372,normalize,date_normalized,"{""event_date"": ""2012-02-08T07:00:00Z""}"
373,normalize,date_normalized,"{""event_date"": ""2012-02-07T07:00:00Z""}"
374,normalize,date_normalized,"{""event_date"": ""2012-03-26T06:00:00Z""}"
375,normalize,date_normalized,"{""event_date"": ""2014-04-18T06:00:00Z""}"
376,normalize,date_normalized,"{""event_date"": ""2011-10-19T06:00:00Z""}"
377,normalize,date_normalized,"{""event_date"": ""2018-04-13T06:00:00Z""}"
378,normalize,date_normalized,"{""event_date"": ""2018-04-13T06:00:00Z""}"
379,normalize,date_normalized,"{""event_date"": ""2018-04-13T06:00:00Z""}"
380,normalize,date_normalized,"{""event_date"": ""2012-03-31T06:00:00Z""}"
381,normalize,date_normalized,"{""event_date"": ""2010-06-08T06:00:00Z""}"
382,normalize,date_normalized,"{""event_date"": ""2009-11-26T07:00:00Z""}"
383,normalize,date_normalized,"{""event_date"": ""2011-10-17T06:00:00Z""}"
384,normalize,date_normalized,"{""event_date"": ""2010-03-25T06:00:00Z""}"
385,normalize,date_normalized,"{""event_date"": ""2009-12-23T07:00:00Z""}"
386,normalize,date_normalized,"{""event_date"": ""2011-12-14T07:00:00Z""}"
387,normalize,date_normalized,"{""event_date"": ""2012-05-29T06:00:00Z""}"
388,normalize,date_normalized,"{""event_date"": ""2012-02-28T07:00:00Z""}"
389,normalize,date_normalized,"{""event_date"": ""2011-04-21T06:00:00Z""}"
390,normalize,date_normalized,"{""event_date"": ""2011-11-03T06:00:00Z""}"
391,normalize,date_normalized,"{""event_date"": ""2011-05-05T06:00:00Z""}"
392,normalize,date_normalized,"{""event_date"": ""2012-04-13T06:00:00Z""}"
393,normalize,date_normalized,"{""event_date"": ""2011-01-21T07:00:00Z""}"
394,normalize,date_normalized,"{""event_date"": ""2012-01-09T07:00:00Z""}"
395,normalize,date_normalized,"{""event_date"": ""2009-07-21T06:00:00Z""}"
396,normalize,date_normalized,"{""event_date"": ""2012-05-23T06:00:00Z""}"
397,normalize,date_normalized,"{""event_date"": ""2009-08-25T06:00:00Z""}"
398,normalize,date_normalized,"{""event_date"": ""2012-04-06T06:00:00Z""}"
399,normalize,date_normalized,"{""event_date"": ""2010-10-21T06:00:00Z""}"
400,normalize,date_normalized,"{""event_date"": ""2012-04-10T06:00:00Z""}"
401,normalize,date_normalized,"{""event_date"": ""2012-05-09T06:00:00Z""}"
402,normalize,date_normalized,"{""event_date"": ""2010-09-28T06:00:00Z""}"
403,normalize,date_normalized,"{""event_date"": ""2018-04-13T06:00:00Z""}"
404,normalize,date_normalized,"{""event_date"": ""2010-07-27T06:00:00Z""}"
405,normalize,date_normalized,"{""event_date"": ""2012-08-10T06:00:00Z""}"
406,normalize,date_normalized,"{""event_date"": ""2013-02-21T07:00:00Z""}"
407,normalize,date_normalized,"{""event_date"": ""2010-09-28T06:00:00Z""}"
408,normalize,date_normalized,"{""event_date"": ""2011-08-31T06:00:00Z""}"
409,normalize,date_normalized,"{""event_date"": ""2012-03-29T06:00:00Z""}"
410,normalize,date_normalized,"{""event_date"": ""2009-12-23T07:00:00Z""}"
411,normalize,date_normalized,"{""event_date"": ""2011-05-05T06:00:00Z""}"
412,normalize,date_normalized,"{""event_date"": ""2009-08-27T06:00:00Z""}"
413,normalize,date_normalized,"{""event_date"": ""2010-06-17T06:00:00Z""}"
414,normalize,date_normalized,"{""event_date"": ""2011-05-19T06:00:00Z""}"
415,normalize,date_normalized,"{""event_date"": ""2011-09-16T06:00:00Z""}"
416,normalize,date_normalized,"{""event_date"": ""2012-08-02T06:00:00Z""}"
417,normalize,date_normalized,"{""event_date"": ""2013-06-22T06:00:00Z""}"
418,normalize,date_normalized,"{""event_date"": ""2012-08-09T06:00:00Z""}"
419,normalize,date_normalized,"{""event_date"": ""2012-01-10T07:00:00Z""}"
420,normalize,date_normalized,"{""event_date"": ""2011-11-20T07:00:00Z""}"
421,normalize,date_normalized,"{""event_date"": ""2010-03-15T06:00:00Z""}"
422,normalize,date_normalized,"{""event_date"": ""2018-04-13T06:00:00Z""}"
423,normalize,date_normalized,"{""event_date"": ""2012-01-17T07:00:00Z""}"
424,normalize,date_normalized,"{""event_date"": ""2011-06-13T06:00:00Z""}"
425,normalize,date_normalized,"{""event_date"": ""2018-04-13T06:00:00Z""}"
426,normalize,date_normalized,"{""event_date"": ""2013-02-21T07:00:00Z""}"
427,normalize,date_normalized,"{""event_date"": ""2012-02-21T07:00:00Z""}"
428,normalize,date_normalized,"{""event_date"": ""2011-03-24T06:00:00Z""}"
429,normalize,date_normalized,"{""event_date"": ""2011-10-19T06:00:00Z""}"
430,normalize,date_normalized,"{""event_date"": ""2012-03-31T06:00:00Z""}"
431,normalize,date_normalized,"{""event_date"": ""2012-06-09T06:00:00Z""}"
432,normalize,date_normalized,"{""event_date"": ""2018-04-13T06:00:00Z""}"
433,normalize,date_normalized,"{""event_date"": ""2012-04-06T06:00:00Z""}"
434,normalize,date_normalized,"{""event_date"": ""2012-06-09T06:00:00Z""}"
435,normalize,date_normalized,"{""event_date"": ""2018-04-13T06:00:00Z""}"
436,normalize,date_normalized,"{""event_date"": ""2011-04-21T06:00:00Z""}"
437,normalize,date_normalized,"{""event_date"": ""2012-11-13T07:00:00Z""}"
438,normalize,date_normalized,"{""event_date"": ""2011-03-14T06:00:00Z""}"
439,normalize,date_normalized,"{""event_date"": ""2008-08-02T06:00:00Z""}"
440,normalize,date_normalized,"{""event_date"": ""2012-03-29T06:00:00Z""}"
441,normalize,date_normalized,"{""event_date"": ""2011-10-19T06:00:00Z""}"
442,normalize,date_normalized,"{""event_date"": ""2012-06-09T06:00:00Z""}"
443,normalize,date_normalized,"{""event_date"": ""2009-08-16T06:00:00Z""}"
444,normalize,date_normalized,"{""event_date"": ""2011-10-19T06:00:00Z""}"
445,normalize,date_normalized,"{""event_date"": ""2012-11-14T07:00:00Z""}"
446,normalize,date_normalized,"{""event_date"": ""2012-08-10T06:00:00Z""}"
447,normalize,date_normalized,"{""event_date"": ""2010-03-12T07:00:00Z""}"
448,normalize,date_normalized,"{""event_date"": ""2010-03-15T06:00:00Z""}"
449,normalize,date_normalized,"{""event_date"": ""2012-08-17T06:00:00Z""}"
450,normalize,date_normalized,"{""event_date"": ""2009-12-23T07:00:00Z""}"
451,normalize,date_normalized,"{""event_date"": ""2012-03-31T06:00:00Z""}"
452,normalize,date_normalized,"{""event_date"": ""2012-06-09T06:00:00Z""}"
453,normalize,date_normalized,"{""event_date"": ""2018-04-13T06:00:00Z""}"
454,normalize,date_normalized,"{""event_date"": ""2012-06-13T06:00:00Z""}"
455,normalize,date_normalized,"{""event_date"": ""2011-01-06T07:00:00Z""}"
456,normalize,date_normalized,"{""event_date"": ""2012-03-31T06:00:00Z""}"
457,normalize,date_normalized,"{""event_date"": ""2009-08-25T06:00:00Z""}"
458,normalize,date_normalized,"{""event_date"": ""2013-02-21T07:00:00Z""}"
459,normalize,date_normalized,"{""event_date"": ""2012-06-09T06:00:00Z""}"
460,normalize,date_normalized,"{""event_date"": ""2011-03-24T06:00:00Z""}"
461,normalize,date_normalized,"{""event_date"": ""2010-08-18T06:00:00Z""}"
462,normalize,date_normalized,"{""event_date"": ""2009-12-23T07:00:00Z""}"
463,normalize,date_normalized,"{""event_date"": ""2018-04-13T06:00:00Z""}"
464,normalize,date_normalized,"{""event_date"": ""2010-10-21T06:00:00Z""}"
465,normalize,date_normalized,"{""event_date"": ""2012-06-15T06:00:00Z""}"
466,normalize,date_normalized,"{""event_date"": ""2012-07-13T06:00:00Z""}"
467,normalize,date_normalized,"{""event_date"": ""2015-07-01T06:00:00Z""}"
468,normalize,date_normalized,"{""event_date"": ""2012-02-09T07:00:00Z""}"
469,normalize,date_normalized,"{""event_date"": ""2018-04-13T06:00:00Z""}"
470,normalize,date_normalized,"{""event_date"": ""2018-04-13T06:00:00Z""}"
471,normalize,date_normalized,"{""event_date"": ""2009-12-05T07:00:00Z""}"
472,normalize,date_normalized,"{""event_date"": ""2018-04-13T06:00:00Z""}"
473,normalize,date_normalized,"{""event_date"": ""2012-06-06T06:00:00Z""}"
474,normalize,date_normalized,"{""event_date"": ""2009-06-18T06:00:00Z""}"
475,normalize,date_normalized,"{""event_date"": ""2011-10-19T06:00:00Z""}"
476,normalize,date_normalized,"{""event_date"": ""2012-07-13T06:00:00Z""}"
477,normalize,date_normalized,"{""event_date"": ""2012-04-13T06:00:00Z""}"
478,normalize,date_normalized,"{""event_date"": ""2013-07-26T06:00:00Z""}"
479,normalize,date_normalized,"{""event_date"": ""2011-03-29T06:00:00Z""}"
480,normalize,date_normalized,"{""event_date"": ""2011-05-05T06:00:00Z""}"
481,normalize,date_normalized,"{""event_date"": ""2011-04-18T06:00:00Z""}"
482,normalize,date_normalized,"{""event_date"": ""2011-06-01T06:00:00Z""}"
483,normalize,date_normalized,"{""event_date"": ""2018-04-13T06:00:00Z""}"
484,normalize,date_normalized,"{""event_date"": ""2012-04-10T06:00:00Z""}"
485,normalize,date_normalized,"{""event_date"": ""2018-04-13T06:00:00Z""}"
486,normalize,date_normalized,"{""event_date"": ""2012-08-13T06:00:00Z""}"
487,normalize,date_normalized,"{""event_date"": ""2018-04-13T06:00:00Z""}"
488,normalize,date_normalized,"{""event_date"": ""2010-03-15T06:00:00Z""}"
489,normalize,date_normalized,"{""event_date"": ""2018-04-13T06:00:00Z""}"
490,normalize,date_normalized,"{""event_date"": ""2011-10-27T06:00:00Z""}"
491,normalize,date_normalized,"{""event_date"": ""2010-08-27T06:00:00Z""}"
492,normalize,date_normalized,"{""event_date"": ""2011-08-24T06:00:00Z""}"
493,normalize,date_normalized,"{""event_date"": ""2011-01-18T07:00:00Z""}"
494,normalize,date_normalized,"{""event_date"": ""2012-09-10T06:00:00Z""}"
495,normalize,date_normalized,"{""event_date"": ""2012-08-29T06:00:00Z""}"
496,normalize,date_normalized,"{""event_date"": ""2012-12-25T07:00:00Z""}"
497,normalize,date_normalized,"{""event_date"": ""2011-12-27T07:00:00Z""}"
498,normalize,date_normalized,"{""event_date"": ""2012-10-25T06:00:00Z""}"
499,normalize,date_normalized,"{""event_date"": ""2010-09-16T06:00:00Z""}"
500,normalize,date_normalized,"{""event_date"": ""2010-11-18T07:00:00Z""}"
501,normalize,date_normalized,"{""event_date"": ""2011-06-20T06:00:00Z""}"
502,normalize,date_normalized,"{""event_date"": ""2012-04-12T06:00:00Z""}"
503,normalize,date_normalized,"{""event_date"": ""2013-02-22T07:00:00Z""}"
504,normalize,date_normalized,"{""event_date"": ""2013-01-31T07:00:00Z""}"
505,normalize,date_normalized,"{""event_date"": ""2013-01-31T07:00:00Z""}"
506,normalize,date_normalized,"{""event_date"": ""2013-03-20T06:00:00Z""}"
507,normalize,date_normalized,"{""event_date"": ""2018-04-13T06:00:00Z""}"
508,normalize,date_normalized,"{""event_date"": ""2013-03-20T06:00:00Z""}"
509,normalize,date_normalized,"{""event_date"": ""2013-12-20T07:00:00Z""}"
510,normalize,date_normalized,"{""event_date"": ""2018-04-13T06:00:00Z""}"
511,normalize,date_normalized,"{""event_date"": ""2015-02-26T07:00:00Z""}"
512,normalize,date_normalized,"{""event_date"": ""2015-06-20T06:00:00Z""}"
513,normalize,date_normalized,"{""event_date"": ""2012-11-13T07:00:00Z""}"
514,normalize,date_normalized,"{""event_date"": ""2012-11-13T07:00:00Z""}"
515,normalize,date_normalized,"{""event_date"": ""2012-09-04T06:00:00Z""}"
516,normalize,date_normalized,"{""event_date"": ""2009-01-26T07:00:00Z""}"
517,normalize,date_normalized,"{""event_date"": ""2010-07-26T06:00:00Z""}"
518,normalize,date_normalized,"{""event_date"": ""2008-04-08T06:00:00Z""}"
519,normalize,date_normalized,"{""event_date"": ""2018-04-13T06:00:00Z""}"
520,normalize,date_normalized,"{""event_date"": ""2012-05-14T06:00:00Z""}"
521,normalize,date_normalized,"{""event_date"": ""2011-05-31T06:00:00Z""}"
522,normalize,date_normalized,"{""event_date"": ""2010-01-25T07:00:00Z""}"
523,normalize,date_normalized,"{""event_date"": ""2013-07-25T06:00:00Z""}"
524,normalize,date_normalized,"{""event_date"": ""2012-11-09T07:00:00Z""}"
525,normalize,date_normalized,"{""event_date"": ""2013-02-21T07:00:00Z""}"
526,normalize,date_normalized,"{""event_date"": ""2018-04-13T06:00:00Z""}"
527,normalize,date_normalized,"{""event_date"": ""2018-04-13T06:00:00Z""}"
528,normalize,date_normalized,"{""event_date"": ""2012-08-30T06:00:00Z""}"
529,normalize,date_normalized,"{""event_date"": ""2010-07-08T06:00:00Z""}"
530,normalize,date_normalized,"{""event_date"": ""2012-11-19T07:00:00Z""}"
531,normalize,date_normalized,"{""event_date"": ""2012-09-07T06:00:00Z""}"
532,normalize,date_normalized,"{""event_date"": ""2010-07-08T06:00:00Z""}"
533,normalize,date_normalized,"{""event_date"": ""2011-10-18T06:00:00Z""}"
534,normalize,date_normalized,"{""event_date"": ""2010-05-10T06:00:00Z""}"
535,normalize,date_normalized,"{""event_date"": ""2013-06-26T06:00:00Z""}"
536,normalize,date_normalized,"{""event_date"": ""2011-01-20T07:00:00Z""}"
537,normalize,date_normalized,"{""event_date"": ""2012-09-19T06:00:00Z""}"
538,normalize,date_normalized,"{""event_date"": ""2010-07-08T06:00:00Z""}"
539,normalize,date_normalized,"{""event_date"": ""2015-04-02T06:00:00Z""}"
540,normalize,date_normalized,"{""event_date"": ""2012-07-10T06:00:00Z""}"
541,normalize,date_normalized,"{""event_date"": ""2013-12-11T07:00:00Z""}"
542,normalize,date_normalized,"{""event_date"": ""2012-05-01T06:00:00Z""}"
543,normalize,date_normalized,"{""event_date"": ""2009-12-21T07:00:00Z""}"
544,normalize,date_normalized,"{""event_date"": ""2012-03-07T07:00:00Z""}"
545,normalize,date_normalized,"{""event_date"": ""2011-03-22T06:00:00Z""}"
546,normalize,date_normalized,"{""event_date"": ""2018-04-13T06:00:00Z""}"
547,normalize,date_normalized,"{""event_date"": ""2011-02-28T07:00:00Z""}"
548,normalize,date_normalized,"{""event_date"": ""2011-05-28T06:00:00Z""}"
549,normalize,date_normalized,"{""event_date"": ""2010-03-26T06:00:00Z""}"
550,normalize,date_normalized,"{""event_date"": ""2009-12-28T07:00:00Z""}"
551,normalize,date_normalized,"{""event_date"": ""2011-12-19T07:00:00Z""}"
552,normalize,date_normalized,"{""event_date"": ""2011-06-09T06:00:00Z""}"
553,normalize,date_normalized,"{""event_date"": ""2009-05-26T06:00:00Z""}"
554,normalize,date_normalized,"{""event_date"": ""2011-08-31T06:00:00Z""}"
555,normalize,date_normalized,"{""event_date"": ""2011-12-19T07:00:00Z""}"
556,normalize,date_normalized,"{""event_date"": ""2009-12-06T07:00:00Z""}"
557,normalize,date_normalized,"{""event_date"": ""2010-06-29T06:00:00Z""}"
558,normalize,date_normalized,"{""event_date"": ""2010-04-02T06:00:00Z""}"
559,normalize,date_normalized,"{""event_date"": ""2014-07-01T06:00:00Z""}"
560,normalize,date_normalized,"{""event_date"": ""2018-04-13T06:00:00Z""}"
561,normalize,date_normalized,"{""event_date"": ""2011-11-15T07:00:00Z""}"
562,normalize,date_normalized,"{""event_date"": ""2012-06-08T06:00:00Z""}"
563,normalize,date_normalized,"{""event_date"": ""2012-03-25T06:00:00Z""}"
564,normalize,date_normalized,"{""event_date"": ""2012-04-20T06:00:00Z""}"
565,normalize,date_normalized,"{""event_date"": ""2012-05-06T06:00:00Z""}"
566,normalize,date_normalized,"{""event_date"": ""2012-08-21T06:00:00Z""}"
567,normalize,date_normalized,"{""event_date"": ""2012-07-20T06:00:00Z""}"
568,normalize,date_normalized,"{""event_date"": ""2012-06-25T06:00:00Z""}"
569,normalize,date_normalized,"{""event_date"": ""2013-08-21T06:00:00Z""}"
570,normalize,date_normalized,"{""event_date"": ""2012-11-13T07:00:00Z""}"
571,normalize,date_normalized,"{""event_date"": ""2012-11-23T07:00:00Z""}"
572,normalize,date_normalized,"{""event_date"": ""2013-10-10T06:00:00Z""}"
573,normalize,date_normalized,"{""event_date"": ""2013-10-24T06:00:00Z""}"
574,normalize,date_normalized,"{""event_date"": ""2010-09-28T06:00:00Z""}"
575,normalize,date_normalized,"{""event_date"": ""2011-09-13T06:00:00Z""}"
576,normalize,date_normalized,"{""event_date"": ""2013-02-01T07:00:00Z""}"
577,normalize,date_normalized,"{""event_date"": ""2018-04-13T06:00:00Z""}"
578,normalize,date_normalized,"{""event_date"": ""2012-08-28T06:00:00Z""}"
579,normalize,date_normalized,"{""event_date"": ""2013-08-29T06:00:00Z""}"
580,normalize,date_normalized,"{""event_date"": ""2012-08-20T06:00:00Z""}"
581,normalize,date_normalized,"{""event_date"": ""2010-08-02T06:00:00Z""}"
582,normalize,date_normalized,"{""event_date"": ""2013-04-17T06:00:00Z""}"
583,normalize,date_normalized,"{""event_date"": ""2013-12-02T07:00:00Z""}"
584,normalize,date_normalized,"{""event_date"": ""2013-08-02T06:00:00Z""}"
585,normalize,date_normalized,"{""event_date"": ""2008-05-08T06:00:00Z""}"
586,normalize,date_normalized,"{""event_date"": ""2015-02-26T07:00:00Z""}"
587,normalize,date_normalized,"{""event_date"": ""2015-02-24T07:00:00Z""}"
588,normalize,date_normalized,"{""event_date"": ""2012-04-27T06:00:00Z""}"
589,normalize,date_normalized,"{""event_date"": ""2013-09-17T06:00:00Z""}"
590,normalize,date_normalized,"{""event_date"": ""2011-06-15T06:00:00Z""}"
591,normalize,date_normalized,"{""event_date"": ""2012-07-03T06:00:00Z""}"
592,normalize,date_normalized,"{""event_date"": ""2018-04-13T06:00:00Z""}"
593,normalize,date_normalized,"{""event_date"": ""2013-01-15T07:00:00Z""}"
594,normalize,date_normalized,"{""event_date"": ""2011-07-22T06:00:00Z""}"
595,normalize,date_normalized,"{""event_date"": ""2018-04-13T06:00:00Z""}"
596,normalize,date_normalized,"{""event_date"": ""2013-06-20T06:00:00Z""}"
597,normalize,date_normalized,"{""event_date"": ""2011-08-05T06:00:00Z""}"
598,normalize,date_normalized,"{""event_date"": ""2010-01-16T07:00:00Z""}"
599,normalize,date_normalized,"{""event_date"": ""2012-10-16T06:00:00Z""}"
600,normalize,date_normalized,"{""event_date"": ""2013-01-23T07:00:00Z""}"
601,normalize,date_normalized,"{""event_date"": ""2012-01-17T07:00:00Z""}"
602,normalize,date_normalized,"{""event_date"": ""2018-04-13T06:00:00Z""}"
603,normalize,date_normalized,"{""event_date"": ""2013-03-18T06:00:00Z""}"
604,normalize,date_normalized,"{""event_date"": ""2018-04-13T06:00:00Z""}"
605,normalize,date_normalized,"{""event_date"": ""2011-03-16T06:00:00Z""}"
606,normalize,date_normalized,"{""event_date"": ""2013-05-03T06:00:00Z""}"
607,normalize,date_normalized,"{""event_date"": ""2018-04-13T06:00:00Z""}"
608,normalize,date_normalized,"{""event_date"": ""2011-07-22T06:00:00Z""}"
609,normalize,date_normalized,"{""event_date"": ""2011-10-22T06:00:00Z""}"
610,normalize,date_normalized,"{""event_date"": ""2011-08-05T06:00:00Z""}"
611,normalize,date_normalized,"{""event_date"": ""2012-07-17T06:00:00Z""}"
612,normalize,date_normalized,"{""event_date"": ""2013-06-21T06:00:00Z""}"
613,normalize,date_normalized,"{""event_date"": ""2011-06-19T06:00:00Z""}"
614,normalize,date_normalized,"{""event_date"": ""2008-10-02T06:00:00Z""}"
615,normalize,date_normalized,"{""event_date"": ""2012-07-16T06:00:00Z""}"
616,normalize,date_normalized,"{""event_date"": ""2018-04-13T06:00:00Z""}"
617,normalize,date_normalized,"{""event_date"": ""2012-10-17T06:00:00Z""}"
618,normalize,date_normalized,"{""event_date"": ""2012-07-26T06:00:00Z""}"
619,normalize,date_normalized,"{""event_date"": ""2018-04-13T06:00:00Z""}"
620,normalize,date_normalized,"{""event_date"": ""2008-11-05T07:00:00Z""}"
621,normalize,date_normalized,"{""event_date"": ""2013-01-16T07:00:00Z""}"
622,normalize,date_normalized,"{""event_date"": ""2018-04-13T06:00:00Z""}"
623,normalize,date_normalized,"{""event_date"": ""2013-06-09T06:00:00Z""}"
624,normalize,date_normalized,"{""event_date"": ""2018-04-13T06:00:00Z""}"
625,normalize,date_normalized,"{""event_date"": ""2013-06-19T06:00:00Z""}"
626,normalize,date_normalized,"{""event_date"": ""2012-04-12T06:00:00Z""}"
627,normalize,date_normalized,"{""event_date"": ""2012-06-04T06:00:00Z""}"
628,normalize,date_normalized,"{""event_date"": ""2018-04-13T06:00:00Z""}"
629,normalize,date_normalized,"{""event_date"": ""2018-04-13T06:00:00Z""}"
630,normalize,date_normalized,"{""event_date"": ""2012-08-30T06:00:00Z""}"
631,normalize,date_normalized,"{""event_date"": ""2013-12-26T07:00:00Z""}"
632,normalize,date_normalized,"{""event_date"": ""2013-01-16T07:00:00Z""}"
633,normalize,date_normalized,"{""event_date"": ""2012-11-23T07:00:00Z""}"
634,normalize,date_normalized,"{""event_date"": ""2013-01-08T07:00:00Z""}"
635,normalize,date_normalized,"{""event_date"": ""2013-06-09T06:00:00Z""}"
636,normalize,date_normalized,"{""event_date"": ""2013-02-04T07:00:00Z""}"
637,normalize,date_normalized,"{""event_date"": ""2012-07-26T06:00:00Z""}"
638,normalize,date_normalized,"{""event_date"": ""2011-09-16T06:00:00Z""}"
639,normalize,date_normalized,"{""event_date"": ""2012-06-04T06:00:00Z""}"
640,normalize,date_normalized,"{""event_date"": ""2018-04-13T06:00:00Z""}"
641,normalize,date_normalized,"{""event_date"": ""2018-04-13T06:00:00Z""}"
642,normalize,date_normalized,"{""event_date"": ""2012-10-25T06:00:00Z""}"
643,normalize,date_normalized,"{""event_date"": ""2011-09-23T06:00:00Z""}"
644,normalize,date_normalized,"{""event_date"": ""2013-01-14T07:00:00Z""}"
645,normalize,date_normalized,"{""event_date"": ""2013-06-25T06:00:00Z""}"
646,normalize,date_normalized,"{""event_date"": ""2013-07-09T06:00:00Z""}"
647,normalize,date_normalized,"{""event_date"": ""2013-06-26T06:00:00Z""}"
648,normalize,date_normalized,"{""event_date"": ""2013-08-02T06:00:00Z""}"
649,normalize,date_normalized,"{""event_date"": ""2013-03-20T06:00:00Z""}"
650,normalize,date_normalized,"{""event_date"": ""2012-08-27T06:00:00Z""}"
651,normalize,date_normalized,"{""event_date"": ""2012-10-15T06:00:00Z""}"
652,normalize,date_normalized,"{""event_date"": ""2018-04-13T06:00:00Z""}"
653,normalize,date_normalized,"{""event_date"": ""2012-06-18T06:00:00Z""}"
654,normalize,date_normalized,"{""event_date"": ""2013-02-20T07:00:00Z""}"
655,normalize,date_normalized,"{""event_date"": ""2018-04-13T06:00:00Z""}"
656,normalize,date_normalized,"{""event_date"": ""2011-10-13T06:00:00Z""}"
657,normalize,date_normalized,"{""event_date"": ""2013-02-18T07:00:00Z""}"
658,normalize,date_normalized,"{""event_date"": ""2012-03-12T06:00:00Z""}"
659,normalize,date_normalized,"{""event_date"": ""2013-03-20T06:00:00Z""}"
660,normalize,date_normalized,"{""event_date"": ""2012-06-08T06:00:00Z""}"
661,normalize,date_normalized,"{""event_date"": ""2018-04-13T06:00:00Z""}"
662,normalize,date_normalized,"{""event_date"": ""2012-08-27T06:00:00Z""}"
663,normalize,date_normalized,"{""event_date"": ""2018-04-13T06:00:00Z""}"
664,normalize,date_normalized,"{""event_date"": ""2010-02-25T07:00:00Z""}"
665,normalize,date_normalized,"{""event_date"": ""2013-02-16T07:00:00Z""}"
666,normalize,date_normalized,"{""event_date"": ""2012-03-12T06:00:00Z""}"
667,normalize,date_normalized,"{""event_date"": ""2012-06-28T06:00:00Z""}"
668,normalize,date_normalized,"{""event_date"": ""2018-04-13T06:00:00Z""}"
669,normalize,date_normalized,"{""event_date"": ""2013-04-01T06:00:00Z""}"
670,normalize,date_normalized,"{""event_date"": ""2013-03-20T06:00:00Z""}"
671,normalize,date_normalized,"{""event_date"": ""2013-03-20T06:00:00Z""}"
672,normalize,date_normalized,"{""event_date"": ""2013-02-03T07:00:00Z""}"
673,normalize,date_normalized,"{""event_date"": ""2018-04-13T06:00:00Z""}"
674,normalize,date_normalized,"{""event_date"": ""2018-04-13T06:00:00Z""}"
675,normalize,date_normalized,"{""event_date"": ""2009-06-05T06:00:00Z""}"
676,normalize,date_normalized,"{""event_date"": ""2013-02-20T07:00:00Z""}"
677,normalize,date_normalized,"{""event_date"": ""2018-04-13T06:00:00Z""}"
678,normalize,date_normalized,"{""event_date"": ""2012-10-15T06:00:00Z""}"
679,normalize,date_normalized,"{""event_date"": ""2013-02-16T07:00:00Z""}"
680,normalize,date_normalized,"{""event_date"": ""2014-03-08T07:00:00Z""}"
681,normalize,date_normalized,"{""event_date"": ""2013-03-20T06:00:00Z""}"
682,normalize,date_normalized,"{""event_date"": ""2013-02-03T07:00:00Z""}"
683,normalize,date_normalized,"{""event_date"": ""2018-04-13T06:00:00Z""}"
684,normalize,date_normalized,"{""event_date"": ""2012-10-15T06:00:00Z""}"
685,normalize,date_normalized,"{""event_date"": ""2012-07-23T06:00:00Z""}"
686,normalize,date_normalized,"{""event_date"": ""2008-06-08T06:00:00Z""}"
687,normalize,date_normalized,"{""event_date"": ""2015-01-20T07:00:00Z""}"
688,normalize,date_normalized,"{""event_date"": ""2012-04-06T06:00:00Z""}"
689,normalize,date_normalized,"{""event_date"": ""2013-04-13T06:00:00Z""}"
690,normalize,date_normalized,"{""event_date"": ""2012-10-15T06:00:00Z""}"
691,normalize,date_normalized,"{""event_date"": ""2018-04-13T06:00:00Z""}"
692,normalize,date_normalized,"{""event_date"": ""2013-04-13T06:00:00Z""}"
693,normalize,date_normalized,"{""event_date"": ""2013-02-18T07:00:00Z""}"
694,normalize,date_normalized,"{""event_date"": ""2013-03-25T06:00:00Z""}"
695,normalize,date_normalized,"{""event_date"": ""2018-04-13T06:00:00Z""}"
696,normalize,date_normalized,"{""event_date"": ""2018-04-13T06:00:00Z""}"
697,normalize,date_normalized,"{""event_date"": ""2012-03-12T06:00:00Z""}"
698,normalize,date_normalized,"{""event_date"": ""2013-02-21T07:00:00Z""}"
699,normalize,date_normalized,"{""event_date"": ""2012-10-15T06:00:00Z""}"
700,normalize,date_normalized,"{""event_date"": ""2012-11-13T07:00:00Z""}"
701,normalize,date_normalized,"{""event_date"": ""2012-12-13T07:00:00Z""}"
702,normalize,date_normalized,"{""event_date"": ""2013-04-03T06:00:00Z""}"
703,normalize,date_normalized,"{""event_date"": ""2013-03-20T06:00:00Z""}"
704,normalize,date_normalized,"{""event_date"": ""2012-10-15T06:00:00Z""}"
705,normalize,date_normalized,"{""event_date"": ""2013-01-08T07:00:00Z""}"
706,normalize,date_normalized,"{""event_date"": ""2012-04-06T06:00:00Z""}"
707,normalize,date_normalized,"{""event_date"": ""2013-01-15T07:00:00Z""}"
708,normalize,date_normalized,"{""event_date"": ""2012-06-29T06:00:00Z""}"
709,normalize,date_normalized,"{""event_date"": ""2013-07-24T06:00:00Z""}"
710,normalize,date_normalized,"{""event_date"": ""2013-04-01T06:00:00Z""}"
711,normalize,date_normalized,"{""event_date"": ""2013-04-03T06:00:00Z""}"
712,normalize,date_normalized,"{""event_date"": ""2012-11-13T07:00:00Z""}"
713,normalize,date_normalized,"{""event_date"": ""2013-03-20T06:00:00Z""}"
714,normalize,date_normalized,"{""event_date"": ""2018-04-13T06:00:00Z""}"
715,normalize,date_normalized,"{""event_date"": ""2011-10-18T06:00:00Z""}"
716,normalize,date_normalized,"{""event_date"": ""2018-04-13T06:00:00Z""}"
717,normalize,date_normalized,"{""event_date"": ""2013-04-01T06:00:00Z""}"
718,normalize,date_normalized,"{""event_date"": ""2013-03-20T06:00:00Z""}"
719,normalize,date_normalized,"{""event_date"": ""2011-10-10T06:00:00Z""}"
720,normalize,date_normalized,"{""event_date"": ""2010-05-24T06:00:00Z""}"
721,normalize,date_normalized,"{""event_date"": ""2013-02-16T07:00:00Z""}"
722,normalize,date_normalized,"{""event_date"": ""2013-02-20T07:00:00Z""}"
723,normalize,date_normalized,"{""event_date"": ""2013-01-08T07:00:00Z""}"
724,normalize,date_normalized,"{""event_date"": ""2018-04-13T06:00:00Z""}"
725,normalize,date_normalized,"{""event_date"": ""2013-04-08T06:00:00Z""}"
726,normalize,date_normalized,"{""event_date"": ""2018-04-13T06:00:00Z""}"
727,normalize,date_normalized,"{""event_date"": ""2013-03-20T06:00:00Z""}"
728,normalize,date_normalized,"{""event_date"": ""2013-03-20T06:00:00Z""}"
729,normalize,date_normalized,"{""event_date"": ""2012-04-06T06:00:00Z""}"
730,normalize,date_normalized,"{""event_date"": ""2012-10-15T06:00:00Z""}"
731,normalize,date_normalized,"{""event_date"": ""2018-04-13T06:00:00Z""}"
732,normalize,date_normalized,"{""event_date"": ""2012-03-12T06:00:00Z""}"
733,normalize,date_normalized,"{""event_date"": ""2011-10-13T06:00:00Z""}"
734,normalize,date_normalized,"{""event_date"": ""2013-02-20T07:00:00Z""}"
735,normalize,date_normalized,"{""event_date"": ""2013-04-13T06:00:00Z""}"
736,normalize,date_normalized,"{""event_date"": ""2011-10-25T06:00:00Z""}"
737,normalize,date_normalized,"{""event_date"": ""2013-03-25T06:00:00Z""}"
738,normalize,date_normalized,"{""event_date"": ""2013-03-20T06:00:00Z""}"
739,normalize,date_normalized,"{""event_date"": ""2012-04-06T06:00:00Z""}"
740,normalize,date_normalized,"{""event_date"": ""2013-02-03T07:00:00Z""}"
741,normalize,date_normalized,"{""event_date"": ""2011-10-19T06:00:00Z""}"
742,normalize,date_normalized,"{""event_date"": ""2013-02-20T07:00:00Z""}"
743,normalize,date_normalized,"{""event_date"": ""2013-01-15T07:00:00Z""}"
744,normalize,date_normalized,"{""event_date"": ""2013-02-20T07:00:00Z""}"
745,normalize,date_normalized,"{""event_date"": ""2013-04-13T06:00:00Z""}"
746,normalize,date_normalized,"{""event_date"": ""2018-04-13T06:00:00Z""}"
747,normalize,date_normalized,"{""event_date"": ""2013-02-03T07:00:00Z""}"
748,normalize,date_normalized,"{""event_date"": ""2013-06-04T06:00:00Z""}"
749,normalize,date_normalized,"{""event_date"": ""2013-04-01T06:00:00Z""}"
750,normalize,date_normalized,"{""event_date"": ""2013-04-01T06:00:00Z""}"
751,normalize,date_normalized,"{""event_date"": ""2012-11-23T07:00:00Z""}"
752,normalize,date_normalized,"{""event_date"": ""2013-04-01T06:00:00Z""}"
753,normalize,date_normalized,"{""event_date"": ""2015-02-26T07:00:00Z""}"
754,normalize,date_normalized,"{""event_date"": ""2013-06-07T06:00:00Z""}"
755,normalize,date_normalized,"{""event_date"": ""2010-09-03T06:00:00Z""}"
756,normalize,date_normalized,"{""event_date"": ""2013-07-11T06:00:00Z""}"
757,normalize,date_normalized,"{""event_date"": ""2013-05-17T06:00:00Z""}"
758,normalize,date_normalized,"{""event_date"": ""2013-07-07T06:00:00Z""}"
759,normalize,date_normalized,"{""event_date"": ""2013-05-14T06:00:00Z""}"
760,normalize,date_normalized,"{""event_date"": ""2013-06-08T06:00:00Z""}"
761,normalize,date_normalized,"{""event_date"": ""2013-08-19T06:00:00Z""}"
762,normalize,date_normalized,"{""event_date"": ""2010-09-03T06:00:00Z""}"
763,normalize,date_normalized,"{""event_date"": ""2013-07-09T06:00:00Z""}"
764,normalize,date_normalized,"{""event_date"": ""2015-01-28T07:00:00Z""}"
765,normalize,date_normalized,"{""event_date"": ""2013-08-19T06:00:00Z""}"
766,normalize,date_normalized,"{""event_date"": ""2013-06-09T06:00:00Z""}"
767,normalize,date_normalized,"{""event_date"": ""2013-05-06T06:00:00Z""}"
768,normalize,date_normalized,"{""event_date"": ""2013-07-09T06:00:00Z""}"
769,normalize,date_normalized,"{""event_date"": ""2013-07-19T06:00:00Z""}"
770,normalize,date_normalized,"{""event_date"": ""2013-08-14T06:00:00Z""}"
771,normalize,date_normalized,"{""event_date"": ""2013-05-14T06:00:00Z""}"
772,normalize,date_normalized,"{""event_date"": ""2013-05-14T06:00:00Z""}"
773,normalize,date_normalized,"{""event_date"": ""2013-05-14T06:00:00Z""}"
774,normalize,date_normalized,"{""event_date"": ""2013-06-04T06:00:00Z""}"
775,normalize,date_normalized,"{""event_date"": ""2015-02-25T07:00:00Z""}"
776,normalize,date_normalized,"{""event_date"": ""2013-05-05T06:00:00Z""}"
777,normalize,date_normalized,"{""event_date"": ""2013-05-14T06:00:00Z""}"
778,normalize,date_normalized,"{""event_date"": ""2013-05-14T06:00:00Z""}"
779,normalize,date_normalized,"{""event_date"": ""2013-07-09T06:00:00Z""}"
780,normalize,date_normalized,"{""event_date"": ""2013-08-15T06:00:00Z""}"
781,normalize,date_normalized,"{""event_date"": ""2013-07-11T06:00:00Z""}"
782,normalize,date_normalized,"{""event_date"": ""2013-07-07T06:00:00Z""}"
783,normalize,date_normalized,"{""event_date"": ""2013-05-21T06:00:00Z""}"
784,normalize,date_normalized,"{""event_date"": ""2018-04-13T06:00:00Z""}"
785,normalize,date_normalized,"{""event_date"": ""2013-08-12T06:00:00Z""}"
786,normalize,date_normalized,"{""event_date"": ""2012-11-12T07:00:00Z""}"
787,normalize,date_normalized,"{""event_date"": ""2013-07-10T06:00:00Z""}"
788,normalize,date_normalized,"{""event_date"": ""2013-05-21T06:00:00Z""}"
789,normalize,date_normalized,"{""event_date"": ""2013-09-11T06:00:00Z""}"
790,normalize,date_normalized,"{""event_date"": ""2012-02-23T07:00:00Z""}"
791,normalize,date_normalized,"{""event_date"": ""2009-08-07T06:00:00Z""}"
792,normalize,date_normalized,"{""event_date"": ""2013-02-18T07:00:00Z""}"
793,normalize,date_normalized,"{""event_date"": ""2013-01-18T07:00:00Z""}"
794,normalize,date_normalized,"{""event_date"": ""2018-04-13T06:00:00Z""}"
795,normalize,date_normalized,"{""event_date"": ""2013-02-21T07:00:00Z""}"
796,normalize,date_normalized,"{""event_date"": ""2018-04-13T06:00:00Z""}"
797,normalize,date_normalized,"{""event_date"": ""2009-07-21T06:00:00Z""}"
798,normalize,date_normalized,"{""event_date"": ""2012-02-28T07:00:00Z""}"
799,normalize,date_normalized,"{""event_date"": ""2018-04-13T06:00:00Z""}"
800,normalize,date_normalized,"{""event_date"": ""2013-02-27T07:00:00Z""}"
801,normalize,date_normalized,"{""event_date"": ""2013-04-03T06:00:00Z""}"
802,normalize,date_normalized,"{""event_date"": ""2010-03-03T07:00:00Z""}"
803,normalize,date_normalized,"{""event_date"": ""2010-03-29T06:00:00Z""}"
804,normalize,date_normalized,"{""event_date"": ""2009-08-12T06:00:00Z""}"
805,normalize,date_normalized,"{""event_date"": ""2009-08-10T06:00:00Z""}"
806,normalize,date_normalized,"{""event_date"": ""2010-03-03T07:00:00Z""}"
807,normalize,date_normalized,"{""event_date"": ""2010-03-29T06:00:00Z""}"
808,normalize,date_normalized,"{""event_date"": ""2009-11-01T06:00:00Z""}"
809,normalize,date_normalized,"{""event_date"": ""2015-06-20T06:00:00Z""}"
810,normalize,date_normalized,"{""event_date"": ""2010-03-03T07:00:00Z""}"
811,normalize,date_normalized,"{""event_date"": ""2011-01-20T07:00:00Z""}"
812,normalize,date_normalized,"{""event_date"": ""2009-08-10T06:00:00Z""}"
813,normalize,date_normalized,"{""event_date"": ""2010-03-03T07:00:00Z""}"
814,normalize,date_normalized,"{""event_date"": ""2011-02-25T07:00:00Z""}"
815,normalize,date_normalized,"{""event_date"": ""2010-04-28T06:00:00Z""}"
816,normalize,date_normalized,"{""event_date"": ""2010-03-29T06:00:00Z""}"
817,normalize,date_normalized,"{""event_date"": ""2011-01-20T07:00:00Z""}"
818,normalize,date_normalized,"{""event_date"": ""2010-03-29T06:00:00Z""}"
819,normalize,date_normalized,"{""event_date"": ""2011-01-21T07:00:00Z""}"
820,normalize,date_normalized,"{""event_date"": ""2012-06-18T06:00:00Z""}"
821,normalize,date_normalized,"{""event_date"": ""2010-03-05T07:00:00Z""}"
822,normalize,date_normalized,"{""event_date"": ""2009-11-01T06:00:00Z""}"
823,normalize,date_normalized,"{""event_date"": ""2011-01-21T07:00:00Z""}"
824,normalize,date_normalized,"{""event_date"": ""2009-06-10T06:00:00Z""}"
825,normalize,date_normalized,"{""event_date"": ""2010-03-29T06:00:00Z""}"
826,normalize,date_normalized,"{""event_date"": ""2010-03-03T07:00:00Z""}"
827,normalize,date_normalized,"{""event_date"": ""2010-04-28T06:00:00Z""}"
828,normalize,date_normalized,"{""event_date"": ""2010-11-22T07:00:00Z""}"
829,normalize,date_normalized,"{""event_date"": ""2010-10-21T06:00:00Z""}"
830,normalize,date_normalized,"{""event_date"": ""2011-02-17T07:00:00Z""}"
831,normalize,date_normalized,"{""event_date"": ""2015-02-27T07:00:00Z""}"
832,normalize,date_normalized,"{""event_date"": ""2010-03-03T07:00:00Z""}"
833,normalize,date_normalized,"{""event_date"": ""2011-01-21T07:00:00Z""}"
834,normalize,date_normalized,"{""event_date"": ""2009-10-07T06:00:00Z""}"
835,normalize,date_normalized,"{""event_date"": ""2009-01-16T07:00:00Z""}"
836,normalize,date_normalized,"{""event_date"": ""2011-01-20T07:00:00Z""}"
837,normalize,date_normalized,"{""event_date"": ""2010-03-29T06:00:00Z""}"
838,normalize,date_normalized,"{""event_date"": ""2010-11-17T07:00:00Z""}"
839,normalize,date_normalized,"{""event_date"": ""2009-07-10T06:00:00Z""}"
840,normalize,date_normalized,"{""event_date"": ""2009-11-05T07:00:00Z""}"
841,normalize,date_normalized,"{""event_date"": ""2010-04-28T06:00:00Z""}"
842,normalize,date_normalized,"{""event_date"": ""2013-07-26T06:00:00Z""}"
843,normalize,date_normalized,"{""event_date"": ""2010-04-28T06:00:00Z""}"
844,normalize,date_normalized,"{""event_date"": ""2009-10-29T06:00:00Z""}"
845,normalize,date_normalized,"{""event_date"": ""2009-07-29T06:00:00Z""}"
846,normalize,date_normalized,"{""event_date"": ""2010-03-29T06:00:00Z""}"
847,normalize,date_normalized,"{""event_date"": ""2010-12-01T07:00:00Z""}"
848,normalize,date_normalized,"{""event_date"": ""2010-03-29T06:00:00Z""}"
849,normalize,date_normalized,"{""event_date"": ""2011-01-21T07:00:00Z""}"
850,normalize,date_normalized,"{""event_date"": ""2010-04-28T06:00:00Z""}"
851,normalize,date_normalized,"{""event_date"": ""2011-01-20T07:00:00Z""}"
852,normalize,date_normalized,"{""event_date"": ""2012-11-13T07:00:00Z""}"
853,normalize,date_normalized,"{""event_date"": ""2011-01-20T07:00:00Z""}"
854,normalize,date_normalized,"{""event_date"": ""2010-06-03T06:00:00Z""}"
855,normalize,date_normalized,"{""event_date"": ""2010-12-01T07:00:00Z""}"
856,normalize,date_normalized,"{""event_date"": ""2009-07-29T06:00:00Z""}"
857,normalize,date_normalized,"{""event_date"": ""2009-11-05T07:00:00Z""}"
858,normalize,date_normalized,"{""event_date"": ""2010-11-22T07:00:00Z""}"
859,normalize,date_normalized,"{""event_date"": ""2010-03-29T06:00:00Z""}"
860,normalize,date_normalized,"{""event_date"": ""2010-03-03T07:00:00Z""}"
861,normalize,date_normalized,"{""event_date"": ""2011-01-20T07:00:00Z""}"
862,normalize,date_normalized,"{""event_date"": ""2010-12-01T07:00:00Z""}"
863,normalize,date_normalized,"{""event_date"": ""2013-02-20T07:00:00Z""}"
864,normalize,date_normalized,"{""event_date"": ""2010-11-22T07:00:00Z""}"
865,normalize,date_normalized,"{""event_date"": ""2010-03-05T07:00:00Z""}"
866,normalize,date_normalized,"{""event_date"": ""2011-01-20T07:00:00Z""}"
867,normalize,date_normalized,"{""event_date"": ""2010-11-22T07:00:00Z""}"
868,normalize,date_normalized,"{""event_date"": ""2010-04-28T06:00:00Z""}"
869,normalize,date_normalized,"{""event_date"": ""2011-01-21T07:00:00Z""}"
870,normalize,date_normalized,"{""event_date"": ""2010-05-12T06:00:00Z""}"
871,normalize,date_normalized,"{""event_date"": ""2011-01-21T07:00:00Z""}"
872,normalize,date_normalized,"{""event_date"": ""2010-04-28T06:00:00Z""}"
873,normalize,date_normalized,"{""event_date"": ""2011-01-21T07:00:00Z""}"
874,normalize,date_normalized,"{""event_date"": ""2013-02-21T07:00:00Z""}"
875,normalize,date_normalized,"{""event_date"": ""2009-11-01T06:00:00Z""}"
876,normalize,date_normalized,"{""event_date"": ""2010-04-28T06:00:00Z""}"
877,normalize,date_normalized,"{""event_date"": ""2010-03-03T07:00:00Z""}"
878,normalize,date_normalized,"{""event_date"": ""2011-01-20T07:00:00Z""}"
879,normalize,date_normalized,"{""event_date"": ""2010-03-29T06:00:00Z""}"
880,normalize,date_normalized,"{""event_date"": ""2009-06-17T06:00:00Z""}"
881,normalize,date_normalized,"{""event_date"": ""2010-11-22T07:00:00Z""}"
882,normalize,date_normalized,"{""event_date"": ""2009-06-16T06:00:00Z""}"
883,normalize,date_normalized,"{""event_date"": ""2018-04-13T06:00:00Z""}"
884,normalize,date_normalized,"{""event_date"": ""2010-03-29T06:00:00Z""}"
885,normalize,date_normalized,"{""event_date"": ""2010-03-25T06:00:00Z""}"
886,normalize,date_normalized,"{""event_date"": ""2009-11-05T07:00:00Z""}"
887,normalize,date_normalized,"{""event_date"": ""2010-11-22T07:00:00Z""}"
888,normalize,date_normalized,"{""event_date"": ""2011-02-17T07:00:00Z""}"
889,normalize,date_normalized,"{""event_date"": ""2010-03-05T07:00:00Z""}"
890,normalize,date_normalized,"{""event_date"": ""2010-03-03T07:00:00Z""}"
891,normalize,date_normalized,"{""event_date"": ""2010-04-28T06:00:00Z""}"
892,normalize,date_normalized,"{""event_date"": ""2010-03-03T07:00:00Z""}"
893,normalize,date_normalized,"{""event_date"": ""2011-01-20T07:00:00Z""}"
894,normalize,date_normalized,"{""event_date"": ""2010-03-29T06:00:00Z""}"
895,normalize,date_normalized,"{""event_date"": ""2010-11-22T07:00:00Z""}"
896,normalize,date_normalized,"{""event_date"": ""2013-02-21T07:00:00Z""}"
897,normalize,date_normalized,"{""event_date"": ""2009-07-10T06:00:00Z""}"
898,normalize,date_normalized,"{""event_date"": ""2010-03-03T07:00:00Z""}"
899,normalize,date_normalized,"{""event_date"": ""2010-03-29T06:00:00Z""}"
900,normalize,date_normalized,"{""event_date"": ""2010-04-28T06:00:00Z""}"
901,normalize,date_normalized,"{""event_date"": ""2009-06-15T06:00:00Z""}"
902,normalize,date_normalized,"{""event_date"": ""2011-02-17T07:00:00Z""}"
903,normalize,date_normalized,"{""event_date"": ""2010-12-01T07:00:00Z""}"
904,normalize,date_normalized,"{""event_date"": ""2010-04-28T06:00:00Z""}"
905,normalize,date_normalized,"{""event_date"": ""2011-02-17T07:00:00Z""}"
906,normalize,date_normalized,"{""event_date"": ""2010-03-03T07:00:00Z""}"
907,normalize,date_normalized,"{""event_date"": ""2008-10-01T06:00:00Z""}"
908,normalize,date_normalized,"{""event_date"": ""2012-05-23T06:00:00Z""}"
909,normalize,date_normalized,"{""event_date"": ""2010-11-22T07:00:00Z""}"
910,normalize,date_normalized,"{""event_date"": ""2010-04-28T06:00:00Z""}"
911,normalize,date_normalized,"{""event_date"": ""2010-03-05T07:00:00Z""}"
912,normalize,date_normalized,"{""event_date"": ""2010-11-22T07:00:00Z""}"
913,normalize,date_normalized,"{""event_date"": ""2009-11-05T07:00:00Z""}"
914,normalize,date_normalized,"{""event_date"": ""2010-11-22T07:00:00Z""}"
915,normalize,date_normalized,"{""event_date"": ""2012-02-08T07:00:00Z""}"
916,normalize,date_normalized,"{""event_date"": ""2009-06-17T06:00:00Z""}"
917,normalize,date_normalized,"{""event_date"": ""2010-03-29T06:00:00Z""}"
918,normalize,date_normalized,"{""event_date"": ""2010-04-28T06:00:00Z""}"
919,normalize,date_normalized,"{""event_date"": ""2013-02-21T07:00:00Z""}"
920,normalize,date_normalized,"{""event_date"": ""2010-12-01T07:00:00Z""}"
921,normalize,date_normalized,"{""event_date"": ""2009-06-17T06:00:00Z""}"
922,normalize,date_normalized,"{""event_date"": ""2011-01-21T07:00:00Z""}"
923,normalize,date_normalized,"{""event_date"": ""2011-03-01T07:00:00Z""}"
924,normalize,date_normalized,"{""event_date"": ""2009-06-25T06:00:00Z""}"
925,normalize,date_normalized,"{""event_date"": ""2010-11-22T07:00:00Z""}"
926,normalize,date_normalized,"{""event_date"": ""2010-04-28T06:00:00Z""}"
927,normalize,date_normalized,"{""event_date"": ""2010-12-01T07:00:00Z""}"
928,normalize,date_normalized,"{""event_date"": ""2010-12-09T07:00:00Z""}"
929,normalize,date_normalized,"{""event_date"": ""2010-08-30T06:00:00Z""}"
930,normalize,date_normalized,"{""event_date"": ""2015-07-01T06:00:00Z""}"
931,normalize,date_normalized,"{""event_date"": ""2011-02-17T07:00:00Z""}"
932,normalize,date_normalized,"{""event_date"": ""2010-03-29T06:00:00Z""}"
933,normalize,date_normalized,"{""event_date"": ""2010-11-22T07:00:00Z""}"
934,normalize,date_normalized,"{""event_date"": ""2009-06-17T06:00:00Z""}"
935,normalize,date_normalized,"{""event_date"": ""2009-06-22T06:00:00Z""}"
936,normalize,date_normalized,"{""event_date"": ""2010-06-03T06:00:00Z""}"
937,normalize,date_normalized,"{""event_date"": ""2010-11-22T07:00:00Z""}"
938,normalize,date_normalized,"{""event_date"": ""2010-03-03T07:00:00Z""}"
939,normalize,date_normalized,"{""event_date"": ""2009-10-07T06:00:00Z""}"
940,normalize,date_normalized,"{""event_date"": ""2011-01-20T07:00:00Z""}"
941,normalize,date_normalized,"{""event_date"": ""2012-11-13T07:00:00Z""}"
942,normalize,date_normalized,"{""event_date"": ""2009-10-29T06:00:00Z""}"
943,normalize,date_normalized,"{""event_date"": ""2009-09-28T06:00:00Z""}"
944,normalize,date_normalized,"{""event_date"": ""2009-06-17T06:00:00Z""}"
945,normalize,date_normalized,"{""event_date"": ""2010-11-22T07:00:00Z""}"
946,normalize,date_normalized,"{""event_date"": ""2009-08-10T06:00:00Z""}"
947,normalize,date_normalized,"{""event_date"": ""2009-11-01T06:00:00Z""}"
948,normalize,date_normalized,"{""event_date"": ""2010-03-03T07:00:00Z""}"
949,normalize,date_normalized,"{""event_date"": ""2010-03-03T07:00:00Z""}"
950,normalize,date_normalized,"{""event_date"": ""2010-04-28T06:00:00Z""}"
951,normalize,date_normalized,"{""event_date"": ""2011-01-21T07:00:00Z""}"
952,normalize,date_normalized,"{""event_date"": ""2015-07-01T06:00:00Z""}"
953,normalize,date_normalized,"{""event_date"": ""2010-03-03T07:00:00Z""}"
954,normalize,date_normalized,"{""event_date"": ""2009-06-22T06:00:00Z""}"
955,normalize,date_normalized,"{""event_date"": ""2010-03-29T06:00:00Z""}"
956,normalize,date_normalized,"{""event_date"": ""2010-04-28T06:00:00Z""}"
957,normalize,date_normalized,"{""event_date"": ""2010-12-01T07:00:00Z""}"
958,normalize,date_normalized,"{""event_date"": ""2010-03-29T06:00:00Z""}"
959,normalize,date_normalized,"{""event_date"": ""2009-07-10T06:00:00Z""}"
960,normalize,date_normalized,"{""event_date"": ""2011-01-20T07:00:00Z""}"
961,normalize,date_normalized,"{""event_date"": ""2010-06-25T06:00:00Z""}"
962,normalize,date_normalized,"{""event_date"": ""2009-06-09T06:00:00Z""}"
963,normalize,date_normalized,"{""event_date"": ""2014-08-27T06:00:00Z""}"
964,normalize,date_normalized,"{""event_date"": ""2011-01-17T07:00:00Z""}"
965,normalize,date_normalized,"{""event_date"": ""2010-11-22T07:00:00Z""}"
966,normalize,date_normalized,"{""event_date"": ""2010-03-05T07:00:00Z""}"
967,normalize,date_normalized,"{""event_date"": ""2010-03-03T07:00:00Z""}"
968,normalize,date_normalized,"{""event_date"": ""2010-04-28T06:00:00Z""}"
969,normalize,date_normalized,"{""event_date"": ""2009-06-17T06:00:00Z""}"
970,normalize,date_normalized,"{""event_date"": ""2010-03-05T07:00:00Z""}"
971,normalize,date_normalized,"{""event_date"": ""2010-10-21T06:00:00Z""}"
972,normalize,date_normalized,"{""event_date"": ""2012-01-06T07:00:00Z""}"
973,normalize,date_normalized,"{""event_date"": ""2010-11-22T07:00:00Z""}"
974,normalize,date_normalized,"{""event_date"": ""2013-02-21T07:00:00Z""}"
975,normalize,date_normalized,"{""event_date"": ""2010-03-03T07:00:00Z""}"
976,normalize,date_normalized,"{""event_date"": ""2010-03-29T06:00:00Z""}"
977,normalize,date_normalized,"{""event_date"": ""2009-09-28T06:00:00Z""}"
978,normalize,date_normalized,"{""event_date"": ""2011-03-01T07:00:00Z""}"
979,normalize,date_normalized,"{""event_date"": ""2011-03-01T07:00:00Z""}"
980,normalize,date_normalized,"{""event_date"": ""2010-03-05T07:00:00Z""}"
981,normalize,date_normalized,"{""event_date"": ""2010-12-09T07:00:00Z""}"
982,normalize,date_normalized,"{""event_date"": ""2010-11-22T07:00:00Z""}"
983,normalize,date_normalized,"{""event_date"": ""2011-02-17T07:00:00Z""}"
984,normalize,date_normalized,"{""event_date"": ""2010-03-03T07:00:00Z""}"
985,normalize,date_normalized,"{""event_date"": ""2012-05-23T06:00:00Z""}"
986,normalize,date_normalized,"{""event_date"": ""2010-12-01T07:00:00Z""}"
987,normalize,date_normalized,"{""event_date"": ""2010-03-29T06:00:00Z""}"
988,normalize,date_normalized,"{""event_date"": ""2009-07-29T06:00:00Z""}"
989,normalize,date_normalized,"{""event_date"": ""2010-03-03T07:00:00Z""}"
990,normalize,date_normalized,"{""event_date"": ""2010-03-03T07:00:00Z""}"
991,normalize,date_normalized,"{""event_date"": ""2009-09-23T06:00:00Z""}"
992,normalize,date_normalized,"{""event_date"": ""2009-07-29T06:00:00Z""}"
993,normalize,date_normalized,"{""event_date"": ""2010-11-22T07:00:00Z""}"
994,normalize,date_normalized,"{""event_date"": ""2011-01-20T07:00:00Z""}"
995,normalize,date_normalized,"{""event_date"": ""2010-12-01T07:00:00Z""}"
996,normalize,date_normalized,"{""event_date"": ""2013-03-23T06:00:00Z""}"
997,normalize,date_normalized,"{""event_date"": ""2009-07-29T06:00:00Z""}"
998,normalize,date_normalized,"{""event_date"": ""2010-03-05T07:00:00Z""}"
999,normalize,date_normalized,"{""event_date"": ""2010-03-29T06:00:00Z""}"
1000,normalize,date_normalized,"{""event_date"": ""2010-03-03T07:00:00Z""}"
1001,normalize,date_normalized,"{""event_date"": ""2009-06-10T06:00:00Z""}"
1002,normalize,date_normalized,"{""event_date"": ""2009-01-16T07:00:00Z""}"
1003,normalize,date_normalized,"{""event_date"": ""2010-03-05T07:00:00Z""}"
1004,normalize,date_normalized,"{""event_date"": ""2010-03-03T07:00:00Z""}"
1005,normalize,date_normalized,"{""event_date"": ""2010-04-28T06:00:00Z""}"
1006,normalize,date_normalized,"{""event_date"": ""2009-08-12T06:00:00Z""}"
1007,normalize,date_normalized,"{""event_date"": ""2012-05-14T06:00:00Z""}"
1008,normalize,date_normalized,"{""event_date"": ""2011-02-17T07:00:00Z""}"
1009,normalize,date_normalized,"{""event_date"": ""2010-03-03T07:00:00Z""}"
1010,normalize,date_normalized,"{""event_date"": ""2009-10-29T06:00:00Z""}"
1011,normalize,date_normalized,"{""event_date"": ""2011-02-17T07:00:00Z""}"
1012,normalize,date_normalized,"{""event_date"": ""2011-03-01T07:00:00Z""}"
1013,normalize,date_normalized,"{""event_date"": ""2010-11-22T07:00:00Z""}"
1014,normalize,date_normalized,"{""event_date"": ""2011-02-17T07:00:00Z""}"
1015,normalize,date_normalized,"{""event_date"": ""2010-04-28T06:00:00Z""}"
1016,normalize,date_normalized,"{""event_date"": ""2009-07-29T06:00:00Z""}"
1017,normalize,date_normalized,"{""event_date"": ""2011-01-20T07:00:00Z""}"
1018,normalize,date_normalized,"{""event_date"": ""2009-07-20T06:00:00Z""}"
1019,normalize,date_normalized,"{""event_date"": ""2012-01-24T07:00:00Z""}"
1020,normalize,date_normalized,"{""event_date"": ""2010-03-03T07:00:00Z""}"
1021,normalize,date_normalized,"{""event_date"": ""2011-01-20T07:00:00Z""}"
1022,normalize,date_normalized,"{""event_date"": ""2010-07-21T06:00:00Z""}"
1023,normalize,date_normalized,"{""event_date"": ""2010-04-28T06:00:00Z""}"
1024,normalize,date_normalized,"{""event_date"": ""2009-07-10T06:00:00Z""}"
1025,normalize,date_normalized,"{""event_date"": ""2010-03-29T06:00:00Z""}"
1026,normalize,date_normalized,"{""event_date"": ""2010-03-03T07:00:00Z""}"
1027,normalize,date_normalized,"{""event_date"": ""2009-10-07T06:00:00Z""}"
1028,normalize,date_normalized,"{""event_date"": ""2009-11-05T07:00:00Z""}"
1029,normalize,date_normalized,"{""event_date"": ""2010-04-28T06:00:00Z""}"
1030,normalize,date_normalized,"{""event_date"": ""2011-11-16T07:00:00Z""}"
1031,normalize,date_normalized,"{""event_date"": ""2009-07-10T06:00:00Z""}"
1032,normalize,date_normalized,"{""event_date"": ""2010-03-03T07:00:00Z""}"
1033,normalize,date_normalized,"{""event_date"": ""2010-04-28T06:00:00Z""}"
1034,normalize,date_normalized,"{""event_date"": ""2009-07-29T06:00:00Z""}"
1035,normalize,date_normalized,"{""event_date"": ""2010-03-05T07:00:00Z""}"
1036,normalize,date_normalized,"{""event_date"": ""2011-01-21T07:00:00Z""}"
1037,normalize,date_normalized,"{""event_date"": ""2011-01-21T07:00:00Z""}"
1038,normalize,date_normalized,"{""event_date"": ""2010-03-29T06:00:00Z""}"
1039,normalize,date_normalized,"{""event_date"": ""2009-07-29T06:00:00Z""}"
1040,normalize,date_normalized,"{""event_date"": ""2009-07-29T06:00:00Z""}"
1041,normalize,date_normalized,"{""event_date"": ""2013-07-26T06:00:00Z""}"
1042,normalize,date_normalized,"{""event_date"": ""2009-08-12T06:00:00Z""}"
1043,normalize,date_normalized,"{""event_date"": ""2010-03-29T06:00:00Z""}"
1044,normalize,date_normalized,"{""event_date"": ""2010-03-29T06:00:00Z""}"
1045,normalize,date_normalized,"{""event_date"": ""2010-03-29T06:00:00Z""}"
1046,normalize,date_normalized,"{""event_date"": ""2011-01-20T07:00:00Z""}"
1047,normalize,date_normalized,"{""event_date"": ""2009-10-29T06:00:00Z""}"
1048,normalize,date_normalized,"{""event_date"": ""2009-06-17T06:00:00Z""}"
1049,normalize,date_normalized,"{""event_date"": ""2010-03-03T07:00:00Z""}"
1050,normalize,date_normalized,"{""event_date"": ""2009-06-15T06:00:00Z""}"
1051,normalize,date_normalized,"{""event_date"": ""2010-11-22T07:00:00Z""}"
1052,normalize,date_normalized,"{""event_date"": ""2018-04-13T06:00:00Z""}"
1053,normalize,date_normalized,"{""event_date"": ""2011-02-20T07:00:00Z""}"
1054,normalize,date_normalized,"{""event_date"": ""2010-12-01T07:00:00Z""}"
1055,normalize,date_normalized,"{""event_date"": ""2011-01-20T07:00:00Z""}"
1056,normalize,date_normalized,"{""event_date"": ""2010-03-03T07:00:00Z""}"
1057,normalize,date_normalized,"{""event_date"": ""2010-11-22T07:00:00Z""}"
1058,normalize,date_normalized,"{""event_date"": ""2010-12-01T07:00:00Z""}"
1059,normalize,date_normalized,"{""event_date"": ""2010-06-03T06:00:00Z""}"
1060,normalize,date_normalized,"{""event_date"": ""2010-11-22T07:00:00Z""}"
1061,normalize,date_normalized,"{""event_date"": ""2010-04-28T06:00:00Z""}"
1062,normalize,date_normalized,"{""event_date"": ""2011-03-21T06:00:00Z""}"
1063,normalize,date_normalized,"{""event_date"": ""2014-03-13T06:00:00Z""}"
1064,normalize,date_normalized,"{""event_date"": ""2010-12-30T07:00:00Z""}"
1065,normalize,date_normalized,"{""event_date"": ""2010-04-28T06:00:00Z""}"
1066,normalize,date_normalized,"{""event_date"": ""2010-04-28T06:00:00Z""}"
1067,normalize,date_normalized,"{""event_date"": ""2011-01-21T07:00:00Z""}"
1068,normalize,date_normalized,"{""event_date"": ""2011-03-01T07:00:00Z""}"
1069,normalize,date_normalized,"{""event_date"": ""2010-10-21T06:00:00Z""}"
1070,normalize,date_normalized,"{""event_date"": ""2010-03-03T07:00:00Z""}"
1071,normalize,date_normalized,"{""event_date"": ""2010-03-05T07:00:00Z""}"
1072,normalize,date_normalized,"{""event_date"": ""2009-08-12T06:00:00Z""}"
1073,normalize,date_normalized,"{""event_date"": ""2010-05-12T06:00:00Z""}"
1074,normalize,date_normalized,"{""event_date"": ""2013-07-05T06:00:00Z""}"
1075,normalize,date_normalized,"{""event_date"": ""2010-03-29T06:00:00Z""}"
1076,normalize,date_normalized,"{""event_date"": ""2010-03-03T07:00:00Z""}"
1077,normalize,date_normalized,"{""event_date"": ""2010-03-03T07:00:00Z""}"
1078,normalize,date_normalized,"{""event_date"": ""2010-03-05T07:00:00Z""}"
1079,normalize,date_normalized,"{""event_date"": ""2009-07-29T06:00:00Z""}"
1080,normalize,date_normalized,"{""event_date"": ""2010-03-03T07:00:00Z""}"
1081,normalize,date_normalized,"{""event_date"": ""2010-12-01T07:00:00Z""}"
1082,normalize,date_normalized,"{""event_date"": ""2009-08-12T06:00:00Z""}"
1083,normalize,date_normalized,"{""event_date"": ""2009-07-10T06:00:00Z""}"
1084,normalize,date_normalized,"{""event_date"": ""2010-11-22T07:00:00Z""}"
1085,normalize,date_normalized,"{""event_date"": ""2008-11-10T07:00:00Z""}"
1086,normalize,date_normalized,"{""event_date"": ""2011-04-07T06:00:00Z""}"
1087,normalize,date_normalized,"{""event_date"": ""2012-02-08T07:00:00Z""}"
1088,normalize,date_normalized,"{""event_date"": ""2010-03-05T07:00:00Z""}"
1089,normalize,date_normalized,"{""event_date"": ""2010-08-30T06:00:00Z""}"
1090,normalize,date_normalized,"{""event_date"": ""2010-04-28T06:00:00Z""}"
1091,normalize,date_normalized,"{""event_date"": ""2011-01-21T07:00:00Z""}"
1092,normalize,date_normalized,"{""event_date"": ""2011-01-20T07:00:00Z""}"
1093,normalize,date_normalized,"{""event_date"": ""2011-01-21T07:00:00Z""}"
1094,normalize,date_normalized,"{""event_date"": ""2010-03-29T06:00:00Z""}"
1095,normalize,date_normalized,"{""event_date"": ""2010-03-29T06:00:00Z""}"
1096,normalize,date_normalized,"{""event_date"": ""2010-05-18T06:00:00Z""}"
1097,normalize,date_normalized,"{""event_date"": ""2009-07-29T06:00:00Z""}"
1098,normalize,date_normalized,"{""event_date"": ""2009-06-17T06:00:00Z""}"
1099,normalize,date_normalized,"{""event_date"": ""2011-01-20T07:00:00Z""}"
1100,normalize,date_normalized,"{""event_date"": ""2010-11-22T07:00:00Z""}"
1101,normalize,date_normalized,"{""event_date"": ""2010-04-28T06:00:00Z""}"
1102,normalize,date_normalized,"{""event_date"": ""2011-01-20T07:00:00Z""}"
1103,normalize,date_normalized,"{""event_date"": ""2010-04-28T06:00:00Z""}"
1104,normalize,date_normalized,"{""event_date"": ""2009-06-11T06:00:00Z""}"
1105,normalize,date_normalized,"{""event_date"": ""2009-07-29T06:00:00Z""}"
1106,normalize,date_normalized,"{""event_date"": ""2009-10-29T06:00:00Z""}"
1107,normalize,date_normalized,"{""event_date"": ""2010-07-26T06:00:00Z""}"
1108,normalize,date_normalized,"{""event_date"": ""2010-07-20T06:00:00Z""}"
1109,normalize,date_normalized,"{""event_date"": ""2010-12-01T07:00:00Z""}"
1110,normalize,date_normalized,"{""event_date"": ""2009-06-07T06:00:00Z""}"
1111,normalize,date_normalized,"{""event_date"": ""2009-07-29T06:00:00Z""}"
1112,normalize,date_normalized,"{""event_date"": ""2011-02-17T07:00:00Z""}"
1113,normalize,date_normalized,"{""event_date"": ""2010-03-03T07:00:00Z""}"
1114,normalize,date_normalized,"{""event_date"": ""2010-07-21T06:00:00Z""}"
1115,normalize,date_normalized,"{""event_date"": ""2010-11-22T07:00:00Z""}"
1116,normalize,date_normalized,"{""event_date"": ""2010-05-12T06:00:00Z""}"
1117,normalize,date_normalized,"{""event_date"": ""2010-11-22T07:00:00Z""}"
1118,normalize,date_normalized,"{""event_date"": ""2012-05-23T06:00:00Z""}"
1119,normalize,date_normalized,"{""event_date"": ""2011-01-20T07:00:00Z""}"
1120,normalize,date_normalized,"{""event_date"": ""2009-11-01T06:00:00Z""}"
1121,normalize,date_normalized,"{""event_date"": ""2009-07-29T06:00:00Z""}"
1122,normalize,date_normalized,"{""event_date"": ""2009-07-29T06:00:00Z""}"
1123,normalize,date_normalized,"{""event_date"": ""2010-11-22T07:00:00Z""}"
1124,normalize,date_normalized,"{""event_date"": ""2010-11-22T07:00:00Z""}"
1125,normalize,date_normalized,"{""event_date"": ""2009-11-05T07:00:00Z""}"
1126,normalize,date_normalized,"{""event_date"": ""2010-03-05T07:00:00Z""}"
1127,normalize,date_normalized,"{""event_date"": ""2010-03-29T06:00:00Z""}"
1128,normalize,date_normalized,"{""event_date"": ""2010-03-03T07:00:00Z""}"
1129,normalize,date_normalized,"{""event_date"": ""2013-03-23T06:00:00Z""}"
1130,normalize,date_normalized,"{""event_date"": ""2010-04-28T06:00:00Z""}"
1131,normalize,date_normalized,"{""event_date"": ""2011-01-21T07:00:00Z""}"
1132,normalize,date_normalized,"{""event_date"": ""2009-07-29T06:00:00Z""}"
1133,normalize,date_normalized,"{""event_date"": ""2010-04-28T06:00:00Z""}"
1134,normalize,date_normalized,"{""event_date"": ""2009-06-22T06:00:00Z""}"
1135,normalize,date_normalized,"{""event_date"": ""2009-11-05T07:00:00Z""}"
1136,normalize,date_normalized,"{""event_date"": ""2010-11-22T07:00:00Z""}"
1137,normalize,date_normalized,"{""event_date"": ""2010-04-28T06:00:00Z""}"
1138,normalize,date_normalized,"{""event_date"": ""2010-04-28T06:00:00Z""}"
1139,normalize,date_normalized,"{""event_date"": ""2009-07-29T06:00:00Z""}"
1140,normalize,date_normalized,"{""event_date"": ""2010-04-28T06:00:00Z""}"
1141,normalize,date_normalized,"{""event_date"": ""2010-12-01T07:00:00Z""}"
1142,normalize,date_normalized,"{""event_date"": ""2010-12-09T07:00:00Z""}"
1143,normalize,date_normalized,"{""event_date"": ""2010-03-03T07:00:00Z""}"
1144,normalize,date_normalized,"{""event_date"": ""2010-03-03T07:00:00Z""}"
1145,normalize,date_normalized,"{""event_date"": ""2011-01-21T07:00:00Z""}"
1146,normalize,date_normalized,"{""event_date"": ""2011-01-20T07:00:00Z""}"
1147,normalize,date_normalized,"{""event_date"": ""2010-11-22T07:00:00Z""}"
1148,normalize,date_normalized,"{""event_date"": ""2011-01-20T07:00:00Z""}"
1149,normalize,date_normalized,"{""event_date"": ""2010-04-28T06:00:00Z""}"
1150,normalize,date_normalized,"{""event_date"": ""2012-07-27T06:00:00Z""}"
1151,normalize,date_normalized,"{""event_date"": ""2011-01-21T07:00:00Z""}"
1152,normalize,date_normalized,"{""event_date"": ""2011-03-21T06:00:00Z""}"
1153,normalize,date_normalized,"{""event_date"": ""2010-04-28T06:00:00Z""}"
1154,normalize,date_normalized,"{""event_date"": ""2011-01-21T07:00:00Z""}"
1155,normalize,date_normalized,"{""event_date"": ""2009-07-08T06:00:00Z""}"
1156,normalize,date_normalized,"{""event_date"": ""2011-01-21T07:00:00Z""}"
1157,normalize,date_normalized,"{""event_date"": ""2011-01-21T07:00:00Z""}"
1158,normalize,date_normalized,"{""event_date"": ""2011-01-20T07:00:00Z""}"
1159,normalize,date_normalized,"{""event_date"": ""2011-02-17T07:00:00Z""}"
1160,normalize,date_normalized,"{""event_date"": ""2010-11-22T07:00:00Z""}"
1161,normalize,date_normalized,"{""event_date"": ""2012-11-13T07:00:00Z""}"
1162,normalize,date_normalized,"{""event_date"": ""2011-01-21T07:00:00Z""}"
1163,normalize,date_normalized,"{""event_date"": ""2010-11-22T07:00:00Z""}"
1164,normalize,date_normalized,"{""event_date"": ""2009-06-10T06:00:00Z""}"
1165,normalize,date_normalized,"{""event_date"": ""2010-12-07T07:00:00Z""}"
1166,normalize,date_normalized,"{""event_date"": ""2009-11-01T06:00:00Z""}"
1167,normalize,date_normalized,"{""event_date"": ""2010-03-29T06:00:00Z""}"
1168,normalize,date_normalized,"{""event_date"": ""2010-03-05T07:00:00Z""}"
1169,normalize,date_normalized,"{""event_date"": ""2010-03-29T06:00:00Z""}"
1170,normalize,date_normalized,"{""event_date"": ""2010-03-05T07:00:00Z""}"
1171,normalize,date_normalized,"{""event_date"": ""2009-07-29T06:00:00Z""}"
1172,normalize,date_normalized,"{""event_date"": ""2011-04-07T06:00:00Z""}"
1173,normalize,date_normalized,"{""event_date"": ""2012-05-08T06:00:00Z""}"
1174,normalize,date_normalized,"{""event_date"": ""2011-01-20T07:00:00Z""}"
1175,normalize,date_normalized,"{""event_date"": ""2010-04-28T06:00:00Z""}"
1176,normalize,date_normalized,"{""event_date"": ""2009-06-10T06:00:00Z""}"
1177,normalize,date_normalized,"{""event_date"": ""2009-07-29T06:00:00Z""}"
1178,normalize,date_normalized,"{""event_date"": ""2009-05-02T06:00:00Z""}"
1179,normalize,date_normalized,"{""event_date"": ""2010-11-22T07:00:00Z""}"
1180,normalize,date_normalized,"{""event_date"": ""2009-06-16T06:00:00Z""}"
1181,normalize,date_normalized,"{""event_date"": ""2010-03-03T07:00:00Z""}"
1182,normalize,date_normalized,"{""event_date"": ""2010-04-05T06:00:00Z""}"
1183,normalize,date_normalized,"{""event_date"": ""2010-03-29T06:00:00Z""}"
1184,normalize,date_normalized,"{""event_date"": ""2011-01-21T07:00:00Z""}"
1185,normalize,date_normalized,"{""event_date"": ""2010-03-05T07:00:00Z""}"
1186,normalize,date_normalized,"{""event_date"": ""2010-12-09T07:00:00Z""}"
1187,normalize,date_normalized,"{""event_date"": ""2010-04-28T06:00:00Z""}"
1188,normalize,date_normalized,"{""event_date"": ""2010-12-09T07:00:00Z""}"
1189,normalize,date_normalized,"{""event_date"": ""2010-03-29T06:00:00Z""}"
1190,normalize,date_normalized,"{""event_date"": ""2009-11-01T06:00:00Z""}"
1191,normalize,date_normalized,"{""event_date"": ""2009-06-10T06:00:00Z""}"
1192,normalize,date_normalized,"{""event_date"": ""2011-01-20T07:00:00Z""}"
1193,normalize,date_normalized,"{""event_date"": ""2013-02-21T07:00:00Z""}"
1194,normalize,date_normalized,"{""event_date"": ""2010-10-21T06:00:00Z""}"
1195,normalize,date_normalized,"{""event_date"": ""2010-12-01T07:00:00Z""}"
1196,normalize,date_normalized,"{""event_date"": ""2011-01-21T07:00:00Z""}"
1197,normalize,date_normalized,"{""event_date"": ""2010-04-28T06:00:00Z""}"
1198,normalize,date_normalized,"{""event_date"": ""2010-03-03T07:00:00Z""}"
1199,normalize,date_normalized,"{""event_date"": ""2010-11-17T07:00:00Z""}"
1200,normalize,date_normalized,"{""event_date"": ""2010-12-30T07:00:00Z""}"
1201,normalize,date_normalized,"{""event_date"": ""2010-03-29T06:00:00Z""}"
1202,normalize,date_normalized,"{""event_date"": ""2010-03-29T06:00:00Z""}"
1203,normalize,date_normalized,"{""event_date"": ""2010-03-03T07:00:00Z""}"
1204,normalize,date_normalized,"{""event_date"": ""2008-11-12T07:00:00Z""}"
1205,normalize,date_normalized,"{""event_date"": ""2010-03-29T06:00:00Z""}"
1206,normalize,date_normalized,"{""event_date"": ""2011-01-20T07:00:00Z""}"
1207,normalize,date_normalized,"{""event_date"": ""2011-02-17T07:00:00Z""}"
1208,normalize,date_normalized,"{""event_date"": ""2010-12-01T07:00:00Z""}"
1209,normalize,date_normalized,"{""event_date"": ""2011-02-17T07:00:00Z""}"
1210,normalize,date_normalized,"{""event_date"": ""2011-02-17T07:00:00Z""}"
1211,normalize,date_normalized,"{""event_date"": ""2012-05-08T06:00:00Z""}"
1212,normalize,date_normalized,"{""event_date"": ""2010-06-03T06:00:00Z""}"
1213,normalize,date_normalized,"{""event_date"": ""2010-03-03T07:00:00Z""}"
1214,normalize,date_normalized,"{""event_date"": ""2010-11-22T07:00:00Z""}"
1215,normalize,date_normalized,"{""event_date"": ""2011-06-20T06:00:00Z""}"
1216,normalize,date_normalized,"{""event_date"": ""2010-04-28T06:00:00Z""}"
1217,normalize,date_normalized,"{""event_date"": ""2010-12-09T07:00:00Z""}"
1218,normalize,date_normalized,"{""event_date"": ""2009-06-17T06:00:00Z""}"
1219,normalize,date_normalized,"{""event_date"": ""2010-03-03T07:00:00Z""}"
1220,normalize,date_normalized,"{""event_date"": ""2010-12-01T07:00:00Z""}"
1221,normalize,date_normalized,"{""event_date"": ""2009-08-10T06:00:00Z""}"
1222,normalize,date_normalized,"{""event_date"": ""2010-03-05T07:00:00Z""}"
1223,normalize,date_normalized,"{""event_date"": ""2010-03-29T06:00:00Z""}"
1224,normalize,date_normalized,"{""event_date"": ""2010-12-01T07:00:00Z""}"
1225,normalize,date_normalized,"{""event_date"": ""2010-12-01T07:00:00Z""}"
1226,normalize,date_normalized,"{""event_date"": ""2013-12-23T07:00:00Z""}"
1227,normalize,date_normalized,"{""event_date"": ""2011-03-01T07:00:00Z""}"
1228,normalize,date_normalized,"{""event_date"": ""2010-04-28T06:00:00Z""}"
1229,normalize,date_normalized,"{""event_date"": ""2010-03-29T06:00:00Z""}"
1230,normalize,date_normalized,"{""event_date"": ""2010-03-03T07:00:00Z""}"
1231,normalize,date_normalized,"{""event_date"": ""2009-07-10T06:00:00Z""}"
1232,normalize,date_normalized,"{""event_date"": ""2009-07-29T06:00:00Z""}"
1233,normalize,date_normalized,"{""event_date"": ""2010-04-28T06:00:00Z""}"
1234,normalize,date_normalized,"{""event_date"": ""2011-01-20T07:00:00Z""}"
1235,normalize,date_normalized,"{""event_date"": ""2010-03-03T07:00:00Z""}"
1236,normalize,date_normalized,"{""event_date"": ""2010-04-28T06:00:00Z""}"
1237,normalize,date_normalized,"{""event_date"": ""2009-07-21T06:00:00Z""}"
1238,normalize,date_normalized,"{""event_date"": ""2013-01-18T07:00:00Z""}"
1239,normalize,date_normalized,"{""event_date"": ""2010-03-03T07:00:00Z""}"
1240,normalize,date_normalized,"{""event_date"": ""2010-03-05T07:00:00Z""}"
1241,normalize,date_normalized,"{""event_date"": ""2009-07-29T06:00:00Z""}"
1242,normalize,date_normalized,"{""event_date"": ""2010-03-05T07:00:00Z""}"
1243,normalize,date_normalized,"{""event_date"": ""2009-07-29T06:00:00Z""}"
1244,normalize,date_normalized,"{""event_date"": ""2010-03-05T07:00:00Z""}"
1245,normalize,date_normalized,"{""event_date"": ""2009-06-17T06:00:00Z""}"
1246,normalize,date_normalized,"{""event_date"": ""2011-01-21T07:00:00Z""}"
1247,normalize,date_normalized,"{""event_date"": ""2009-06-17T06:00:00Z""}"
1248,normalize,date_normalized,"{""event_date"": ""2010-03-05T07:00:00Z""}"
1249,normalize,date_normalized,"{""event_date"": ""2009-09-08T06:00:00Z""}"
1250,normalize,date_normalized,"{""event_date"": ""2010-04-28T06:00:00Z""}"
1251,normalize,date_normalized,"{""event_date"": ""2010-04-28T06:00:00Z""}"
1252,normalize,date_normalized,"{""event_date"": ""2011-01-21T07:00:00Z""}"
1253,normalize,date_normalized,"{""event_date"": ""2009-08-12T06:00:00Z""}"
1254,normalize,date_normalized,"{""event_date"": ""2010-06-03T06:00:00Z""}"
1255,normalize,date_normalized,"{""event_date"": ""2010-11-22T07:00:00Z""}"
1256,normalize,date_normalized,"{""event_date"": ""2010-04-28T06:00:00Z""}"
1257,normalize,date_normalized,"{""event_date"": ""2010-12-01T07:00:00Z""}"
1258,normalize,date_normalized,"{""event_date"": ""2011-03-21T06:00:00Z""}"
1259,normalize,date_normalized,"{""event_date"": ""2010-03-29T06:00:00Z""}"
1260,normalize,date_normalized,"{""event_date"": ""2015-02-26T07:00:00Z""}"
1261,normalize,date_normalized,"{""event_date"": ""2009-06-10T06:00:00Z""}"
1262,normalize,date_normalized,"{""event_date"": ""2011-01-20T07:00:00Z""}"
1263,normalize,date_normalized,"{""event_date"": ""2010-04-28T06:00:00Z""}"
1264,normalize,date_normalized,"{""event_date"": ""2010-11-22T07:00:00Z""}"
1265,normalize,date_normalized,"{""event_date"": ""2010-12-30T07:00:00Z""}"
1266,normalize,date_normalized,"{""event_date"": ""2010-11-22T07:00:00Z""}"
1267,normalize,date_normalized,"{""event_date"": ""2010-12-01T07:00:00Z""}"
1268,normalize,date_normalized,"{""event_date"": ""2010-04-28T06:00:00Z""}"
1269,normalize,date_normalized,"{""event_date"": ""2010-12-01T07:00:00Z""}"
1270,normalize,date_normalized,"{""event_date"": ""2011-01-21T07:00:00Z""}"
1271,normalize,date_normalized,"{""event_date"": ""2010-05-24T06:00:00Z""}"
1272,normalize,date_normalized,"{""event_date"": ""2013-06-01T06:00:00Z""}"
1273,normalize,date_normalized,"{""event_date"": ""2013-05-20T06:00:00Z""}"
1274,normalize,date_normalized,"{""event_date"": ""2013-02-02T07:00:00Z""}"
1275,normalize,date_normalized,"{""event_date"": ""2012-06-09T06:00:00Z""}"
1276,normalize,date_normalized,"{""event_date"": ""2018-04-13T06:00:00Z""}"
1277,normalize,date_normalized,"{""event_date"": ""2012-06-09T06:00:00Z""}"
1278,normalize,date_normalized,"{""event_date"": ""2018-04-13T06:00:00Z""}"
1279,normalize,date_normalized,"{""event_date"": ""2018-04-13T06:00:00Z""}"
1280,normalize,date_normalized,"{""event_date"": ""2018-04-13T06:00:00Z""}"
1281,normalize,date_normalized,"{""event_date"": ""2012-06-09T06:00:00Z""}"
1282,normalize,date_normalized,"{""event_date"": ""2013-07-26T06:00:00Z""}"
1283,normalize,date_normalized,"{""event_date"": ""2018-04-13T06:00:00Z""}"
1284,normalize,date_normalized,"{""event_date"": ""2018-04-13T06:00:00Z""}"
1285,normalize,date_normalized,"{""event_date"": ""2012-06-09T06:00:00Z""}"
1286,normalize,date_normalized,"{""event_date"": ""2018-04-13T06:00:00Z""}"
1287,normalize,date_normalized,"{""event_date"": ""2012-12-20T07:00:00Z""}"
1288,normalize,date_normalized,"{""event_date"": ""2012-02-02T07:00:00Z""}"
1289,normalize,date_normalized,"{""event_date"": ""2012-06-09T06:00:00Z""}"
1290,normalize,date_normalized,"{""event_date"": ""2018-04-13T06:00:00Z""}"
1291,normalize,date_normalized,"{""event_date"": ""2018-04-13T06:00:00Z""}"
1292,normalize,date_normalized,"{""event_date"": ""2018-04-13T06:00:00Z""}"
1293,normalize,date_normalized,"{""event_date"": ""2009-07-03T06:00:00Z""}"
1294,normalize,date_normalized,"{""event_date"": ""2012-06-09T06:00:00Z""}"
1295,normalize,date_normalized,"{""event_date"": ""2012-09-26T06:00:00Z""}"
1296,normalize,date_normalized,"{""event_date"": ""2011-10-20T06:00:00Z""}"
1297,normalize,date_normalized,"{""event_date"": ""2018-04-13T06:00:00Z""}"
1298,normalize,date_normalized,"{""event_date"": ""2012-07-05T06:00:00Z""}"
1299,normalize,date_normalized,"{""event_date"": ""2010-03-15T06:00:00Z""}"
1300,normalize,date_normalized,"{""event_date"": ""2012-02-18T07:00:00Z""}"
1301,normalize,date_normalized,"{""event_date"": ""2012-06-09T06:00:00Z""}"
1302,normalize,date_normalized,"{""event_date"": ""2018-04-13T06:00:00Z""}"
1303,normalize,date_normalized,"{""event_date"": ""2013-02-21T07:00:00Z""}"
1304,normalize,date_normalized,"{""event_date"": ""2012-02-17T07:00:00Z""}"
1305,normalize,date_normalized,"{""event_date"": ""2018-04-13T06:00:00Z""}"
1306,normalize,date_normalized,"{""event_date"": ""2018-04-13T06:00:00Z""}"
1307,normalize,date_normalized,"{""event_date"": ""2018-04-13T06:00:00Z""}"
1308,normalize,date_normalized,"{""event_date"": ""2010-03-15T06:00:00Z""}"
1309,normalize,date_normalized,"{""event_date"": ""2018-04-13T06:00:00Z""}"
1310,normalize,date_normalized,"{""event_date"": ""2018-04-13T06:00:00Z""}"
1311,normalize,date_normalized,"{""event_date"": ""2013-05-20T06:00:00Z""}"
1312,normalize,date_normalized,"{""event_date"": ""2012-11-23T07:00:00Z""}"
1313,normalize,date_normalized,"{""event_date"": ""2010-04-12T06:00:00Z""}"
1314,normalize,date_normalized,"{""event_date"": ""2013-05-15T06:00:00Z""}"
1315,normalize,date_normalized,"{""event_date"": ""2012-03-02T07:00:00Z""}"
1316,normalize,date_normalized,"{""event_date"": ""2013-08-12T06:00:00Z""}"
1317,normalize,date_normalized,"{""event_date"": ""2013-08-19T06:00:00Z""}"
1318,normalize,date_normalized,"{""event_date"": ""2013-08-19T06:00:00Z""}"
1319,normalize,date_normalized,"{""event_date"": ""2013-04-13T06:00:00Z""}"
1320,normalize,date_normalized,"{""event_date"": ""2013-08-19T06:00:00Z""}"
1321,normalize,date_normalized,"{""event_date"": ""2013-08-19T06:00:00Z""}"
1322,normalize,date_normalized,"{""event_date"": ""2013-08-19T06:00:00Z""}"
1323,normalize,date_normalized,"{""event_date"": ""2013-08-19T06:00:00Z""}"
1324,normalize,date_normalized,"{""event_date"": ""2013-06-22T06:00:00Z""}"
1325,normalize,date_normalized,"{""event_date"": ""2013-08-19T06:00:00Z""}"
1326,normalize,date_normalized,"{""event_date"": ""2013-09-13T06:00:00Z""}"
1327,normalize,date_normalized,"{""event_date"": ""2011-12-14T07:00:00Z""}"
1328,normalize,date_normalized,"{""event_date"": ""2011-04-26T06:00:00Z""}"
1329,normalize,date_normalized,"{""event_date"": ""2011-12-08T07:00:00Z""}"
1330,normalize,date_normalized,"{""event_date"": ""2011-12-08T07:00:00Z""}"
1331,normalize,date_normalized,"{""event_date"": ""2013-09-10T06:00:00Z""}"
1332,normalize,date_normalized,"{""event_date"": ""2012-06-09T06:00:00Z""}"
1333,normalize,date_normalized,"{""event_date"": ""2018-04-13T06:00:00Z""}"
1334,normalize,date_normalized,"{""event_date"": ""2009-12-04T07:00:00Z""}"
1335,normalize,date_normalized,"{""event_date"": ""2012-06-09T06:00:00Z""}"
1336,normalize,date_normalized,"{""event_date"": ""2011-12-15T07:00:00Z""}"
1337,normalize,date_normalized,"{""event_date"": ""2012-06-09T06:00:00Z""}"
1338,normalize,date_normalized,"{""event_date"": ""2015-09-05T06:00:00Z""}"
1339,normalize,date_normalized,"{""event_date"": ""2012-06-09T06:00:00Z""}"
1340,normalize,date_normalized,"{""event_date"": ""2018-04-13T06:00:00Z""}"
1341,normalize,date_normalized,"{""event_date"": ""2012-06-09T06:00:00Z""}"
1342,normalize,date_normalized,"{""event_date"": ""2012-06-09T06:00:00Z""}"
1343,normalize,date_normalized,"{""event_date"": ""2013-08-23T06:00:00Z""}"
1344,normalize,date_normalized,"{""event_date"": ""2010-02-15T07:00:00Z""}"
1345,normalize,date_normalized,"{""event_date"": ""2018-04-13T06:00:00Z""}"
1346,normalize,date_normalized,"{""event_date"": ""2018-04-13T06:00:00Z""}"
1347,normalize,date_normalized,"{""event_date"": ""2013-07-16T06:00:00Z""}"
1348,normalize,date_normalized,"{""event_date"": ""2009-04-23T06:00:00Z""}"
1349,normalize,date_normalized,"{""event_date"": ""2008-12-17T07:00:00Z""}"
1350,normalize,date_normalized,"{""event_date"": ""2010-07-01T06:00:00Z""}"
1351,normalize,date_normalized,"{""event_date"": ""2008-04-13T06:00:00Z""}"
1352,normalize,date_normalized,"{""event_date"": ""2010-07-01T06:00:00Z""}"
1353,normalize,date_normalized,"{""event_date"": ""2011-12-01T07:00:00Z""}"
1354,normalize,date_normalized,"{""event_date"": ""2008-01-22T07:00:00Z""}"
1355,normalize,date_normalized,"{""event_date"": ""2013-03-27T06:00:00Z""}"
1356,normalize,date_normalized,"{""event_date"": ""2012-12-20T07:00:00Z""}"
1357,normalize,date_normalized,"{""event_date"": ""2012-07-20T06:00:00Z""}"
1358,normalize,date_normalized,"{""event_date"": ""2010-09-28T06:00:00Z""}"
1359,normalize,date_normalized,"{""event_date"": ""2012-07-20T06:00:00Z""}"
1360,normalize,date_normalized,"{""event_date"": ""2013-02-20T07:00:00Z""}"
1361,normalize,date_normalized,"{""event_date"": ""2012-07-11T06:00:00Z""}"
1362,normalize,date_normalized,"{""event_date"": ""2012-07-11T06:00:00Z""}"
1363,normalize,date_normalized,"{""event_date"": ""2012-11-11T07:00:00Z""}"
1364,normalize,date_normalized,"{""event_date"": ""2012-07-11T06:00:00Z""}"
1365,normalize,date_normalized,"{""event_date"": ""2012-07-20T06:00:00Z""}"
1366,normalize,date_normalized,"{""event_date"": ""2018-04-14T06:00:00Z""}"
1367,normalize,date_normalized,"{""event_date"": ""2013-01-04T07:00:00Z""}"
1368,normalize,date_normalized,"{""event_date"": ""2013-03-17T06:00:00Z""}"
1369,normalize,date_normalized,"{""event_date"": ""2013-07-31T06:00:00Z""}"
1370,normalize,date_normalized,"{""event_date"": ""2014-09-26T06:00:00Z""}"
1371,normalize,date_normalized,"{""event_date"": ""2009-11-26T07:00:00Z""}"
1372,normalize,date_normalized,"{""event_date"": ""2018-04-14T06:00:00Z""}"
1373,normalize,date_normalized,"{""event_date"": ""2009-11-26T07:00:00Z""}"
1374,normalize,date_normalized,"{""event_date"": ""2009-11-26T07:00:00Z""}"
1375,normalize,date_normalized,"{""event_date"": ""2013-01-14T07:00:00Z""}"
1376,normalize,date_normalized,"{""event_date"": ""2018-04-14T06:00:00Z""}"
1377,normalize,date_normalized,"{""event_date"": ""2013-01-24T07:00:00Z""}"
1378,normalize,date_normalized,"{""event_date"": ""2013-01-24T07:00:00Z""}"
1379,normalize,date_normalized,"{""event_date"": ""2013-06-21T06:00:00Z""}"
1380,normalize,date_normalized,"{""event_date"": ""2018-04-14T06:00:00Z""}"
1381,normalize,date_normalized,"{""event_date"": ""2013-06-23T06:00:00Z""}"
1382,normalize,date_normalized,"{""event_date"": ""2010-10-18T06:00:00Z""}"
1383,normalize,date_normalized,"{""event_date"": ""2012-12-31T07:00:00Z""}"
1384,normalize,date_normalized,"{""event_date"": ""2013-08-02T06:00:00Z""}"
1385,normalize,date_normalized,"{""event_date"": ""2013-02-27T07:00:00Z""}"
1386,normalize,date_normalized,"{""event_date"": ""2012-07-20T06:00:00Z""}"
1387,normalize,date_normalized,"{""event_date"": ""2010-04-16T06:00:00Z""}"
1388,normalize,date_normalized,"{""event_date"": ""2009-12-05T07:00:00Z""}"
1389,normalize,date_normalized,"{""event_date"": ""2009-12-05T07:00:00Z""}"
1390,normalize,date_normalized,"{""event_date"": ""2013-03-14T06:00:00Z""}"
1391,normalize,date_normalized,"{""event_date"": ""2011-11-11T07:00:00Z""}"
1392,normalize,date_normalized,"{""event_date"": ""2012-07-19T06:00:00Z""}"
1393,normalize,date_normalized,"{""event_date"": ""2012-10-25T06:00:00Z""}"
1394,normalize,date_normalized,"{""event_date"": ""2011-02-08T07:00:00Z""}"
1395,normalize,date_normalized,"{""event_date"": ""2010-07-26T06:00:00Z""}"
1396,normalize,date_normalized,"{""event_date"": ""2010-04-08T06:00:00Z""}"
1397,normalize,date_normalized,"{""event_date"": ""2012-07-19T06:00:00Z""}"
1398,normalize,date_normalized,"{""event_date"": ""2012-07-18T06:00:00Z""}"
1399,normalize,date_normalized,"{""event_date"": ""2014-11-11T07:00:00Z""}"
1400,normalize,date_normalized,"{""event_date"": ""2013-03-12T06:00:00Z""}"
1401,normalize,date_normalized,"{""event_date"": ""2018-04-14T06:00:00Z""}"
1402,normalize,date_normalized,"{""event_date"": ""2013-01-28T07:00:00Z""}"
1403,normalize,date_normalized,"{""event_date"": ""2010-03-04T07:00:00Z""}"
1404,normalize,date_normalized,"{""event_date"": ""2013-03-20T06:00:00Z""}"
1405,normalize,date_normalized,"{""event_date"": ""2012-06-09T06:00:00Z""}"
1406,normalize,date_normalized,"{""event_date"": ""2013-03-13T06:00:00Z""}"
1407,normalize,date_normalized,"{""event_date"": ""2012-03-29T06:00:00Z""}"
1408,normalize,date_normalized,"{""event_date"": ""2018-04-14T06:00:00Z""}"
1409,normalize,date_normalized,"{""event_date"": ""2012-11-26T07:00:00Z""}"
1410,normalize,date_normalized,"{""event_date"": ""2015-01-20T07:00:00Z""}"
1411,normalize,date_normalized,"{""event_date"": ""2013-03-28T06:00:00Z""}"
1412,normalize,date_normalized,"{""event_date"": ""2013-04-01T06:00:00Z""}"
1413,normalize,date_normalized,"{""event_date"": ""2013-05-13T06:00:00Z""}"
1414,normalize,date_normalized,"{""event_date"": ""2008-04-14T06:00:00Z""}"
1415,normalize,date_normalized,"{""event_date"": ""2011-11-21T07:00:00Z""}"
1416,normalize,date_normalized,"{""event_date"": ""2011-06-10T06:00:00Z""}"
1417,normalize,date_normalized,"{""event_date"": ""2018-04-14T06:00:00Z""}"
1418,normalize,date_normalized,"{""event_date"": ""2010-07-29T06:00:00Z""}"
1419,normalize,date_normalized,"{""event_date"": ""2013-05-13T06:00:00Z""}"
1420,normalize,date_normalized,"{""event_date"": ""2013-06-18T06:00:00Z""}"
1421,normalize,date_normalized,"{""event_date"": ""2013-02-21T07:00:00Z""}"
1422,normalize,date_normalized,"{""event_date"": ""2012-08-20T06:00:00Z""}"
1423,normalize,date_normalized,"{""event_date"": ""2010-03-15T06:00:00Z""}"
1424,normalize,date_normalized,"{""event_date"": ""2018-04-14T06:00:00Z""}"
1425,normalize,date_normalized,"{""event_date"": ""2012-10-03T06:00:00Z""}"
1426,normalize,date_normalized,"{""event_date"": ""2009-08-16T06:00:00Z""}"
1427,normalize,date_normalized,"{""event_date"": ""2018-04-14T06:00:00Z""}"
1428,normalize,date_normalized,"{""event_date"": ""2010-03-15T06:00:00Z""}"
1429,normalize,date_normalized,"{""event_date"": ""2012-03-26T06:00:00Z""}"
1430,normalize,date_normalized,"{""event_date"": ""2012-11-13T07:00:00Z""}"
1431,normalize,date_normalized,"{""event_date"": ""2012-05-07T06:00:00Z""}"
1432,normalize,date_normalized,"{""event_date"": ""2012-09-21T06:00:00Z""}"
1433,normalize,date_normalized,"{""event_date"": ""2012-06-23T06:00:00Z""}"
1434,normalize,date_normalized,"{""event_date"": ""2009-05-20T06:00:00Z""}"
1435,normalize,date_normalized,"{""event_date"": ""2018-04-14T06:00:00Z""}"
1436,normalize,date_normalized,"{""event_date"": ""2011-09-21T06:00:00Z""}"
1437,normalize,date_normalized,"{""event_date"": ""2009-08-16T06:00:00Z""}"
1438,normalize,date_normalized,"{""event_date"": ""2012-10-01T06:00:00Z""}"
1439,normalize,date_normalized,"{""event_date"": ""2011-05-28T06:00:00Z""}"
1440,normalize,date_normalized,"{""event_date"": ""2018-04-14T06:00:00Z""}"
1441,normalize,date_normalized,"{""event_date"": ""2013-12-14T07:00:00Z""}"
1442,normalize,date_normalized,"{""event_date"": ""2018-04-14T06:00:00Z""}"
1443,normalize,date_normalized,"{""event_date"": ""2013-01-19T07:00:00Z""}"
1444,normalize,date_normalized,"{""event_date"": ""2012-06-09T06:00:00Z""}"
1445,normalize,date_normalized,"{""event_date"": ""2018-04-14T06:00:00Z""}"
1446,normalize,date_normalized,"{""event_date"": ""2018-04-14T06:00:00Z""}"
1447,normalize,date_normalized,"{""event_date"": ""2012-03-27T06:00:00Z""}"
1448,normalize,date_normalized,"{""event_date"": ""2012-06-12T06:00:00Z""}"
1449,normalize,date_normalized,"{""event_date"": ""2011-01-17T07:00:00Z""}"
1450,normalize,date_normalized,"{""event_date"": ""2012-10-03T06:00:00Z""}"
1451,normalize,date_normalized,"{""event_date"": ""2011-01-23T07:00:00Z""}"
1452,normalize,date_normalized,"{""event_date"": ""2015-02-24T07:00:00Z""}"
1453,normalize,date_normalized,"{""event_date"": ""2011-11-09T07:00:00Z""}"
1454,normalize,date_normalized,"{""event_date"": ""2013-01-24T07:00:00Z""}"
1455,normalize,date_normalized,"{""event_date"": ""2011-04-29T06:00:00Z""}"
1456,normalize,date_normalized,"{""event_date"": ""2012-10-01T06:00:00Z""}"
1457,normalize,date_normalized,"{""event_date"": ""2012-08-20T06:00:00Z""}"
1458,normalize,date_normalized,"{""event_date"": ""2011-11-17T07:00:00Z""}"
1459,normalize,date_normalized,"{""event_date"": ""2012-06-23T06:00:00Z""}"
1460,normalize,date_normalized,"{""event_date"": ""2013-02-02T07:00:00Z""}"
1461,normalize,date_normalized,"{""event_date"": ""2012-08-07T06:00:00Z""}"
1462,normalize,date_normalized,"{""event_date"": ""2013-06-24T06:00:00Z""}"
1463,normalize,date_normalized,"{""event_date"": ""2012-10-26T06:00:00Z""}"
1464,normalize,date_normalized,"{""event_date"": ""2012-03-27T06:00:00Z""}"
1465,normalize,date_normalized,"{""event_date"": ""2012-08-27T06:00:00Z""}"
1466,normalize,date_normalized,"{""event_date"": ""2010-06-08T06:00:00Z""}"
1467,normalize,date_normalized,"{""event_date"": ""2012-01-05T07:00:00Z""}"
1468,normalize,date_normalized,"{""event_date"": ""2012-08-14T06:00:00Z""}"
1469,normalize,date_normalized,"{""event_date"": ""2012-11-09T07:00:00Z""}"
1470,normalize,date_normalized,"{""event_date"": ""2013-01-02T07:00:00Z""}"
1471,normalize,date_normalized,"{""event_date"": ""2010-01-23T07:00:00Z""}"
1472,normalize,date_normalized,"{""event_date"": ""2012-11-13T07:00:00Z""}"
1473,normalize,date_normalized,"{""event_date"": ""2018-04-14T06:00:00Z""}"
1474,normalize,date_normalized,"{""event_date"": ""2011-12-29T07:00:00Z""}"
1475,normalize,date_normalized,"{""event_date"": ""2012-04-17T06:00:00Z""}"
1476,normalize,date_normalized,"{""event_date"": ""2012-09-12T06:00:00Z""}"
1477,normalize,date_normalized,"{""event_date"": ""2012-10-01T06:00:00Z""}"
1478,normalize,date_normalized,"{""event_date"": ""2010-03-15T06:00:00Z""}"
1479,normalize,date_normalized,"{""event_date"": ""2011-11-15T07:00:00Z""}"
1480,normalize,date_normalized,"{""event_date"": ""2011-11-26T07:00:00Z""}"
1481,normalize,date_normalized,"{""event_date"": ""2012-06-12T06:00:00Z""}"
1482,normalize,date_normalized,"{""event_date"": ""2012-11-13T07:00:00Z""}"
1483,normalize,date_normalized,"{""event_date"": ""2018-04-14T06:00:00Z""}"
1484,normalize,date_normalized,"{""event_date"": ""2011-12-20T07:00:00Z""}"
1485,normalize,date_normalized,"{""event_date"": ""2011-01-17T07:00:00Z""}"
1486,normalize,date_normalized,"{""event_date"": ""2012-12-11T07:00:00Z""}"
1487,normalize,date_normalized,"{""event_date"": ""2013-03-18T06:00:00Z""}"
1488,normalize,date_normalized,"{""event_date"": ""2011-08-04T06:00:00Z""}"
1489,normalize,date_normalized,"{""event_date"": ""2011-05-28T06:00:00Z""}"
1490,normalize,date_normalized,"{""event_date"": ""2018-04-14T06:00:00Z""}"
1491,normalize,date_normalized,"{""event_date"": ""2014-03-08T07:00:00Z""}"
1492,normalize,date_normalized,"{""event_date"": ""2018-04-14T06:00:00Z""}"
1493,normalize,date_normalized,"{""event_date"": ""2012-10-23T06:00:00Z""}"
1494,normalize,date_normalized,"{""event_date"": ""2011-07-14T06:00:00Z""}"
1495,normalize,date_normalized,"{""event_date"": ""2011-11-03T06:00:00Z""}"
1496,normalize,date_normalized,"{""event_date"": ""2010-03-15T06:00:00Z""}"
1497,normalize,date_normalized,"{""event_date"": ""2011-03-02T07:00:00Z""}"
1498,normalize,date_normalized,"{""event_date"": ""2018-04-14T06:00:00Z""}"
1499,normalize,date_normalized,"{""event_date"": ""2012-06-09T06:00:00Z""}"
1500,normalize,date_normalized,"{""event_date"": ""2018-04-14T06:00:00Z""}"
1501,normalize,date_normalized,"{""event_date"": ""2013-06-21T06:00:00Z""}"
1502,normalize,date_normalized,"{""event_date"": ""2012-04-29T06:00:00Z""}"
1503,normalize,date_normalized,"{""event_date"": ""2009-05-17T06:00:00Z""}"
1504,normalize,date_normalized,"{""event_date"": ""2013-02-25T07:00:00Z""}"
1505,normalize,date_normalized,"{""event_date"": ""2018-04-14T06:00:00Z""}"
1506,normalize,date_normalized,"{""event_date"": ""2018-04-14T06:00:00Z""}"
1507,normalize,date_normalized,"{""event_date"": ""2011-09-22T06:00:00Z""}"
1508,normalize,date_normalized,"{""event_date"": ""2010-11-17T07:00:00Z""}"
1509,normalize,date_normalized,"{""event_date"": ""2010-11-23T07:00:00Z""}"
1510,normalize,date_normalized,"{""event_date"": ""2012-10-01T06:00:00Z""}"
1511,normalize,date_normalized,"{""event_date"": ""2015-02-25T07:00:00Z""}"
1512,normalize,date_normalized,"{""event_date"": ""2011-10-03T06:00:00Z""}"
1513,normalize,date_normalized,"{""event_date"": ""2013-04-01T06:00:00Z""}"
1514,normalize,date_normalized,"{""event_date"": ""2011-04-06T06:00:00Z""}"
1515,normalize,date_normalized,"{""event_date"": ""2012-03-27T06:00:00Z""}"
1516,normalize,date_normalized,"{""event_date"": ""2010-03-15T06:00:00Z""}"
1517,normalize,date_normalized,"{""event_date"": ""2018-04-14T06:00:00Z""}"
1518,normalize,date_normalized,"{""event_date"": ""2012-03-18T06:00:00Z""}"
1519,normalize,date_normalized,"{""event_date"": ""2011-04-21T06:00:00Z""}"
1520,normalize,date_normalized,"{""event_date"": ""2018-04-14T06:00:00Z""}"
1521,normalize,date_normalized,"{""event_date"": ""2011-07-14T06:00:00Z""}"
1522,normalize,date_normalized,"{""event_date"": ""2012-08-09T06:00:00Z""}"
1523,normalize,date_normalized,"{""event_date"": ""2012-07-04T06:00:00Z""}"
1524,normalize,date_normalized,"{""event_date"": ""2012-04-26T06:00:00Z""}"
1525,normalize,date_normalized,"{""event_date"": ""2013-03-07T07:00:00Z""}"
1526,normalize,date_normalized,"{""event_date"": ""2012-01-30T07:00:00Z""}"
1527,normalize,date_normalized,"{""event_date"": ""2012-08-01T06:00:00Z""}"
1528,normalize,date_normalized,"{""event_date"": ""2011-10-05T06:00:00Z""}"
1529,normalize,date_normalized,"{""event_date"": ""2013-02-21T07:00:00Z""}"
1530,normalize,date_normalized,"{""event_date"": ""2011-01-27T07:00:00Z""}"
1531,normalize,date_normalized,"{""event_date"": ""2018-04-14T06:00:00Z""}"
1532,normalize,date_normalized,"{""event_date"": ""2018-04-14T06:00:00Z""}"
1533,normalize,date_normalized,"{""event_date"": ""2012-10-01T06:00:00Z""}"
1534,normalize,date_normalized,"{""event_date"": ""2012-06-09T06:00:00Z""}"
1535,normalize,date_normalized,"{""event_date"": ""2012-01-17T07:00:00Z""}"
1536,normalize,date_normalized,"{""event_date"": ""2012-04-30T06:00:00Z""}"
1537,normalize,date_normalized,"{""event_date"": ""2013-04-02T06:00:00Z""}"
1538,normalize,date_normalized,"{""event_date"": ""2012-03-27T06:00:00Z""}"
1539,normalize,date_normalized,"{""event_date"": ""2018-04-13T06:00:00Z""}"
1540,normalize,date_normalized,"{""event_date"": ""2012-05-14T06:00:00Z""}"
1541,normalize,date_normalized,"{""event_date"": ""2011-04-01T06:00:00Z""}"
1542,normalize,date_normalized,"{""event_date"": ""2012-10-01T06:00:00Z""}"
1543,normalize,date_normalized,"{""event_date"": ""2018-04-14T06:00:00Z""}"
1544,normalize,date_normalized,"{""event_date"": ""2012-09-04T06:00:00Z""}"
1545,normalize,date_normalized,"{""event_date"": ""2010-09-16T06:00:00Z""}"
1546,normalize,date_normalized,"{""event_date"": ""2010-03-15T06:00:00Z""}"
1547,normalize,date_normalized,"{""event_date"": ""2008-09-16T06:00:00Z""}"
1548,normalize,date_normalized,"{""event_date"": ""2018-04-14T06:00:00Z""}"
1549,normalize,date_normalized,"{""event_date"": ""2012-06-22T06:00:00Z""}"
1550,normalize,date_normalized,"{""event_date"": ""2013-07-15T06:00:00Z""}"
1551,normalize,date_normalized,"{""event_date"": ""2011-11-14T07:00:00Z""}"
1552,normalize,date_normalized,"{""event_date"": ""2011-03-02T07:00:00Z""}"
1553,normalize,date_normalized,"{""event_date"": ""2018-04-14T06:00:00Z""}"
1554,normalize,date_normalized,"{""event_date"": ""2018-04-14T06:00:00Z""}"
1555,normalize,date_normalized,"{""event_date"": ""2012-10-01T06:00:00Z""}"
1556,normalize,date_normalized,"{""event_date"": ""2011-10-05T06:00:00Z""}"
1557,normalize,date_normalized,"{""event_date"": ""2012-08-20T06:00:00Z""}"
1558,normalize,date_normalized,"{""event_date"": ""2010-02-24T07:00:00Z""}"
1559,normalize,date_normalized,"{""event_date"": ""2018-04-14T06:00:00Z""}"
1560,normalize,date_normalized,"{""event_date"": ""2011-10-05T06:00:00Z""}"
1561,normalize,date_normalized,"{""event_date"": ""2013-08-02T06:00:00Z""}"
1562,normalize,date_normalized,"{""event_date"": ""2011-05-13T06:00:00Z""}"
1563,normalize,date_normalized,"{""event_date"": ""2018-04-14T06:00:00Z""}"
1564,normalize,date_normalized,"{""event_date"": ""2018-04-14T06:00:00Z""}"
1565,normalize,date_normalized,"{""event_date"": ""2018-04-14T06:00:00Z""}"
1566,normalize,date_normalized,"{""event_date"": ""2013-01-07T07:00:00Z""}"
1567,normalize,date_normalized,"{""event_date"": ""2011-02-01T07:00:00Z""}"
1568,normalize,date_normalized,"{""event_date"": ""2012-01-01T07:00:00Z""}"
1569,normalize,date_normalized,"{""event_date"": ""2012-05-30T06:00:00Z""}"
1570,normalize,date_normalized,"{""event_date"": ""2018-04-14T06:00:00Z""}"
1571,normalize,date_normalized,"{""event_date"": ""2018-04-13T06:00:00Z""}"
1572,normalize,date_normalized,"{""event_date"": ""2018-04-14T06:00:00Z""}"
1573,normalize,date_normalized,"{""event_date"": ""2011-03-21T06:00:00Z""}"
1574,normalize,date_normalized,"{""event_date"": ""2010-12-22T07:00:00Z""}"
1575,normalize,date_normalized,"{""event_date"": ""2012-03-27T06:00:00Z""}"
1576,normalize,date_normalized,"{""event_date"": ""2011-12-13T07:00:00Z""}"
1577,normalize,date_normalized,"{""event_date"": ""2012-03-27T06:00:00Z""}"
1578,normalize,date_normalized,"{""event_date"": ""2010-11-19T07:00:00Z""}"
1579,normalize,date_normalized,"{""event_date"": ""2013-01-15T07:00:00Z""}"
1580,normalize,date_normalized,"{""event_date"": ""2011-03-02T07:00:00Z""}"
1581,normalize,date_normalized,"{""event_date"": ""2011-02-04T07:00:00Z""}"
1582,normalize,date_normalized,"{""event_date"": ""2015-07-01T06:00:00Z""}"
1583,normalize,date_normalized,"{""event_date"": ""2010-09-08T06:00:00Z""}"
1584,normalize,date_normalized,"{""event_date"": ""2012-08-06T06:00:00Z""}"
1585,normalize,date_normalized,"{""event_date"": ""2011-01-04T07:00:00Z""}"
1586,normalize,date_normalized,"{""event_date"": ""2018-04-14T06:00:00Z""}"
1587,normalize,date_normalized,"{""event_date"": ""2011-10-05T06:00:00Z""}"
1588,normalize,date_normalized,"{""event_date"": ""2010-05-15T06:00:00Z""}"
1589,normalize,date_normalized,"{""event_date"": ""2011-03-02T07:00:00Z""}"
1590,normalize,date_normalized,"{""event_date"": ""2018-04-14T06:00:00Z""}"
1591,normalize,date_normalized,"{""event_date"": ""2008-08-03T06:00:00Z""}"
1592,normalize,date_normalized,"{""event_date"": ""2011-11-14T07:00:00Z""}"
1593,normalize,date_normalized,"{""event_date"": ""2012-10-23T06:00:00Z""}"
1594,normalize,date_normalized,"{""event_date"": ""2012-01-23T07:00:00Z""}"
1595,normalize,date_normalized,"{""event_date"": ""2012-01-12T07:00:00Z""}"
1596,normalize,date_normalized,"{""event_date"": ""2010-02-10T07:00:00Z""}"
1597,normalize,date_normalized,"{""event_date"": ""2011-10-03T06:00:00Z""}"
1598,normalize,date_normalized,"{""event_date"": ""2010-11-01T06:00:00Z""}"
1599,normalize,date_normalized,"{""event_date"": ""2012-10-01T06:00:00Z""}"
1600,normalize,date_normalized,"{""event_date"": ""2018-04-14T06:00:00Z""}"
1601,normalize,date_normalized,"{""event_date"": ""2010-03-15T06:00:00Z""}"
1602,normalize,date_normalized,"{""event_date"": ""2014-02-20T07:00:00Z""}"
1603,normalize,date_normalized,"{""event_date"": ""2018-04-14T06:00:00Z""}"
1604,normalize,date_normalized,"{""event_date"": ""2012-06-12T06:00:00Z""}"
1605,normalize,date_normalized,"{""event_date"": ""2012-12-11T07:00:00Z""}"
1606,normalize,date_normalized,"{""event_date"": ""2012-06-09T06:00:00Z""}"
1607,normalize,date_normalized,"{""event_date"": ""2018-04-14T06:00:00Z""}"
1608,normalize,date_normalized,"{""event_date"": ""2013-01-17T07:00:00Z""}"
1609,normalize,date_normalized,"{""event_date"": ""2012-07-16T06:00:00Z""}"
1610,normalize,date_normalized,"{""event_date"": ""2011-10-03T06:00:00Z""}"
1611,normalize,date_normalized,"{""event_date"": ""2010-03-02T07:00:00Z""}"
1612,normalize,date_normalized,"{""event_date"": ""2098-08-24T06:00:00Z""}"
1613,normalize,date_normalized,"{""event_date"": ""2014-08-29T06:00:00Z""}"
1614,normalize,date_normalized,"{""event_date"": ""2012-06-09T06:00:00Z""}"
1615,normalize,date_normalized,"{""event_date"": ""2018-04-14T06:00:00Z""}"
1616,normalize,date_normalized,"{""event_date"": ""2009-05-20T06:00:00Z""}"
1617,normalize,date_normalized,"{""event_date"": ""2018-04-14T06:00:00Z""}"
1618,normalize,date_normalized,"{""event_date"": ""2011-05-28T06:00:00Z""}"
1619,normalize,date_normalized,"{""event_date"": ""2018-04-14T06:00:00Z""}"
1620,normalize,date_normalized,"{""event_date"": ""2018-04-14T06:00:00Z""}"
1621,normalize,date_normalized,"{""event_date"": ""2018-04-14T06:00:00Z""}"
1622,normalize,date_normalized,"{""event_date"": ""2009-03-30T06:00:00Z""}"
1623,normalize,date_normalized,"{""event_date"": ""2013-03-06T07:00:00Z""}"
1624,normalize,date_normalized,"{""event_date"": ""2013-02-21T07:00:00Z""}"
1625,normalize,date_normalized,"{""event_date"": ""2018-04-14T06:00:00Z""}"
1626,normalize,date_normalized,"{""event_date"": ""2011-12-15T07:00:00Z""}"
1627,normalize,date_normalized,"{""event_date"": ""2010-11-22T07:00:00Z""}"
1628,normalize,date_normalized,"{""event_date"": ""2012-10-23T06:00:00Z""}"
1629,normalize,date_normalized,"{""event_date"": ""2011-01-04T07:00:00Z""}"
1630,normalize,date_normalized,"{""event_date"": ""2010-12-16T07:00:00Z""}"
1631,normalize,date_normalized,"{""event_date"": ""2012-07-13T06:00:00Z""}"
1632,normalize,date_normalized,"{""event_date"": ""2009-10-31T06:00:00Z""}"
1633,normalize,date_normalized,"{""event_date"": ""2012-06-09T06:00:00Z""}"
1634,normalize,date_normalized,"{""event_date"": ""2012-06-18T06:00:00Z""}"
1635,normalize,date_normalized,"{""event_date"": ""2012-10-05T06:00:00Z""}"
1636,normalize,date_normalized,"{""event_date"": ""2013-01-02T07:00:00Z""}"
1637,normalize,date_normalized,"{""event_date"": ""2011-01-14T07:00:00Z""}"
1638,normalize,date_normalized,"{""event_date"": ""2012-10-01T06:00:00Z""}"
1639,normalize,date_normalized,"{""event_date"": ""2012-04-12T06:00:00Z""}"
1640,normalize,date_normalized,"{""event_date"": ""2011-07-25T06:00:00Z""}"
1641,normalize,date_normalized,"{""event_date"": ""2012-08-07T06:00:00Z""}"
1642,normalize,date_normalized,"{""event_date"": ""2011-03-02T07:00:00Z""}"
1643,normalize,date_normalized,"{""event_date"": ""2011-10-05T06:00:00Z""}"
1644,normalize,date_normalized,"{""event_date"": ""2012-08-27T06:00:00Z""}"
1645,normalize,date_normalized,"{""event_date"": ""2015-06-20T06:00:00Z""}"
1646,normalize,date_normalized,"{""event_date"": ""2012-01-11T07:00:00Z""}"
1647,normalize,date_normalized,"{""event_date"": ""2012-02-09T07:00:00Z""}"
1648,normalize,date_normalized,"{""event_date"": ""2012-12-02T07:00:00Z""}"
1649,normalize,date_normalized,"{""event_date"": ""2010-06-03T06:00:00Z""}"
1650,normalize,date_normalized,"{""event_date"": ""2012-06-12T06:00:00Z""}"
1651,normalize,date_normalized,"{""event_date"": ""2011-10-05T06:00:00Z""}"
1652,normalize,date_normalized,"{""event_date"": ""2011-09-17T06:00:00Z""}"
1653,normalize,date_normalized,"{""event_date"": ""2011-01-04T07:00:00Z""}"
1654,normalize,date_normalized,"{""event_date"": ""2010-04-14T06:00:00Z""}"
1655,normalize,date_normalized,"{""event_date"": ""2013-02-28T07:00:00Z""}"
1656,normalize,date_normalized,"{""event_date"": ""2010-09-06T06:00:00Z""}"
1657,normalize,date_normalized,"{""event_date"": ""2011-05-28T06:00:00Z""}"
1658,normalize,date_normalized,"{""event_date"": ""2010-10-26T06:00:00Z""}"
1659,normalize,date_normalized,"{""event_date"": ""2012-07-07T06:00:00Z""}"
1660,normalize,date_normalized,"{""event_date"": ""2011-10-10T06:00:00Z""}"
1661,normalize,date_normalized,"{""event_date"": ""2009-05-20T06:00:00Z""}"
1662,normalize,date_normalized,"{""event_date"": ""2011-02-25T07:00:00Z""}"
1663,normalize,date_normalized,"{""event_date"": ""2018-04-14T06:00:00Z""}"
1664,normalize,date_normalized,"{""event_date"": ""2012-06-09T06:00:00Z""}"
1665,normalize,date_normalized,"{""event_date"": ""2012-02-29T07:00:00Z""}"
1666,normalize,date_normalized,"{""event_date"": ""2011-10-05T06:00:00Z""}"
1667,normalize,date_normalized,"{""event_date"": ""2012-10-01T06:00:00Z""}"
1668,normalize,date_normalized,"{""event_date"": ""2011-09-28T06:00:00Z""}"
1669,normalize,date_normalized,"{""event_date"": ""2010-12-22T07:00:00Z""}"
1670,normalize,date_normalized,"{""event_date"": ""2013-01-31T07:00:00Z""}"
1671,normalize,date_normalized,"{""event_date"": ""2011-07-20T06:00:00Z""}"
1672,normalize,date_normalized,"{""event_date"": ""2011-04-14T06:00:00Z""}"
1673,normalize,date_normalized,"{""event_date"": ""2011-02-22T07:00:00Z""}"
1674,normalize,date_normalized,"{""event_date"": ""2010-12-16T07:00:00Z""}"
1675,normalize,date_normalized,"{""event_date"": ""2018-04-14T06:00:00Z""}"
1676,normalize,date_normalized,"{""event_date"": ""2009-12-01T07:00:00Z""}"
1677,normalize,date_normalized,"{""event_date"": ""2012-02-23T07:00:00Z""}"
1678,normalize,date_normalized,"{""event_date"": ""2011-01-04T07:00:00Z""}"
1679,normalize,date_normalized,"{""event_date"": ""2018-04-14T06:00:00Z""}"
1680,normalize,date_normalized,"{""event_date"": ""2009-05-20T06:00:00Z""}"
1681,normalize,date_normalized,"{""event_date"": ""2013-02-21T07:00:00Z""}"
1682,normalize,date_normalized,"{""event_date"": ""2018-04-14T06:00:00Z""}"
1683,normalize,date_normalized,"{""event_date"": ""2012-04-04T06:00:00Z""}"
1684,normalize,date_normalized,"{""event_date"": ""2012-03-27T06:00:00Z""}"
1685,normalize,date_normalized,"{""event_date"": ""2011-03-02T07:00:00Z""}"
1686,normalize,date_normalized,"{""event_date"": ""2010-01-12T07:00:00Z""}"
1687,normalize,date_normalized,"{""event_date"": ""2009-08-16T06:00:00Z""}"
1688,normalize,date_normalized,"{""event_date"": ""2018-04-14T06:00:00Z""}"
1689,normalize,date_normalized,"{""event_date"": ""2012-04-02T06:00:00Z""}"
1690,normalize,date_normalized,"{""event_date"": ""2012-03-27T06:00:00Z""}"
1691,normalize,date_normalized,"{""event_date"": ""2042-10-31T06:00:00Z""}"
1692,normalize,date_normalized,"{""event_date"": ""2012-03-10T07:00:00Z""}"
1693,normalize,date_normalized,"{""event_date"": ""2011-12-12T07:00:00Z""}"
1694,normalize,date_normalized,"{""event_date"": ""2011-09-06T06:00:00Z""}"
1695,normalize,date_normalized,"{""event_date"": ""2010-12-22T07:00:00Z""}"
1696,normalize,date_normalized,"{""event_date"": ""2012-05-25T06:00:00Z""}"
1697,normalize,date_normalized,"{""event_date"": ""2010-09-25T06:00:00Z""}"
1698,normalize,date_normalized,"{""event_date"": ""2012-08-07T06:00:00Z""}"
1699,normalize,date_normalized,"{""event_date"": ""2012-03-27T06:00:00Z""}"
1700,normalize,date_normalized,"{""event_date"": ""2012-06-12T06:00:00Z""}"
1701,normalize,date_normalized,"{""event_date"": ""2014-10-07T06:00:00Z""}"
1702,normalize,date_normalized,"{""event_date"": ""2012-08-14T06:00:00Z""}"
1703,normalize,date_normalized,"{""event_date"": ""2012-01-09T07:00:00Z""}"
1704,normalize,date_normalized,"{""event_date"": ""2018-04-14T06:00:00Z""}"
1705,normalize,date_normalized,"{""event_date"": ""2011-01-23T07:00:00Z""}"
1706,normalize,date_normalized,"{""event_date"": ""2018-04-14T06:00:00Z""}"
1707,normalize,date_normalized,"{""event_date"": ""2018-04-14T06:00:00Z""}"
1708,normalize,date_normalized,"{""event_date"": ""2018-04-14T06:00:00Z""}"
1709,normalize,date_normalized,"{""event_date"": ""2012-06-09T06:00:00Z""}"
1710,normalize,date_normalized,"{""event_date"": ""2014-04-05T06:00:00Z""}"
1711,normalize,date_normalized,"{""event_date"": ""2018-04-14T06:00:00Z""}"
1712,normalize,date_normalized,"{""event_date"": ""2011-05-28T06:00:00Z""}"
1713,normalize,date_normalized,"{""event_date"": ""2018-04-14T06:00:00Z""}"
1714,normalize,date_normalized,"{""event_date"": ""2018-04-14T06:00:00Z""}"
1715,normalize,date_normalized,"{""event_date"": ""2011-10-05T06:00:00Z""}"
1716,normalize,date_normalized,"{""event_date"": ""2012-03-15T06:00:00Z""}"
1717,normalize,date_normalized,"{""event_date"": ""2009-12-12T07:00:00Z""}"
1718,normalize,date_normalized,"{""event_date"": ""2011-08-04T06:00:00Z""}"
1719,normalize,date_normalized,"{""event_date"": ""2011-01-24T07:00:00Z""}"
1720,normalize,date_normalized,"{""event_date"": ""2012-01-16T07:00:00Z""}"
1721,normalize,date_normalized,"{""event_date"": ""2018-04-14T06:00:00Z""}"
1722,normalize,date_normalized,"{""event_date"": ""2018-04-14T06:00:00Z""}"
1723,normalize,date_normalized,"{""event_date"": ""2012-01-02T07:00:00Z""}"
1724,normalize,date_normalized,"{""event_date"": ""2012-04-30T06:00:00Z""}"
1725,normalize,date_normalized,"{""event_date"": ""2013-02-18T07:00:00Z""}"
1726,normalize,date_normalized,"{""event_date"": ""2018-04-14T06:00:00Z""}"
1727,normalize,date_normalized,"{""event_date"": ""2011-10-18T06:00:00Z""}"
1728,normalize,date_normalized,"{""event_date"": ""2092-03-05T07:00:00Z""}"
1729,normalize,date_normalized,"{""event_date"": ""2012-10-03T06:00:00Z""}"
1730,normalize,date_normalized,"{""event_date"": ""2013-07-26T06:00:00Z""}"
1731,normalize,date_normalized,"{""event_date"": ""2010-11-01T06:00:00Z""}"
1732,normalize,date_normalized,"{""event_date"": ""2012-06-12T06:00:00Z""}"
1733,normalize,date_normalized,"{""event_date"": ""2012-10-01T06:00:00Z""}"
1734,normalize,date_normalized,"{""event_date"": ""2012-06-09T06:00:00Z""}"
1735,normalize,date_normalized,"{""event_date"": ""2012-10-27T06:00:00Z""}"
1736,normalize,date_normalized,"{""event_date"": ""2011-01-27T07:00:00Z""}"
1737,normalize,date_normalized,"{""event_date"": ""2010-11-26T07:00:00Z""}"
1738,normalize,date_normalized,"{""event_date"": ""2011-11-14T07:00:00Z""}"
1739,normalize,date_normalized,"{""event_date"": ""2011-05-28T06:00:00Z""}"
1740,normalize,date_normalized,"{""event_date"": ""2011-04-01T06:00:00Z""}"
1741,normalize,date_normalized,"{""event_date"": ""2012-02-17T07:00:00Z""}"
1742,normalize,date_normalized,"{""event_date"": ""2012-02-02T07:00:00Z""}"
1743,normalize,date_normalized,"{""event_date"": ""2012-10-01T06:00:00Z""}"
1744,normalize,date_normalized,"{""event_date"": ""2009-10-31T06:00:00Z""}"
1745,normalize,date_normalized,"{""event_date"": ""2018-04-14T06:00:00Z""}"
1746,normalize,date_normalized,"{""event_date"": ""2012-06-09T06:00:00Z""}"
1747,normalize,date_normalized,"{""event_date"": ""2018-04-14T06:00:00Z""}"
1748,normalize,date_normalized,"{""event_date"": ""2012-06-09T06:00:00Z""}"
1749,normalize,date_normalized,"{""event_date"": ""2012-09-03T06:00:00Z""}"
1750,normalize,date_normalized,"{""event_date"": ""2012-05-16T06:00:00Z""}"
1751,normalize,date_normalized,"{""event_date"": ""2012-05-14T06:00:00Z""}"
1752,normalize,date_normalized,"{""event_date"": ""2012-08-09T06:00:00Z""}"
1753,normalize,date_normalized,"{""event_date"": ""2011-09-26T06:00:00Z""}"
1754,normalize,date_normalized,"{""event_date"": ""2012-10-15T06:00:00Z""}"
1755,normalize,date_normalized,"{""event_date"": ""2012-06-12T06:00:00Z""}"
1756,normalize,date_normalized,"{""event_date"": ""2012-03-15T06:00:00Z""}"
1757,normalize,date_normalized,"{""event_date"": ""2009-06-30T06:00:00Z""}"
1758,normalize,date_normalized,"{""event_date"": ""2012-04-10T06:00:00Z""}"
1759,normalize,date_normalized,"{""event_date"": ""2010-12-07T07:00:00Z""}"
1760,normalize,date_normalized,"{""event_date"": ""2012-06-12T06:00:00Z""}"
1761,normalize,date_normalized,"{""event_date"": ""2011-01-04T07:00:00Z""}"
1762,normalize,date_normalized,"{""event_date"": ""2015-07-01T06:00:00Z""}"
1763,normalize,date_normalized,"{""event_date"": ""2011-09-30T06:00:00Z""}"
1764,normalize,date_normalized,"{""event_date"": ""2012-06-09T06:00:00Z""}"
1765,normalize,date_normalized,"{""event_date"": ""2018-04-14T06:00:00Z""}"
1766,normalize,date_normalized,"{""event_date"": ""2012-03-27T06:00:00Z""}"
1767,normalize,date_normalized,"{""event_date"": ""2011-01-27T07:00:00Z""}"
1768,normalize,date_normalized,"{""event_date"": ""2018-04-14T06:00:00Z""}"
1769,normalize,date_normalized,"{""event_date"": ""2011-03-24T06:00:00Z""}"
1770,normalize,date_normalized,"{""event_date"": ""2010-03-15T06:00:00Z""}"
1771,normalize,date_normalized,"{""event_date"": ""2012-05-22T06:00:00Z""}"
1772,normalize,date_normalized,"{""event_date"": ""2013-02-21T07:00:00Z""}"
1773,normalize,date_normalized,"{""event_date"": ""2012-03-03T07:00:00Z""}"
1774,normalize,date_normalized,"{""event_date"": ""2010-07-08T06:00:00Z""}"
1775,normalize,date_normalized,"{""event_date"": ""2011-09-17T06:00:00Z""}"
1776,normalize,date_normalized,"{""event_date"": ""2010-12-24T07:00:00Z""}"
1777,normalize,date_normalized,"{""event_date"": ""2011-09-21T06:00:00Z""}"
1778,normalize,date_normalized,"{""event_date"": ""2010-07-30T06:00:00Z""}"
1779,normalize,date_normalized,"{""event_date"": ""2012-10-01T06:00:00Z""}"
1780,normalize,date_normalized,"{""event_date"": ""2010-02-10T07:00:00Z""}"
1781,normalize,date_normalized,"{""event_date"": ""2012-02-11T07:00:00Z""}"
1782,normalize,date_normalized,"{""event_date"": ""2013-02-21T07:00:00Z""}"
1783,normalize,date_normalized,"{""event_date"": ""2012-06-09T06:00:00Z""}"
1784,normalize,date_normalized,"{""event_date"": ""2011-10-05T06:00:00Z""}"
1785,normalize,date_normalized,"{""event_date"": ""2012-10-01T06:00:00Z""}"
1786,normalize,date_normalized,"{""event_date"": ""2011-10-22T06:00:00Z""}"
1787,normalize,date_normalized,"{""event_date"": ""2012-09-27T06:00:00Z""}"
1788,normalize,date_normalized,"{""event_date"": ""2010-11-03T06:00:00Z""}"
1789,normalize,date_normalized,"{""event_date"": ""2010-10-18T06:00:00Z""}"
1790,normalize,date_normalized,"{""event_date"": ""2018-04-13T06:00:00Z""}"
1791,normalize,date_normalized,"{""event_date"": ""2018-04-14T06:00:00Z""}"
1792,normalize,date_normalized,"{""event_date"": ""2011-11-27T07:00:00Z""}"
1793,normalize,date_normalized,"{""event_date"": ""2012-03-01T07:00:00Z""}"
1794,normalize,date_normalized,"{""event_date"": ""2010-09-06T06:00:00Z""}"
1795,normalize,date_normalized,"{""event_date"": ""2012-10-01T06:00:00Z""}"
1796,normalize,date_normalized,"{""event_date"": ""2012-08-07T06:00:00Z""}"
1797,normalize,date_normalized,"{""event_date"": ""2011-10-05T06:00:00Z""}"
1798,normalize,date_normalized,"{""event_date"": ""2010-03-15T06:00:00Z""}"
1799,normalize,date_normalized,"{""event_date"": ""2018-04-14T06:00:00Z""}"
1800,normalize,date_normalized,"{""event_date"": ""2011-05-28T06:00:00Z""}"
1801,normalize,date_normalized,"{""event_date"": ""2013-02-21T07:00:00Z""}"
1802,normalize,date_normalized,"{""event_date"": ""2018-04-14T06:00:00Z""}"
1803,normalize,date_normalized,"{""event_date"": ""2011-09-22T06:00:00Z""}"
1804,normalize,date_normalized,"{""event_date"": ""2012-12-13T07:00:00Z""}"
1805,normalize,date_normalized,"{""event_date"": ""2012-03-31T06:00:00Z""}"
1806,normalize,date_normalized,"{""event_date"": ""2011-09-17T06:00:00Z""}"
1807,normalize,date_normalized,"{""event_date"": ""2010-03-15T06:00:00Z""}"
1808,normalize,date_normalized,"{""event_date"": ""2010-03-15T06:00:00Z""}"
1809,normalize,date_normalized,"{""event_date"": ""2011-11-30T07:00:00Z""}"
1810,normalize,date_normalized,"{""event_date"": ""2013-07-26T06:00:00Z""}"
1811,normalize,date_normalized,"{""event_date"": ""2012-07-09T06:00:00Z""}"
1812,normalize,date_normalized,"{""event_date"": ""2011-11-03T06:00:00Z""}"
1813,normalize,date_normalized,"{""event_date"": ""2012-08-27T06:00:00Z""}"
1814,normalize,date_normalized,"{""event_date"": ""2009-08-16T06:00:00Z""}"
1815,normalize,date_normalized,"{""event_date"": ""2012-12-26T07:00:00Z""}"
1816,normalize,date_normalized,"{""event_date"": ""2012-10-01T06:00:00Z""}"
1817,normalize,date_normalized,"{""event_date"": ""2012-08-14T06:00:00Z""}"
1818,normalize,date_normalized,"{""event_date"": ""2012-06-09T06:00:00Z""}"
1819,normalize,date_normalized,"{""event_date"": ""2011-03-01T07:00:00Z""}"
1820,normalize,date_normalized,"{""event_date"": ""2015-02-25T07:00:00Z""}"
1821,normalize,date_normalized,"{""event_date"": ""2011-09-16T06:00:00Z""}"
1822,normalize,date_normalized,"{""event_date"": ""2009-12-12T07:00:00Z""}"
1823,normalize,date_normalized,"{""event_date"": ""2012-06-12T06:00:00Z""}"
1824,normalize,date_normalized,"{""event_date"": ""2011-01-27T07:00:00Z""}"
1825,normalize,date_normalized,"{""event_date"": ""2012-05-29T06:00:00Z""}"
1826,normalize,date_normalized,"{""event_date"": ""2012-10-01T06:00:00Z""}"
1827,normalize,date_normalized,"{""event_date"": ""2010-05-09T06:00:00Z""}"
1828,normalize,date_normalized,"{""event_date"": ""2011-10-05T06:00:00Z""}"
1829,normalize,date_normalized,"{""event_date"": ""2012-03-18T06:00:00Z""}"
1830,normalize,date_normalized,"{""event_date"": ""2013-02-20T07:00:00Z""}"
1831,normalize,date_normalized,"{""event_date"": ""2010-09-21T06:00:00Z""}"
1832,normalize,date_normalized,"{""event_date"": ""2012-12-11T07:00:00Z""}"
1833,normalize,date_normalized,"{""event_date"": ""2012-04-02T06:00:00Z""}"
1834,normalize,date_normalized,"{""event_date"": ""2010-02-10T07:00:00Z""}"
1835,normalize,date_normalized,"{""event_date"": ""2018-04-14T06:00:00Z""}"
1836,normalize,date_normalized,"{""event_date"": ""2018-04-14T06:00:00Z""}"
1837,normalize,date_normalized,"{""event_date"": ""2011-01-24T07:00:00Z""}"
1838,normalize,date_normalized,"{""event_date"": ""2011-09-03T06:00:00Z""}"
1839,normalize,date_normalized,"{""event_date"": ""2009-05-20T06:00:00Z""}"
1840,normalize,date_normalized,"{""event_date"": ""2011-03-02T07:00:00Z""}"
1841,normalize,date_normalized,"{""event_date"": ""2014-08-29T06:00:00Z""}"
1842,normalize,date_normalized,"{""event_date"": ""2018-04-14T06:00:00Z""}"
1843,normalize,date_normalized,"{""event_date"": ""2012-10-01T06:00:00Z""}"
1844,normalize,date_normalized,"{""event_date"": ""2011-03-04T07:00:00Z""}"
1845,normalize,date_normalized,"{""event_date"": ""2012-08-20T06:00:00Z""}"
1846,normalize,date_normalized,"{""event_date"": ""2010-04-16T06:00:00Z""}"
1847,normalize,date_normalized,"{""event_date"": ""2011-11-30T07:00:00Z""}"
1848,normalize,date_normalized,"{""event_date"": ""2009-02-07T07:00:00Z""}"
1849,normalize,date_normalized,"{""event_date"": ""2010-03-15T06:00:00Z""}"
1850,normalize,date_normalized,"{""event_date"": ""2012-11-13T07:00:00Z""}"
1851,normalize,date_normalized,"{""event_date"": ""2018-04-14T06:00:00Z""}"
1852,normalize,date_normalized,"{""event_date"": ""2018-04-14T06:00:00Z""}"
1853,normalize,date_normalized,"{""event_date"": ""2011-11-23T07:00:00Z""}"
1854,normalize,date_normalized,"{""event_date"": ""2011-07-13T06:00:00Z""}"
1855,normalize,date_normalized,"{""event_date"": ""2012-03-27T06:00:00Z""}"
1856,normalize,date_normalized,"{""event_date"": ""2011-01-04T07:00:00Z""}"
1857,normalize,date_normalized,"{""event_date"": ""2012-10-01T06:00:00Z""}"
1858,normalize,date_normalized,"{""event_date"": ""2012-01-23T07:00:00Z""}"
1859,normalize,date_normalized,"{""event_date"": ""2014-02-20T07:00:00Z""}"
1860,normalize,date_normalized,"{""event_date"": ""2012-01-16T07:00:00Z""}"
1861,normalize,date_normalized,"{""event_date"": ""2011-04-26T06:00:00Z""}"
1862,normalize,date_normalized,"{""event_date"": ""2011-08-14T06:00:00Z""}"
1863,normalize,date_normalized,"{""event_date"": ""2010-09-14T06:00:00Z""}"
1864,normalize,date_normalized,"{""event_date"": ""2012-03-01T07:00:00Z""}"
1865,normalize,date_normalized,"{""event_date"": ""2012-10-01T06:00:00Z""}"
1866,normalize,date_normalized,"{""event_date"": ""2013-02-04T07:00:00Z""}"
1867,normalize,date_normalized,"{""event_date"": ""2012-11-13T07:00:00Z""}"
1868,normalize,date_normalized,"{""event_date"": ""2011-04-06T06:00:00Z""}"
1869,normalize,date_normalized,"{""event_date"": ""2012-12-11T07:00:00Z""}"
1870,normalize,date_normalized,"{""event_date"": ""2010-10-22T06:00:00Z""}"
1871,normalize,date_normalized,"{""event_date"": ""2012-08-14T06:00:00Z""}"
1872,normalize,date_normalized,"{""event_date"": ""2012-10-01T06:00:00Z""}"
1873,normalize,date_normalized,"{""event_date"": ""2011-07-15T06:00:00Z""}"
1874,normalize,date_normalized,"{""event_date"": ""2011-05-13T06:00:00Z""}"
1875,normalize,date_normalized,"{""event_date"": ""2012-01-14T07:00:00Z""}"
1876,normalize,date_normalized,"{""event_date"": ""2012-04-23T06:00:00Z""}"
1877,normalize,date_normalized,"{""event_date"": ""2012-11-13T07:00:00Z""}"
1878,normalize,date_normalized,"{""event_date"": ""2010-03-15T06:00:00Z""}"
1879,normalize,date_normalized,"{""event_date"": ""2018-04-14T06:00:00Z""}"
1880,normalize,date_normalized,"{""event_date"": ""2018-04-14T06:00:00Z""}"
1881,normalize,date_normalized,"{""event_date"": ""2012-10-01T06:00:00Z""}"
1882,normalize,date_normalized,"{""event_date"": ""2012-05-05T06:00:00Z""}"
1883,normalize,date_normalized,"{""event_date"": ""2012-03-27T06:00:00Z""}"
1884,normalize,date_normalized,"{""event_date"": ""2012-04-10T06:00:00Z""}"
1885,normalize,date_normalized,"{""event_date"": ""2011-04-15T06:00:00Z""}"
1886,normalize,date_normalized,"{""event_date"": ""2012-08-14T06:00:00Z""}"
1887,normalize,date_normalized,"{""event_date"": ""2009-04-20T06:00:00Z""}"
1888,normalize,date_normalized,"{""event_date"": ""2010-03-15T06:00:00Z""}"
1889,normalize,date_normalized,"{""event_date"": ""2012-10-01T06:00:00Z""}"
1890,normalize,date_normalized,"{""event_date"": ""2012-10-01T06:00:00Z""}"
1891,normalize,date_normalized,"{""event_date"": ""2011-10-05T06:00:00Z""}"
1892,normalize,date_normalized,"{""event_date"": ""2012-09-21T06:00:00Z""}"
1893,normalize,date_normalized,"{""event_date"": ""2011-05-28T06:00:00Z""}"
1894,normalize,date_normalized,"{""event_date"": ""2010-03-15T06:00:00Z""}"
1895,normalize,date_normalized,"{""event_date"": ""2011-03-25T06:00:00Z""}"
1896,normalize,date_normalized,"{""event_date"": ""2015-02-26T07:00:00Z""}"
1897,normalize,date_normalized,"{""event_date"": ""2012-10-01T06:00:00Z""}"
1898,normalize,date_normalized,"{""event_date"": ""2011-10-08T06:00:00Z""}"
1899,normalize,date_normalized,"{""event_date"": ""2012-10-01T06:00:00Z""}"
1900,normalize,date_normalized,"{""event_date"": ""2012-09-10T06:00:00Z""}"
1901,normalize,date_normalized,"{""event_date"": ""2012-08-07T06:00:00Z""}"
1902,normalize,date_normalized,"{""event_date"": ""2009-10-31T06:00:00Z""}"
1903,normalize,date_normalized,"{""event_date"": ""2012-10-01T06:00:00Z""}"
1904,normalize,date_normalized,"{""event_date"": ""2013-02-18T07:00:00Z""}"
1905,normalize,date_normalized,"{""event_date"": ""2012-06-12T06:00:00Z""}"
1906,normalize,date_normalized,"{""event_date"": ""2010-07-30T06:00:00Z""}"
1907,normalize,date_normalized,"{""event_date"": ""2011-11-13T07:00:00Z""}"
1908,normalize,date_normalized,"{""event_date"": ""2012-06-12T06:00:00Z""}"
1909,normalize,date_normalized,"{""event_date"": ""2012-02-15T07:00:00Z""}"
1910,normalize,date_normalized,"{""event_date"": ""2012-10-01T06:00:00Z""}"
1911,normalize,date_normalized,"{""event_date"": ""2011-05-10T06:00:00Z""}"
1912,normalize,date_normalized,"{""event_date"": ""2011-03-02T07:00:00Z""}"
1913,normalize,date_normalized,"{""event_date"": ""2012-10-04T06:00:00Z""}"
1914,normalize,date_normalized,"{""event_date"": ""2010-03-15T06:00:00Z""}"
1915,normalize,date_normalized,"{""event_date"": ""2015-02-24T07:00:00Z""}"
1916,normalize,date_normalized,"{""event_date"": ""2010-06-03T06:00:00Z""}"
1917,normalize,date_normalized,"{""event_date"": ""2012-03-27T06:00:00Z""}"
1918,normalize,date_normalized,"{""event_date"": ""2011-03-01T07:00:00Z""}"
1919,normalize,date_normalized,"{""event_date"": ""2012-06-12T06:00:00Z""}"
1920,normalize,date_normalized,"{""event_date"": ""2012-10-05T06:00:00Z""}"
1921,normalize,date_normalized,"{""event_date"": ""2011-03-02T07:00:00Z""}"
1922,normalize,date_normalized,"{""event_date"": ""2013-02-18T07:00:00Z""}"
1923,normalize,date_normalized,"{""event_date"": ""2012-10-01T06:00:00Z""}"
1924,normalize,date_normalized,"{""event_date"": ""2011-04-05T06:00:00Z""}"
1925,normalize,date_normalized,"{""event_date"": ""2010-11-06T06:00:00Z""}"
1926,normalize,date_normalized,"{""event_date"": ""2013-11-18T07:00:00Z""}"
1927,normalize,date_normalized,"{""event_date"": ""2013-01-17T07:00:00Z""}"
1928,normalize,date_normalized,"{""event_date"": ""2011-11-14T07:00:00Z""}"
1929,normalize,date_normalized,"{""event_date"": ""2012-08-07T06:00:00Z""}"
1930,normalize,date_normalized,"{""event_date"": ""2011-05-13T06:00:00Z""}"
1931,normalize,date_normalized,"{""event_date"": ""2018-04-14T06:00:00Z""}"
1932,normalize,date_normalized,"{""event_date"": ""2018-04-14T06:00:00Z""}"
1933,normalize,date_normalized,"{""event_date"": ""2012-10-01T06:00:00Z""}"
1934,normalize,date_normalized,"{""event_date"": ""2012-10-01T06:00:00Z""}"
1935,normalize,date_normalized,"{""event_date"": ""2012-08-20T06:00:00Z""}"
1936,normalize,date_normalized,"{""event_date"": ""2011-02-15T07:00:00Z""}"
1937,normalize,date_normalized,"{""event_date"": ""2009-01-18T07:00:00Z""}"
1938,normalize,date_normalized,"{""event_date"": ""2010-01-13T07:00:00Z""}"
1939,normalize,date_normalized,"{""event_date"": ""2013-07-20T06:00:00Z""}"
1940,normalize,date_normalized,"{""event_date"": ""2010-12-11T07:00:00Z""}"
1941,normalize,date_normalized,"{""event_date"": ""2012-10-01T06:00:00Z""}"
1942,normalize,date_normalized,"{""event_date"": ""2010-11-23T07:00:00Z""}"
1943,normalize,date_normalized,"{""event_date"": ""2011-10-05T06:00:00Z""}"
1944,normalize,date_normalized,"{""event_date"": ""2012-07-23T06:00:00Z""}"
1945,normalize,date_normalized,"{""event_date"": ""2010-02-24T07:00:00Z""}"
1946,normalize,date_normalized,"{""event_date"": ""2018-04-14T06:00:00Z""}"
1947,normalize,date_normalized,"{""event_date"": ""2012-03-20T06:00:00Z""}"
1948,normalize,date_normalized,"{""event_date"": ""2011-03-21T06:00:00Z""}"
1949,normalize,date_normalized,"{""event_date"": ""2011-10-05T06:00:00Z""}"
1950,normalize,date_normalized,"{""event_date"": ""2014-09-19T06:00:00Z""}"
1951,normalize,date_normalized,"{""event_date"": ""2009-11-18T07:00:00Z""}"
1952,normalize,date_normalized,"{""event_date"": ""2011-11-14T07:00:00Z""}"
1953,normalize,date_normalized,"{""event_date"": ""2011-01-24T07:00:00Z""}"
1954,normalize,date_normalized,"{""event_date"": ""2018-04-14T06:00:00Z""}"
1955,normalize,date_normalized,"{""event_date"": ""2011-05-28T06:00:00Z""}"
1956,normalize,date_normalized,"{""event_date"": ""2010-11-22T07:00:00Z""}"
1957,normalize,date_normalized,"{""event_date"": ""2012-10-01T06:00:00Z""}"
1958,normalize,date_normalized,"{""event_date"": ""2011-10-14T06:00:00Z""}"
1959,normalize,date_normalized,"{""event_date"": ""2012-01-17T07:00:00Z""}"
1960,normalize,date_normalized,"{""event_date"": ""2010-07-26T06:00:00Z""}"
1961,normalize,date_normalized,"{""event_date"": ""2011-02-04T07:00:00Z""}"
1962,normalize,date_normalized,"{""event_date"": ""2012-10-01T06:00:00Z""}"
1963,normalize,date_normalized,"{""event_date"": ""2012-09-12T06:00:00Z""}"
1964,normalize,date_normalized,"{""event_date"": ""2012-01-13T07:00:00Z""}"
1965,normalize,date_normalized,"{""event_date"": ""2010-03-06T07:00:00Z""}"
1966,normalize,date_normalized,"{""event_date"": ""2010-02-10T07:00:00Z""}"
1967,normalize,date_normalized,"{""event_date"": ""2018-04-14T06:00:00Z""}"
1968,normalize,date_normalized,"{""event_date"": ""2012-08-22T06:00:00Z""}"
1969,normalize,date_normalized,"{""event_date"": ""2012-04-12T06:00:00Z""}"
1970,normalize,date_normalized,"{""event_date"": ""2010-11-22T07:00:00Z""}"
1971,normalize,date_normalized,"{""event_date"": ""2013-02-20T07:00:00Z""}"
1972,normalize,date_normalized,"{""event_date"": ""2018-04-14T06:00:00Z""}"
1973,normalize,date_normalized,"{""event_date"": ""2009-12-12T07:00:00Z""}"
1974,normalize,date_normalized,"{""event_date"": ""2012-02-17T07:00:00Z""}"
1975,normalize,date_normalized,"{""event_date"": ""2013-02-28T07:00:00Z""}"
1976,normalize,date_normalized,"{""event_date"": ""2012-03-01T07:00:00Z""}"
1977,normalize,date_normalized,"{""event_date"": ""2012-10-01T06:00:00Z""}"
1978,normalize,date_normalized,"{""event_date"": ""2012-09-14T06:00:00Z""}"
1979,normalize,date_normalized,"{""event_date"": ""2012-08-08T06:00:00Z""}"
1980,normalize,date_normalized,"{""event_date"": ""2012-08-14T06:00:00Z""}"
1981,normalize,date_normalized,"{""event_date"": ""2012-06-18T06:00:00Z""}"
1982,normalize,date_normalized,"{""event_date"": ""2018-04-14T06:00:00Z""}"
1983,normalize,date_normalized,"{""event_date"": ""2010-04-16T06:00:00Z""}"
1984,normalize,date_normalized,"{""event_date"": ""2012-09-06T06:00:00Z""}"
1985,normalize,date_normalized,"{""event_date"": ""2012-08-09T06:00:00Z""}"
1986,normalize,date_normalized,"{""event_date"": ""2011-09-05T06:00:00Z""}"
1987,normalize,date_normalized,"{""event_date"": ""2009-12-01T07:00:00Z""}"
1988,normalize,date_normalized,"{""event_date"": ""2009-10-08T06:00:00Z""}"
1989,normalize,date_normalized,"{""event_date"": ""2012-01-05T07:00:00Z""}"
1990,normalize,date_normalized,"{""event_date"": ""2012-01-05T07:00:00Z""}"
1991,normalize,date_normalized,"{""event_date"": ""2011-11-26T07:00:00Z""}"
1992,normalize,date_normalized,"{""event_date"": ""2012-03-01T07:00:00Z""}"
1993,normalize,date_normalized,"{""event_date"": ""2012-03-01T07:00:00Z""}"
1994,normalize,date_normalized,"{""event_date"": ""2011-06-14T06:00:00Z""}"
1995,normalize,date_normalized,"{""event_date"": ""2009-11-18T07:00:00Z""}"
1996,normalize,date_normalized,"{""event_date"": ""2011-03-01T07:00:00Z""}"
1997,normalize,date_normalized,"{""event_date"": ""2012-06-12T06:00:00Z""}"
1998,normalize,date_normalized,"{""event_date"": ""2012-10-01T06:00:00Z""}"
1999,normalize,date_normalized,"{""event_date"": ""2011-10-22T06:00:00Z""}"
2000,normalize,date_normalized,"{""event_date"": ""2012-11-05T07:00:00Z""}"
2001,normalize,date_normalized,"{""event_date"": ""2012-10-03T06:00:00Z""}"
2002,normalize,date_normalized,"{""event_date"": ""2012-10-23T06:00:00Z""}"
2003,normalize,date_normalized,"{""event_date"": ""2012-06-22T06:00:00Z""}"
2004,normalize,date_normalized,"{""event_date"": ""2012-09-17T06:00:00Z""}"
2005,normalize,date_normalized,"{""event_date"": ""2012-08-20T06:00:00Z""}"
2006,normalize,date_normalized,"{""event_date"": ""2012-10-01T06:00:00Z""}"
2007,normalize,date_normalized,"{""event_date"": ""2011-10-03T06:00:00Z""}"
2008,normalize,date_normalized,"{""event_date"": ""2011-03-02T07:00:00Z""}"
2009,normalize,date_normalized,"{""event_date"": ""2013-02-21T07:00:00Z""}"
2010,normalize,date_normalized,"{""event_date"": ""2011-09-22T06:00:00Z""}"
2011,normalize,date_normalized,"{""event_date"": ""2012-10-01T06:00:00Z""}"
2012,normalize,date_normalized,"{""event_date"": ""2012-10-01T06:00:00Z""}"
2013,normalize,date_normalized,"{""event_date"": ""2011-11-26T07:00:00Z""}"
2014,normalize,date_normalized,"{""event_date"": ""2011-11-14T07:00:00Z""}"
2015,normalize,date_normalized,"{""event_date"": ""2012-08-20T06:00:00Z""}"
2016,normalize,date_normalized,"{""event_date"": ""2012-10-01T06:00:00Z""}"
2017,normalize,date_normalized,"{""event_date"": ""2012-06-09T06:00:00Z""}"
2018,normalize,date_normalized,"{""event_date"": ""2012-11-13T07:00:00Z""}"
2019,normalize,date_normalized,"{""event_date"": ""2012-10-01T06:00:00Z""}"
2020,normalize,date_normalized,"{""event_date"": ""2012-05-25T06:00:00Z""}"
2021,normalize,date_normalized,"{""event_date"": ""2011-02-18T07:00:00Z""}"
2022,normalize,date_normalized,"{""event_date"": ""2011-11-22T07:00:00Z""}"
2023,normalize,date_normalized,"{""event_date"": ""2012-09-12T06:00:00Z""}"
2024,normalize,date_normalized,"{""event_date"": ""2012-09-05T06:00:00Z""}"
2025,normalize,date_normalized,"{""event_date"": ""2011-11-26T07:00:00Z""}"
2026,normalize,date_normalized,"{""event_date"": ""2011-11-02T06:00:00Z""}"
2027,normalize,date_normalized,"{""event_date"": ""2012-10-01T06:00:00Z""}"
2028,normalize,date_normalized,"{""event_date"": ""2013-02-21T07:00:00Z""}"
2029,normalize,date_normalized,"{""event_date"": ""2011-07-15T06:00:00Z""}"
2030,normalize,date_normalized,"{""event_date"": ""2012-12-12T07:00:00Z""}"
2031,normalize,date_normalized,"{""event_date"": ""2012-03-31T06:00:00Z""}"
2032,normalize,date_normalized,"{""event_date"": ""2011-01-14T07:00:00Z""}"
2033,normalize,date_normalized,"{""event_date"": ""2012-10-03T06:00:00Z""}"
2034,normalize,date_normalized,"{""event_date"": ""2012-06-09T06:00:00Z""}"
2035,normalize,date_normalized,"{""event_date"": ""2010-03-15T06:00:00Z""}"
2036,normalize,date_normalized,"{""event_date"": ""2018-04-14T06:00:00Z""}"
2037,normalize,date_normalized,"{""event_date"": ""2012-06-09T06:00:00Z""}"
2038,normalize,date_normalized,"{""event_date"": ""2010-01-27T07:00:00Z""}"
2039,normalize,date_normalized,"{""event_date"": ""2010-07-26T06:00:00Z""}"
2040,normalize,date_normalized,"{""event_date"": ""2012-05-05T06:00:00Z""}"
2041,normalize,date_normalized,"{""event_date"": ""2012-10-23T06:00:00Z""}"
2042,normalize,date_normalized,"{""event_date"": ""2018-04-14T06:00:00Z""}"
2043,normalize,date_normalized,"{""event_date"": ""2012-02-10T07:00:00Z""}"
2044,normalize,date_normalized,"{""event_date"": ""2012-05-22T06:00:00Z""}"
2045,normalize,date_normalized,"{""event_date"": ""2009-05-20T06:00:00Z""}"
2046,normalize,date_normalized,"{""event_date"": ""2012-10-23T06:00:00Z""}"
2047,normalize,date_normalized,"{""event_date"": ""2012-10-03T06:00:00Z""}"
2048,normalize,date_normalized,"{""event_date"": ""2009-05-13T06:00:00Z""}"
2049,normalize,date_normalized,"{""event_date"": ""2090-11-03T06:00:00Z""}"
2050,normalize,date_normalized,"{""event_date"": ""2012-01-23T07:00:00Z""}"
2051,normalize,date_normalized,"{""event_date"": ""2012-10-01T06:00:00Z""}"
2052,normalize,date_normalized,"{""event_date"": ""2011-01-27T07:00:00Z""}"
2053,normalize,date_normalized,"{""event_date"": ""2011-07-14T06:00:00Z""}"
2054,normalize,date_normalized,"{""event_date"": ""2011-02-22T07:00:00Z""}"
2055,normalize,date_normalized,"{""event_date"": ""2010-12-22T07:00:00Z""}"
2056,normalize,date_normalized,"{""event_date"": ""2011-05-24T06:00:00Z""}"
2057,normalize,date_normalized,"{""event_date"": ""2015-01-20T07:00:00Z""}"
2058,normalize,date_normalized,"{""event_date"": ""2010-11-22T07:00:00Z""}"
2059,normalize,date_normalized,"{""event_date"": ""2011-06-29T06:00:00Z""}"
2060,normalize,date_normalized,"{""event_date"": ""2012-03-27T06:00:00Z""}"
2061,normalize,date_normalized,"{""event_date"": ""2011-08-04T06:00:00Z""}"
2062,normalize,date_normalized,"{""event_date"": ""2011-01-27T07:00:00Z""}"
2063,normalize,date_normalized,"{""event_date"": ""2018-04-14T06:00:00Z""}"
2064,normalize,date_normalized,"{""event_date"": ""2012-03-27T06:00:00Z""}"
2065,normalize,date_normalized,"{""event_date"": ""2012-10-01T06:00:00Z""}"
2066,normalize,date_normalized,"{""event_date"": ""2012-02-10T07:00:00Z""}"
2067,normalize,date_normalized,"{""event_date"": ""2015-06-20T06:00:00Z""}"
2068,normalize,date_normalized,"{""event_date"": ""2012-08-14T06:00:00Z""}"
2069,normalize,date_normalized,"{""event_date"": ""2012-01-12T07:00:00Z""}"
2070,normalize,date_normalized,"{""event_date"": ""2012-06-12T06:00:00Z""}"
2071,normalize,date_normalized,"{""event_date"": ""2012-04-10T06:00:00Z""}"
2072,normalize,date_normalized,"{""event_date"": ""2010-03-15T06:00:00Z""}"
2073,normalize,date_normalized,"{""event_date"": ""2011-12-20T07:00:00Z""}"
2074,normalize,date_normalized,"{""event_date"": ""2011-10-05T06:00:00Z""}"
2075,normalize,date_normalized,"{""event_date"": ""2013-07-26T06:00:00Z""}"
2076,normalize,date_normalized,"{""event_date"": ""2012-02-17T07:00:00Z""}"
2077,normalize,date_normalized,"{""event_date"": ""2018-04-14T06:00:00Z""}"
2078,normalize,date_normalized,"{""event_date"": ""2011-01-04T07:00:00Z""}"
2079,normalize,date_normalized,"{""event_date"": ""2011-07-15T06:00:00Z""}"
2080,normalize,date_normalized,"{""event_date"": ""2012-12-11T07:00:00Z""}"
2081,normalize,date_normalized,"{""event_date"": ""2012-10-01T06:00:00Z""}"
2082,normalize,date_normalized,"{""event_date"": ""2012-10-01T06:00:00Z""}"
2083,normalize,date_normalized,"{""event_date"": ""2012-12-11T07:00:00Z""}"
2084,normalize,date_normalized,"{""event_date"": ""2012-06-09T06:00:00Z""}"
2085,normalize,date_normalized,"{""event_date"": ""2018-04-14T06:00:00Z""}"
2086,normalize,date_normalized,"{""event_date"": ""2018-04-13T06:00:00Z""}"
2087,normalize,date_normalized,"{""event_date"": ""2012-10-10T06:00:00Z""}"
2088,normalize,date_normalized,"{""event_date"": ""2011-10-05T06:00:00Z""}"
2089,normalize,date_normalized,"{""event_date"": ""2011-01-27T07:00:00Z""}"
2090,normalize,date_normalized,"{""event_date"": ""2011-10-05T06:00:00Z""}"
2091,normalize,date_normalized,"{""event_date"": ""2012-10-01T06:00:00Z""}"
2092,normalize,date_normalized,"{""event_date"": ""2012-05-24T06:00:00Z""}"
2093,normalize,date_normalized,"{""event_date"": ""2012-02-10T07:00:00Z""}"
2094,normalize,date_normalized,"{""event_date"": ""2012-03-19T06:00:00Z""}"
2095,normalize,date_normalized,"{""event_date"": ""2012-10-01T06:00:00Z""}"
2096,normalize,date_normalized,"{""event_date"": ""2012-06-18T06:00:00Z""}"
2097,normalize,date_normalized,"{""event_date"": ""2012-09-21T06:00:00Z""}"
2098,normalize,date_normalized,"{""event_date"": ""2011-05-13T06:00:00Z""}"
2099,normalize,date_normalized,"{""event_date"": ""2012-03-27T06:00:00Z""}"
2100,normalize,date_normalized,"{""event_date"": ""2012-08-15T06:00:00Z""}"
2101,normalize,date_normalized,"{""event_date"": ""2012-02-02T07:00:00Z""}"
2102,normalize,date_normalized,"{""event_date"": ""2010-10-21T06:00:00Z""}"
2103,normalize,date_normalized,"{""event_date"": ""2018-04-14T06:00:00Z""}"
2104,normalize,date_normalized,"{""event_date"": ""2015-02-23T07:00:00Z""}"
2105,normalize,date_normalized,"{""event_date"": ""2012-01-03T07:00:00Z""}"
2106,normalize,date_normalized,"{""event_date"": ""2011-01-27T07:00:00Z""}"
2107,normalize,date_normalized,"{""event_date"": ""2012-08-04T06:00:00Z""}"
2108,normalize,date_normalized,"{""event_date"": ""2012-08-14T06:00:00Z""}"
2109,normalize,date_normalized,"{""event_date"": ""2012-04-12T06:00:00Z""}"
2110,normalize,date_normalized,"{""event_date"": ""2011-01-04T07:00:00Z""}"
2111,normalize,date_normalized,"{""event_date"": ""2011-07-08T06:00:00Z""}"
2112,normalize,date_normalized,"{""event_date"": ""2011-09-21T06:00:00Z""}"
2113,normalize,date_normalized,"{""event_date"": ""2013-02-21T07:00:00Z""}"
2114,normalize,date_normalized,"{""event_date"": ""2015-02-27T07:00:00Z""}"
2115,normalize,date_normalized,"{""event_date"": ""2011-11-19T07:00:00Z""}"
2116,normalize,date_normalized,"{""event_date"": ""2011-10-31T06:00:00Z""}"
2117,normalize,date_normalized,"{""event_date"": ""2012-08-29T06:00:00Z""}"
2118,normalize,date_normalized,"{""event_date"": ""2012-10-01T06:00:00Z""}"
2119,normalize,date_normalized,"{""event_date"": ""2012-10-01T06:00:00Z""}"
2120,normalize,date_normalized,"{""event_date"": ""2012-03-15T06:00:00Z""}"
2121,normalize,date_normalized,"{""event_date"": ""2012-02-04T07:00:00Z""}"
2122,normalize,date_normalized,"{""event_date"": ""2010-11-21T07:00:00Z""}"
2123,normalize,date_normalized,"{""event_date"": ""2009-11-23T07:00:00Z""}"
2124,normalize,date_normalized,"{""event_date"": ""2011-03-02T07:00:00Z""}"
2125,normalize,date_normalized,"{""event_date"": ""2010-02-19T07:00:00Z""}"
2126,normalize,date_normalized,"{""event_date"": ""2012-03-27T06:00:00Z""}"
2127,normalize,date_normalized,"{""event_date"": ""2012-12-11T07:00:00Z""}"
2128,normalize,date_normalized,"{""event_date"": ""2012-08-15T06:00:00Z""}"
2129,normalize,date_normalized,"{""event_date"": ""2011-01-11T07:00:00Z""}"
2130,normalize,date_normalized,"{""event_date"": ""2011-03-02T07:00:00Z""}"
2131,normalize,date_normalized,"{""event_date"": ""2013-08-01T06:00:00Z""}"
2132,normalize,date_normalized,"{""event_date"": ""2013-07-01T06:00:00Z""}"
2133,normalize,date_normalized,"{""event_date"": ""2010-02-26T07:00:00Z""}"
2134,normalize,date_normalized,"{""event_date"": ""2009-11-17T07:00:00Z""}"
2135,normalize,date_normalized,"{""event_date"": ""2011-06-03T06:00:00Z""}"
2136,normalize,date_normalized,"{""event_date"": ""2011-08-01T06:00:00Z""}"
2137,normalize,date_normalized,"{""event_date"": ""2011-08-09T06:00:00Z""}"
2138,normalize,date_normalized,"{""event_date"": ""2011-06-29T06:00:00Z""}"
2139,normalize,date_normalized,"{""event_date"": ""2011-04-25T06:00:00Z""}"
2140,normalize,date_normalized,"{""event_date"": ""2012-06-18T06:00:00Z""}"
2141,normalize,date_normalized,"{""event_date"": ""2010-01-05T07:00:00Z""}"
2142,normalize,date_normalized,"{""event_date"": ""2010-07-15T06:00:00Z""}"
2143,normalize,date_normalized,"{""event_date"": ""2011-11-28T07:00:00Z""}"
2144,normalize,date_normalized,"{""event_date"": ""2011-08-26T06:00:00Z""}"
2145,normalize,date_normalized,"{""event_date"": ""2011-04-11T06:00:00Z""}"
2146,normalize,date_normalized,"{""event_date"": ""2011-01-25T07:00:00Z""}"
2147,normalize,date_normalized,"{""event_date"": ""2010-01-26T07:00:00Z""}"
2148,normalize,date_normalized,"{""event_date"": ""2011-05-24T06:00:00Z""}"
2149,normalize,date_normalized,"{""event_date"": ""2011-11-21T07:00:00Z""}"
2150,normalize,date_normalized,"{""event_date"": ""2012-01-13T07:00:00Z""}"
2151,normalize,date_normalized,"{""event_date"": ""2011-10-10T06:00:00Z""}"
2152,normalize,date_normalized,"{""event_date"": ""2011-04-25T06:00:00Z""}"
2153,normalize,date_normalized,"{""event_date"": ""2011-04-25T06:00:00Z""}"
2154,normalize,date_normalized,"{""event_date"": ""2011-06-29T06:00:00Z""}"
2155,normalize,date_normalized,"{""event_date"": ""2013-08-02T06:00:00Z""}"
2156,normalize,date_normalized,"{""event_date"": ""2011-11-21T07:00:00Z""}"
2157,normalize,date_normalized,"{""event_date"": ""2011-04-25T06:00:00Z""}"
2158,normalize,date_normalized,"{""event_date"": ""2011-03-01T07:00:00Z""}"
2159,normalize,date_normalized,"{""event_date"": ""2011-04-25T06:00:00Z""}"
2160,normalize,date_normalized,"{""event_date"": ""2013-02-20T07:00:00Z""}"
2161,normalize,date_normalized,"{""event_date"": ""2011-12-06T07:00:00Z""}"
2162,normalize,date_normalized,"{""event_date"": ""2011-04-25T06:00:00Z""}"
2163,normalize,date_normalized,"{""event_date"": ""2011-10-03T06:00:00Z""}"
2164,normalize,date_normalized,"{""event_date"": ""2013-07-23T06:00:00Z""}"
2165,normalize,date_normalized,"{""event_date"": ""2012-01-13T07:00:00Z""}"
2166,normalize,date_normalized,"{""event_date"": ""2011-06-03T06:00:00Z""}"
2167,normalize,date_normalized,"{""event_date"": ""2011-10-18T06:00:00Z""}"
2168,normalize,date_normalized,"{""event_date"": ""2013-02-21T07:00:00Z""}"
2169,normalize,date_normalized,"{""event_date"": ""2011-10-08T06:00:00Z""}"
2170,normalize,date_normalized,"{""event_date"": ""2011-12-21T07:00:00Z""}"
2171,normalize,date_normalized,"{""event_date"": ""2011-03-16T06:00:00Z""}"
2172,normalize,date_normalized,"{""event_date"": ""2012-01-13T07:00:00Z""}"
2173,normalize,date_normalized,"{""event_date"": ""2010-12-12T07:00:00Z""}"
2174,normalize,date_normalized,"{""event_date"": ""2011-10-08T06:00:00Z""}"
2175,normalize,date_normalized,"{""event_date"": ""2011-03-16T06:00:00Z""}"
2176,normalize,date_normalized,"{""event_date"": ""2011-08-09T06:00:00Z""}"
2177,normalize,date_normalized,"{""event_date"": ""2012-01-13T07:00:00Z""}"
2178,normalize,date_normalized,"{""event_date"": ""2011-10-18T06:00:00Z""}"
2179,normalize,date_normalized,"{""event_date"": ""2011-03-10T07:00:00Z""}"
2180,normalize,date_normalized,"{""event_date"": ""2011-10-18T06:00:00Z""}"
2181,normalize,date_normalized,"{""event_date"": ""2009-03-17T06:00:00Z""}"
2182,normalize,date_normalized,"{""event_date"": ""2011-06-03T06:00:00Z""}"
2183,normalize,date_normalized,"{""event_date"": ""2011-12-15T07:00:00Z""}"
2184,normalize,date_normalized,"{""event_date"": ""2011-08-09T06:00:00Z""}"
2185,normalize,date_normalized,"{""event_date"": ""2011-06-29T06:00:00Z""}"
2186,normalize,date_normalized,"{""event_date"": ""2011-09-16T06:00:00Z""}"
2187,normalize,date_normalized,"{""event_date"": ""2011-01-12T07:00:00Z""}"
2188,normalize,date_normalized,"{""event_date"": ""2011-03-01T07:00:00Z""}"
2189,normalize,date_normalized,"{""event_date"": ""2011-04-25T06:00:00Z""}"
2190,normalize,date_normalized,"{""event_date"": ""2015-02-25T07:00:00Z""}"
2191,normalize,date_normalized,"{""event_date"": ""2011-03-09T07:00:00Z""}"
2192,normalize,date_normalized,"{""event_date"": ""2011-07-19T06:00:00Z""}"
2193,normalize,date_normalized,"{""event_date"": ""2011-07-19T06:00:00Z""}"
2194,normalize,date_normalized,"{""event_date"": ""2011-01-24T07:00:00Z""}"
2195,normalize,date_normalized,"{""event_date"": ""2011-03-10T07:00:00Z""}"
2196,normalize,date_normalized,"{""event_date"": ""2011-04-12T06:00:00Z""}"
2197,normalize,date_normalized,"{""event_date"": ""2012-08-16T06:00:00Z""}"
2198,normalize,date_normalized,"{""event_date"": ""2011-06-03T06:00:00Z""}"
2199,normalize,date_normalized,"{""event_date"": ""2011-06-29T06:00:00Z""}"
2200,normalize,date_normalized,"{""event_date"": ""2011-07-20T06:00:00Z""}"
2201,normalize,date_normalized,"{""event_date"": ""2011-03-10T07:00:00Z""}"
2202,normalize,date_normalized,"{""event_date"": ""2013-10-08T06:00:00Z""}"
2203,normalize,date_normalized,"{""event_date"": ""2011-10-10T06:00:00Z""}"
2204,normalize,date_normalized,"{""event_date"": ""2011-04-25T06:00:00Z""}"
2205,normalize,date_normalized,"{""event_date"": ""2011-11-28T07:00:00Z""}"
2206,normalize,date_normalized,"{""event_date"": ""2011-07-30T06:00:00Z""}"
2207,normalize,date_normalized,"{""event_date"": ""2011-04-25T06:00:00Z""}"
2208,normalize,date_normalized,"{""event_date"": ""2014-07-02T06:00:00Z""}"
2209,normalize,date_normalized,"{""event_date"": ""2011-04-12T06:00:00Z""}"
2210,normalize,date_normalized,"{""event_date"": ""2009-05-16T06:00:00Z""}"
2211,normalize,date_normalized,"{""event_date"": ""2011-12-06T07:00:00Z""}"
2212,normalize,date_normalized,"{""event_date"": ""2011-07-20T06:00:00Z""}"
2213,normalize,date_normalized,"{""event_date"": ""2014-07-02T06:00:00Z""}"
2214,normalize,date_normalized,"{""event_date"": ""2010-04-27T06:00:00Z""}"
2215,normalize,date_normalized,"{""event_date"": ""2011-07-30T06:00:00Z""}"
2216,normalize,date_normalized,"{""event_date"": ""2011-12-13T07:00:00Z""}"
2217,normalize,date_normalized,"{""event_date"": ""2011-10-08T06:00:00Z""}"
2218,normalize,date_normalized,"{""event_date"": ""2011-07-30T06:00:00Z""}"
2219,normalize,date_normalized,"{""event_date"": ""2012-11-13T07:00:00Z""}"
2220,normalize,date_normalized,"{""event_date"": ""2011-07-30T06:00:00Z""}"
2221,normalize,date_normalized,"{""event_date"": ""2011-12-16T07:00:00Z""}"
2222,normalize,date_normalized,"{""event_date"": ""2012-01-13T07:00:00Z""}"
2223,normalize,date_normalized,"{""event_date"": ""2011-11-21T07:00:00Z""}"
2224,normalize,date_normalized,"{""event_date"": ""2011-07-19T06:00:00Z""}"
2225,normalize,date_normalized,"{""event_date"": ""2012-01-13T07:00:00Z""}"
2226,normalize,date_normalized,"{""event_date"": ""2015-02-23T07:00:00Z""}"
2227,normalize,date_normalized,"{""event_date"": ""2010-01-05T07:00:00Z""}"
2228,normalize,date_normalized,"{""event_date"": ""2015-01-20T07:00:00Z""}"
2229,normalize,date_normalized,"{""event_date"": ""2011-03-01T07:00:00Z""}"
2230,normalize,date_normalized,"{""event_date"": ""2012-01-13T07:00:00Z""}"
2231,normalize,date_normalized,"{""event_date"": ""2010-12-12T07:00:00Z""}"
2232,normalize,date_normalized,"{""event_date"": ""2013-04-13T06:00:00Z""}"
2233,normalize,date_normalized,"{""event_date"": ""2013-10-24T06:00:00Z""}"
2234,normalize,date_normalized,"{""event_date"": ""2013-07-23T06:00:00Z""}"
2235,normalize,date_normalized,"{""event_date"": ""2013-05-03T06:00:00Z""}"
2236,normalize,date_normalized,"{""event_date"": ""2014-09-26T06:00:00Z""}"
2237,normalize,date_normalized,"{""event_date"": ""2018-04-14T06:00:00Z""}"
2238,normalize,date_normalized,"{""event_date"": ""2014-08-07T06:00:00Z""}"
2239,normalize,date_normalized,"{""event_date"": ""2014-07-27T06:00:00Z""}"
2240,normalize,date_normalized,"{""event_date"": ""2014-11-18T07:00:00Z""}"
2241,normalize,date_normalized,"{""event_date"": ""2013-02-20T07:00:00Z""}"
2242,normalize,date_normalized,"{""event_date"": ""2014-05-22T06:00:00Z""}"
2243,normalize,date_normalized,"{""event_date"": ""2014-12-22T07:00:00Z""}"
2244,normalize,date_normalized,"{""event_date"": ""2014-05-13T06:00:00Z""}"
2245,normalize,date_normalized,"{""event_date"": ""2013-04-16T06:00:00Z""}"
2246,normalize,date_normalized,"{""event_date"": ""2014-07-25T06:00:00Z""}"
2247,normalize,date_normalized,"{""event_date"": ""2014-07-30T06:00:00Z""}"
2248,normalize,date_normalized,"{""event_date"": ""2013-08-14T06:00:00Z""}"
2249,normalize,date_normalized,"{""event_date"": ""2013-10-03T06:00:00Z""}"
2250,normalize,date_normalized,"{""event_date"": ""2014-07-30T06:00:00Z""}"
2251,normalize,date_normalized,"{""event_date"": ""2013-08-21T06:00:00Z""}"
2252,normalize,date_normalized,"{""event_date"": ""2013-02-21T07:00:00Z""}"
2253,normalize,date_normalized,"{""event_date"": ""2014-02-13T07:00:00Z""}"
2254,normalize,date_normalized,"{""event_date"": ""2014-05-13T06:00:00Z""}"
2255,normalize,date_normalized,"{""event_date"": ""2013-08-06T06:00:00Z""}"
2256,normalize,date_normalized,"{""event_date"": ""2014-10-28T06:00:00Z""}"
2257,normalize,date_normalized,"{""event_date"": ""2013-12-30T07:00:00Z""}"
2258,normalize,date_normalized,"{""event_date"": ""2013-05-08T06:00:00Z""}"
2259,normalize,date_normalized,"{""event_date"": ""2013-05-23T06:00:00Z""}"
2260,normalize,date_normalized,"{""event_date"": ""2013-12-26T07:00:00Z""}"
2261,normalize,date_normalized,"{""event_date"": ""2014-03-17T06:00:00Z""}"
2262,normalize,date_normalized,"{""event_date"": ""2013-09-03T06:00:00Z""}"
2263,normalize,date_normalized,"{""event_date"": ""2013-10-24T06:00:00Z""}"
2264,normalize,date_normalized,"{""event_date"": ""2013-06-14T06:00:00Z""}"
2265,normalize,date_normalized,"{""event_date"": ""2013-08-01T06:00:00Z""}"
2266,normalize,date_normalized,"{""event_date"": ""2013-05-10T06:00:00Z""}"
2267,normalize,date_normalized,"{""event_date"": ""2013-12-06T07:00:00Z""}"
2268,normalize,date_normalized,"{""event_date"": ""2014-08-05T06:00:00Z""}"
2269,normalize,date_normalized,"{""event_date"": ""2012-12-12T07:00:00Z""}"
2270,normalize,date_normalized,"{""event_date"": ""2018-04-14T06:00:00Z""}"
2271,normalize,date_normalized,"{""event_date"": ""2014-05-14T06:00:00Z""}"
2272,normalize,date_normalized,"{""event_date"": ""2013-07-22T06:00:00Z""}"
2273,normalize,date_normalized,"{""event_date"": ""2018-04-13T06:00:00Z""}"
2274,normalize,date_normalized,"{""event_date"": ""2014-03-31T06:00:00Z""}"
2275,normalize,date_normalized,"{""event_date"": ""2018-04-14T06:00:00Z""}"
2276,normalize,date_normalized,"{""event_date"": ""2013-07-30T06:00:00Z""}"
2277,normalize,date_normalized,"{""event_date"": ""2018-04-14T06:00:00Z""}"
2278,normalize,date_normalized,"{""event_date"": ""2011-03-24T06:00:00Z""}"
2279,normalize,date_normalized,"{""event_date"": ""2014-05-14T06:00:00Z""}"
2280,normalize,date_normalized,"{""event_date"": ""2013-08-01T06:00:00Z""}"
2281,normalize,date_normalized,"{""event_date"": ""2012-12-05T07:00:00Z""}"
2282,normalize,date_normalized,"{""event_date"": ""2012-09-19T06:00:00Z""}"
2283,normalize,date_normalized,"{""event_date"": ""2014-03-24T06:00:00Z""}"
2284,normalize,date_normalized,"{""event_date"": ""2011-03-14T06:00:00Z""}"
2285,normalize,date_normalized,"{""event_date"": ""2014-03-12T06:00:00Z""}"
2286,normalize,date_normalized,"{""event_date"": ""2012-12-11T07:00:00Z""}"
2287,normalize,date_normalized,"{""event_date"": ""2014-04-18T06:00:00Z""}"
2288,normalize,date_normalized,"{""event_date"": ""2012-12-05T07:00:00Z""}"
2289,normalize,date_normalized,"{""event_date"": ""2013-07-25T06:00:00Z""}"
2290,normalize,date_normalized,"{""event_date"": ""2012-11-20T07:00:00Z""}"
2291,normalize,date_normalized,"{""event_date"": ""2012-12-11T07:00:00Z""}"
2292,normalize,date_normalized,"{""event_date"": ""2014-03-24T06:00:00Z""}"
2293,normalize,date_normalized,"{""event_date"": ""2012-12-05T07:00:00Z""}"
2294,normalize,date_normalized,"{""event_date"": ""2011-01-15T07:00:00Z""}"
2295,normalize,date_normalized,"{""event_date"": ""2014-04-29T06:00:00Z""}"
2296,normalize,date_normalized,"{""event_date"": ""2012-12-11T07:00:00Z""}"
2297,normalize,date_normalized,"{""event_date"": ""2012-10-12T06:00:00Z""}"
2298,normalize,date_normalized,"{""event_date"": ""2018-04-14T06:00:00Z""}"
2299,normalize,date_normalized,"{""event_date"": ""2014-03-12T06:00:00Z""}"
2300,normalize,date_normalized,"{""event_date"": ""2011-03-24T06:00:00Z""}"
2301,normalize,date_normalized,"{""event_date"": ""2012-11-20T07:00:00Z""}"
2302,normalize,date_normalized,"{""event_date"": ""2011-03-14T06:00:00Z""}"
2303,normalize,date_normalized,"{""event_date"": ""2014-03-04T07:00:00Z""}"
2304,normalize,date_normalized,"{""event_date"": ""2018-04-14T06:00:00Z""}"
2305,normalize,date_normalized,"{""event_date"": ""2015-07-01T06:00:00Z""}"
2306,normalize,date_normalized,"{""event_date"": ""2011-03-09T07:00:00Z""}"
2307,normalize,date_normalized,"{""event_date"": ""2014-05-14T06:00:00Z""}"
2308,normalize,date_normalized,"{""event_date"": ""2012-09-19T06:00:00Z""}"
2309,normalize,date_normalized,"{""event_date"": ""2011-03-09T07:00:00Z""}"
2310,normalize,date_normalized,"{""event_date"": ""2014-04-23T06:00:00Z""}"
2311,normalize,date_normalized,"{""event_date"": ""2014-05-14T06:00:00Z""}"
2312,normalize,date_normalized,"{""event_date"": ""2013-07-17T06:00:00Z""}"
2313,normalize,date_normalized,"{""event_date"": ""2014-06-06T06:00:00Z""}"
2314,normalize,date_normalized,"{""event_date"": ""2009-09-12T06:00:00Z""}"
2315,normalize,date_normalized,"{""event_date"": ""2010-01-28T07:00:00Z""}"
2316,normalize,date_normalized,"{""event_date"": ""2015-02-24T07:00:00Z""}"
2317,normalize,date_normalized,"{""event_date"": ""2018-04-14T06:00:00Z""}"
2318,normalize,date_normalized,"{""event_date"": ""2018-04-14T06:00:00Z""}"
2319,normalize,date_normalized,"{""event_date"": ""2010-02-12T07:00:00Z""}"
2320,normalize,date_normalized,"{""event_date"": ""2018-04-14T06:00:00Z""}"
2321,normalize,date_normalized,"{""event_date"": ""2018-04-14T06:00:00Z""}"
2322,normalize,date_normalized,"{""event_date"": ""2009-04-26T06:00:00Z""}"
2323,normalize,date_normalized,"{""event_date"": ""2010-04-13T06:00:00Z""}"
2324,normalize,date_normalized,"{""event_date"": ""2015-06-20T06:00:00Z""}"
2325,normalize,date_normalized,"{""event_date"": ""2009-06-29T06:00:00Z""}"
2326,normalize,date_normalized,"{""event_date"": ""2010-01-13T07:00:00Z""}"
2327,normalize,date_normalized,"{""event_date"": ""2018-04-14T06:00:00Z""}"
2328,normalize,date_normalized,"{""event_date"": ""2010-02-12T07:00:00Z""}"
2329,normalize,date_normalized,"{""event_date"": ""2014-11-18T07:00:00Z""}"
2330,normalize,date_normalized,"{""event_date"": ""2018-04-14T06:00:00Z""}"
2331,normalize,date_normalized,"{""event_date"": ""2008-10-08T06:00:00Z""}"
2332,normalize,date_normalized,"{""event_date"": ""2018-04-14T06:00:00Z""}"
2333,normalize,date_normalized,"{""event_date"": ""2018-04-14T06:00:00Z""}"
2334,normalize,date_normalized,"{""event_date"": ""2010-10-21T06:00:00Z""}"
2335,normalize,date_normalized,"{""event_date"": ""2014-12-09T07:00:00Z""}"
2336,normalize,date_normalized,"{""event_date"": ""2014-04-18T06:00:00Z""}"
2337,normalize,date_normalized,"{""event_date"": ""2015-02-24T07:00:00Z""}"
2338,normalize,date_normalized,"{""event_date"": ""2015-02-23T07:00:00Z""}"
2339,normalize,date_normalized,"{""event_date"": ""2012-08-16T06:00:00Z""}"
2340,normalize,date_normalized,"{""event_date"": ""2015-02-24T07:00:00Z""}"
2341,normalize,date_normalized,"{""event_date"": ""2010-04-05T06:00:00Z""}"
2342,normalize,date_normalized,"{""event_date"": ""2010-01-26T07:00:00Z""}"
2343,normalize,date_normalized,"{""event_date"": ""2013-02-21T07:00:00Z""}"
2344,normalize,date_normalized,"{""event_date"": ""2018-04-13T06:00:00Z""}"
2345,normalize,date_normalized,"{""event_date"": ""2015-07-01T06:00:00Z""}"
2346,normalize,date_normalized,"{""event_date"": ""2011-01-29T07:00:00Z""}"
2347,normalize,date_normalized,"{""event_date"": ""2011-06-01T06:00:00Z""}"
2348,normalize,date_normalized,"{""event_date"": ""2014-11-03T07:00:00Z""}"
2349,normalize,date_normalized,"{""event_date"": ""2013-02-15T07:00:00Z""}"
2350,normalize,date_normalized,"{""event_date"": ""2014-06-25T06:00:00Z""}"
2351,normalize,date_normalized,"{""event_date"": ""2014-08-12T06:00:00Z""}"
2352,normalize,date_normalized,"{""event_date"": ""2014-05-12T06:00:00Z""}"
2353,normalize,date_normalized,"{""event_date"": ""2009-09-04T06:00:00Z""}"
2354,normalize,date_normalized,"{""event_date"": ""2014-09-26T06:00:00Z""}"
2355,normalize,date_normalized,"{""event_date"": ""2014-09-04T06:00:00Z""}"
2356,normalize,date_normalized,"{""event_date"": ""2010-11-03T06:00:00Z""}"
2357,normalize,date_normalized,"{""event_date"": ""2018-04-14T06:00:00Z""}"
2358,normalize,date_normalized,"{""event_date"": ""2009-10-02T06:00:00Z""}"
2359,normalize,date_normalized,"{""event_date"": ""2009-10-02T06:00:00Z""}"
2360,normalize,date_normalized,"{""event_date"": ""2018-04-14T06:00:00Z""}"
2361,normalize,date_normalized,"{""event_date"": ""2009-11-10T07:00:00Z""}"
2362,normalize,date_normalized,"{""event_date"": ""2009-10-02T06:00:00Z""}"
2363,normalize,date_normalized,"{""event_date"": ""2009-10-01T06:00:00Z""}"
2364,normalize,date_normalized,"{""event_date"": ""2009-10-01T06:00:00Z""}"
2365,normalize,date_normalized,"{""event_date"": ""2009-10-02T06:00:00Z""}"
2366,normalize,date_normalized,"{""event_date"": ""2014-07-10T06:00:00Z""}"
2367,normalize,date_normalized,"{""event_date"": ""2010-11-03T06:00:00Z""}"
2368,normalize,date_normalized,"{""event_date"": ""2014-12-10T07:00:00Z""}"
2369,normalize,date_normalized,"{""event_date"": ""2018-04-14T06:00:00Z""}"
2370,normalize,date_normalized,"{""event_date"": ""2018-04-14T06:00:00Z""}"
2371,normalize,date_normalized,"{""event_date"": ""2014-06-20T06:00:00Z""}"
2372,normalize,date_normalized,"{""event_date"": ""2014-09-18T06:00:00Z""}"
2373,normalize,date_normalized,"{""event_date"": ""2011-10-24T06:00:00Z""}"
2374,normalize,date_normalized,"{""event_date"": ""2011-10-09T06:00:00Z""}"
2375,normalize,date_normalized,"{""event_date"": ""2011-10-24T06:00:00Z""}"
2376,normalize,date_normalized,"{""event_date"": ""2018-04-14T06:00:00Z""}"
2377,normalize,date_normalized,"{""event_date"": ""2011-10-17T06:00:00Z""}"
2378,normalize,date_normalized,"{""event_date"": ""2013-07-18T06:00:00Z""}"
2379,normalize,date_normalized,"{""event_date"": ""2014-02-25T07:00:00Z""}"
2380,normalize,date_normalized,"{""event_date"": ""2014-05-13T06:00:00Z""}"
2381,normalize,date_normalized,"{""event_date"": ""2012-12-08T07:00:00Z""}"
2382,normalize,date_normalized,"{""event_date"": ""2013-07-16T06:00:00Z""}"
2383,normalize,date_normalized,"{""event_date"": ""2014-02-25T07:00:00Z""}"
2384,normalize,date_normalized,"{""event_date"": ""2009-06-18T06:00:00Z""}"
2385,normalize,date_normalized,"{""event_date"": ""2013-08-28T06:00:00Z""}"
2386,normalize,date_normalized,"{""event_date"": ""2013-01-27T07:00:00Z""}"
2387,normalize,date_normalized,"{""event_date"": ""2013-08-17T06:00:00Z""}"
2388,normalize,date_normalized,"{""event_date"": ""2011-10-17T06:00:00Z""}"
2389,normalize,date_normalized,"{""event_date"": ""2018-04-14T06:00:00Z""}"
2390,normalize,date_normalized,"{""event_date"": ""2013-05-28T06:00:00Z""}"
2391,normalize,date_normalized,"{""event_date"": ""2018-04-14T06:00:00Z""}"
2392,normalize,date_normalized,"{""event_date"": ""2018-04-14T06:00:00Z""}"
2393,normalize,date_normalized,"{""event_date"": ""2018-04-14T06:00:00Z""}"
2394,normalize,date_normalized,"{""event_date"": ""2018-04-14T06:00:00Z""}"
2395,normalize,date_normalized,"{""event_date"": ""2018-04-14T06:00:00Z""}"
2396,normalize,date_normalized,"{""event_date"": ""2014-06-30T06:00:00Z""}"
2397,normalize,date_normalized,"{""event_date"": ""2013-08-19T06:00:00Z""}"
2398,normalize,date_normalized,"{""event_date"": ""2018-04-14T06:00:00Z""}"
2399,normalize,date_normalized,"{""event_date"": ""2010-11-03T06:00:00Z""}"
2400,normalize,date_normalized,"{""event_date"": ""2018-04-14T06:00:00Z""}"
2401,normalize,date_normalized,"{""event_date"": ""2013-08-19T06:00:00Z""}"
2402,normalize,date_normalized,"{""event_date"": ""2018-04-14T06:00:00Z""}"
2403,normalize,date_normalized,"{""event_date"": ""2014-08-18T06:00:00Z""}"
2404,normalize,date_normalized,"{""event_date"": ""2018-04-14T06:00:00Z""}"
2405,normalize,date_normalized,"{""event_date"": ""2013-06-23T06:00:00Z""}"
2406,normalize,date_normalized,"{""event_date"": ""2018-04-14T06:00:00Z""}"
2407,normalize,date_normalized,"{""event_date"": ""2013-08-27T06:00:00Z""}"
2408,normalize,date_normalized,"{""event_date"": ""2013-05-14T06:00:00Z""}"
2409,normalize,date_normalized,"{""event_date"": ""2018-04-14T06:00:00Z""}"
2410,normalize,date_normalized,"{""event_date"": ""2011-10-26T06:00:00Z""}"
2411,normalize,date_normalized,"{""event_date"": ""2013-08-21T06:00:00Z""}"
2412,normalize,date_normalized,"{""event_date"": ""2012-11-13T07:00:00Z""}"
2413,normalize,date_normalized,"{""event_date"": ""2013-08-19T06:00:00Z""}"
2414,normalize,date_normalized,"{""event_date"": ""2018-04-14T06:00:00Z""}"
2415,normalize,date_normalized,"{""event_date"": ""2014-06-28T06:00:00Z""}"
2416,normalize,date_normalized,"{""event_date"": ""2014-06-28T06:00:00Z""}"
2417,normalize,date_normalized,"{""event_date"": ""2018-04-14T06:00:00Z""}"
2418,normalize,date_normalized,"{""event_date"": ""2018-04-14T06:00:00Z""}"
2419,normalize,date_normalized,"{""event_date"": ""2018-04-14T06:00:00Z""}"
2420,normalize,date_normalized,"{""event_date"": ""2018-04-14T06:00:00Z""}"
2421,normalize,date_normalized,"{""event_date"": ""2009-01-01T07:00:00Z""}"
2422,normalize,date_normalized,"{""event_date"": ""2013-08-19T06:00:00Z""}"
2423,normalize,date_normalized,"{""event_date"": ""2018-04-14T06:00:00Z""}"
2424,normalize,date_normalized,"{""event_date"": ""2013-08-19T06:00:00Z""}"
2425,normalize,date_normalized,"{""event_date"": ""2018-04-14T06:00:00Z""}"
2426,normalize,date_normalized,"{""event_date"": ""2018-04-14T06:00:00Z""}"
2427,normalize,date_normalized,"{""event_date"": ""2014-08-26T06:00:00Z""}"
2428,normalize,date_normalized,"{""event_date"": ""2013-06-18T06:00:00Z""}"
2429,normalize,date_normalized,"{""event_date"": ""2014-08-26T06:00:00Z""}"
2430,normalize,date_normalized,"{""event_date"": ""2018-04-14T06:00:00Z""}"
2431,normalize,date_normalized,"{""event_date"": ""2018-04-14T06:00:00Z""}"
2432,normalize,date_normalized,"{""event_date"": ""2008-01-20T07:00:00Z""}"
2433,normalize,date_normalized,"{""event_date"": ""2018-04-14T06:00:00Z""}"
2434,normalize,date_normalized,"{""event_date"": ""2014-06-17T06:00:00Z""}"
2435,normalize,date_normalized,"{""event_date"": ""2018-04-14T06:00:00Z""}"
2436,normalize,date_normalized,"{""event_date"": ""2018-04-14T06:00:00Z""}"
2437,normalize,date_normalized,"{""event_date"": ""2018-04-14T06:00:00Z""}"
2438,normalize,date_normalized,"{""event_date"": ""2018-04-14T06:00:00Z""}"
2439,normalize,date_normalized,"{""event_date"": ""2018-04-14T06:00:00Z""}"
2440,normalize,date_normalized,"{""event_date"": ""2014-08-23T06:00:00Z""}"
2441,normalize,date_normalized,"{""event_date"": ""2013-08-13T06:00:00Z""}"
2442,normalize,date_normalized,"{""event_date"": ""2018-04-14T06:00:00Z""}"
2443,normalize,date_normalized,"{""event_date"": ""2011-12-28T07:00:00Z""}"
2444,normalize,date_normalized,"{""event_date"": ""2013-04-23T06:00:00Z""}"
2445,normalize,date_normalized,"{""event_date"": ""2018-04-14T06:00:00Z""}"
2446,normalize,date_normalized,"{""event_date"": ""2013-04-18T06:00:00Z""}"
2447,normalize,date_normalized,"{""event_date"": ""2013-08-19T06:00:00Z""}"
2448,normalize,date_normalized,"{""event_date"": ""2018-04-14T06:00:00Z""}"
2449,normalize,date_normalized,"{""event_date"": ""2018-04-14T06:00:00Z""}"
2450,normalize,date_normalized,"{""event_date"": ""2014-08-26T06:00:00Z""}"
2451,normalize,date_normalized,"{""event_date"": ""2013-05-28T06:00:00Z""}"
2452,normalize,date_normalized,"{""event_date"": ""2013-08-31T06:00:00Z""}"
2453,normalize,date_normalized,"{""event_date"": ""2018-04-14T06:00:00Z""}"
2454,normalize,date_normalized,"{""event_date"": ""2010-12-17T07:00:00Z""}"
2455,normalize,date_normalized,"{""event_date"": ""2013-12-21T07:00:00Z""}"
2456,normalize,date_normalized,"{""event_date"": ""2018-04-14T06:00:00Z""}"
2457,normalize,date_normalized,"{""event_date"": ""2013-03-11T06:00:00Z""}"
2458,normalize,date_normalized,"{""event_date"": ""2018-04-14T06:00:00Z""}"
2459,normalize,date_normalized,"{""event_date"": ""2013-04-25T06:00:00Z""}"
2460,normalize,date_normalized,"{""event_date"": ""2018-04-14T06:00:00Z""}"
2461,normalize,date_normalized,"{""event_date"": ""2018-04-14T06:00:00Z""}"
2462,normalize,date_normalized,"{""event_date"": ""2018-04-14T06:00:00Z""}"
2463,normalize,date_normalized,"{""event_date"": ""2018-04-14T06:00:00Z""}"
2464,normalize,date_normalized,"{""event_date"": ""2014-08-26T06:00:00Z""}"
2465,normalize,date_normalized,"{""event_date"": ""2009-06-08T06:00:00Z""}"
2466,normalize,date_normalized,"{""event_date"": ""2018-04-14T06:00:00Z""}"
2467,normalize,date_normalized,"{""event_date"": ""2012-12-23T07:00:00Z""}"
2468,normalize,date_normalized,"{""event_date"": ""2013-03-12T06:00:00Z""}"
2469,normalize,date_normalized,"{""event_date"": ""2018-04-14T06:00:00Z""}"
2470,normalize,date_normalized,"{""event_date"": ""2018-04-14T06:00:00Z""}"
2471,normalize,date_normalized,"{""event_date"": ""2018-04-14T06:00:00Z""}"
2472,normalize,date_normalized,"{""event_date"": ""2018-04-14T06:00:00Z""}"
2473,normalize,date_normalized,"{""event_date"": ""2018-04-14T06:00:00Z""}"
2474,normalize,date_normalized,"{""event_date"": ""2012-03-08T07:00:00Z""}"
2475,normalize,date_normalized,"{""event_date"": ""2011-04-19T06:00:00Z""}"
2476,normalize,date_normalized,"{""event_date"": ""2018-04-14T06:00:00Z""}"
2477,normalize,date_normalized,"{""event_date"": ""2014-08-26T06:00:00Z""}"
2478,normalize,date_normalized,"{""event_date"": ""2013-03-11T06:00:00Z""}"
2479,normalize,date_normalized,"{""event_date"": ""2018-04-14T06:00:00Z""}"
2480,normalize,date_normalized,"{""event_date"": ""2014-09-13T06:00:00Z""}"
2481,normalize,date_normalized,"{""event_date"": ""2018-04-14T06:00:00Z""}"
2482,normalize,date_normalized,"{""event_date"": ""2018-04-14T06:00:00Z""}"
2483,normalize,date_normalized,"{""event_date"": ""2018-04-14T06:00:00Z""}"
2484,normalize,date_normalized,"{""event_date"": ""2013-08-02T06:00:00Z""}"
2485,normalize,date_normalized,"{""event_date"": ""2018-04-14T06:00:00Z""}"
2486,normalize,date_normalized,"{""event_date"": ""2010-03-09T07:00:00Z""}"
2487,normalize,date_normalized,"{""event_date"": ""2013-08-19T06:00:00Z""}"
2488,normalize,date_normalized,"{""event_date"": ""2013-06-26T06:00:00Z""}"
2489,normalize,date_normalized,"{""event_date"": ""2018-04-14T06:00:00Z""}"
2490,normalize,date_normalized,"{""event_date"": ""2018-04-14T06:00:00Z""}"
2491,normalize,date_normalized,"{""event_date"": ""2014-09-14T06:00:00Z""}"
2492,normalize,date_normalized,"{""event_date"": ""2013-08-29T06:00:00Z""}"
2493,normalize,date_normalized,"{""event_date"": ""2014-09-17T06:00:00Z""}"
2494,normalize,date_normalized,"{""event_date"": ""2018-04-14T06:00:00Z""}"
2495,normalize,date_normalized,"{""event_date"": ""2013-04-30T06:00:00Z""}"
2496,normalize,date_normalized,"{""event_date"": ""2018-04-14T06:00:00Z""}"
2497,normalize,date_normalized,"{""event_date"": ""2009-08-03T06:00:00Z""}"
2498,normalize,date_normalized,"{""event_date"": ""2018-04-14T06:00:00Z""}"
2499,normalize,date_normalized,"{""event_date"": ""2014-08-26T06:00:00Z""}"
2500,normalize,date_normalized,"{""event_date"": ""2013-08-19T06:00:00Z""}"
2501,normalize,date_normalized,"{""event_date"": ""2014-08-26T06:00:00Z""}"
2502,normalize,date_normalized,"{""event_date"": ""2013-06-23T06:00:00Z""}"
2503,normalize,date_normalized,"{""event_date"": ""2013-05-14T06:00:00Z""}"
2504,normalize,date_normalized,"{""event_date"": ""2018-04-14T06:00:00Z""}"
2505,normalize,date_normalized,"{""event_date"": ""2018-04-14T06:00:00Z""}"
2506,normalize,date_normalized,"{""event_date"": ""2018-04-14T06:00:00Z""}"
2507,normalize,date_normalized,"{""event_date"": ""2014-12-03T07:00:00Z""}"
2508,normalize,date_normalized,"{""event_date"": ""2008-05-12T06:00:00Z""}"
2509,normalize,date_normalized,"{""event_date"": ""2018-04-14T06:00:00Z""}"
2510,normalize,date_normalized,"{""event_date"": ""2011-05-03T06:00:00Z""}"
2511,normalize,date_normalized,"{""event_date"": ""2010-01-26T07:00:00Z""}"
2512,normalize,date_normalized,"{""event_date"": ""2013-11-23T07:00:00Z""}"
2513,normalize,date_normalized,"{""event_date"": ""2018-04-14T06:00:00Z""}"
2514,normalize,date_normalized,"{""event_date"": ""2018-04-14T06:00:00Z""}"
2515,normalize,date_normalized,"{""event_date"": ""2010-11-01T06:00:00Z""}"
2516,normalize,date_normalized,"{""event_date"": ""2018-04-14T06:00:00Z""}"
2517,normalize,date_normalized,"{""event_date"": ""2011-05-26T06:00:00Z""}"
2518,normalize,date_normalized,"{""event_date"": ""2011-01-14T07:00:00Z""}"
2519,normalize,date_normalized,"{""event_date"": ""2011-10-13T06:00:00Z""}"
2520,normalize,date_normalized,"{""event_date"": ""2018-04-14T06:00:00Z""}"
2521,normalize,date_normalized,"{""event_date"": ""2010-04-17T06:00:00Z""}"
2522,normalize,date_normalized,"{""event_date"": ""2018-04-14T06:00:00Z""}"
2523,normalize,date_normalized,"{""event_date"": ""2009-10-01T06:00:00Z""}"
2524,normalize,date_normalized,"{""event_date"": ""2018-04-14T06:00:00Z""}"
2525,normalize,date_normalized,"{""event_date"": ""2010-11-22T07:00:00Z""}"
2526,normalize,date_normalized,"{""event_date"": ""2010-05-25T06:00:00Z""}"
2527,normalize,date_normalized,"{""event_date"": ""2010-11-28T07:00:00Z""}"
2528,normalize,date_normalized,"{""event_date"": ""2011-11-19T07:00:00Z""}"
2529,normalize,date_normalized,"{""event_date"": ""2010-06-02T06:00:00Z""}"
2530,normalize,date_normalized,"{""event_date"": ""2018-04-14T06:00:00Z""}"
2531,normalize,date_normalized,"{""event_date"": ""2009-08-28T06:00:00Z""}"
2532,normalize,date_normalized,"{""event_date"": ""2013-04-17T06:00:00Z""}"
2533,normalize,date_normalized,"{""event_date"": ""2018-04-14T06:00:00Z""}"
2534,normalize,date_normalized,"{""event_date"": ""2011-11-19T07:00:00Z""}"
2535,normalize,date_normalized,"{""event_date"": ""2018-04-14T06:00:00Z""}"
2536,normalize,date_normalized,"{""event_date"": ""2018-04-14T06:00:00Z""}"
2537,normalize,date_normalized,"{""event_date"": ""2018-04-14T06:00:00Z""}"
2538,normalize,date_normalized,"{""event_date"": ""2013-01-28T07:00:00Z""}"
2539,normalize,date_normalized,"{""event_date"": ""2010-11-22T07:00:00Z""}"
2540,normalize,date_normalized,"{""event_date"": ""2010-09-28T06:00:00Z""}"
2541,normalize,date_normalized,"{""event_date"": ""2014-01-13T07:00:00Z""}"
2542,normalize,date_normalized,"{""event_date"": ""2009-08-16T06:00:00Z""}"
2543,normalize,date_normalized,"{""event_date"": ""2018-04-14T06:00:00Z""}"
2544,normalize,date_normalized,"{""event_date"": ""2018-04-14T06:00:00Z""}"
2545,normalize,date_normalized,"{""event_date"": ""2018-04-14T06:00:00Z""}"
2546,normalize,date_normalized,"{""event_date"": ""2010-05-25T06:00:00Z""}"
2547,normalize,date_normalized,"{""event_date"": ""2011-11-19T07:00:00Z""}"
2548,normalize,date_normalized,"{""event_date"": ""2018-04-14T06:00:00Z""}"
2549,normalize,date_normalized,"{""event_date"": ""2010-06-11T06:00:00Z""}"
2550,normalize,date_normalized,"{""event_date"": ""2008-05-12T06:00:00Z""}"
2551,normalize,date_normalized,"{""event_date"": ""2012-05-26T06:00:00Z""}"
2552,normalize,date_normalized,"{""event_date"": ""2013-11-13T07:00:00Z""}"
2553,normalize,date_normalized,"{""event_date"": ""2011-12-07T07:00:00Z""}"
2554,normalize,date_normalized,"{""event_date"": ""2018-04-14T06:00:00Z""}"
2555,normalize,date_normalized,"{""event_date"": ""2010-10-05T06:00:00Z""}"
2556,normalize,date_normalized,"{""event_date"": ""2013-11-07T07:00:00Z""}"
2557,normalize,date_normalized,"{""event_date"": ""2011-11-19T07:00:00Z""}"
2558,normalize,date_normalized,"{""event_date"": ""2011-01-23T07:00:00Z""}"
2559,normalize,date_normalized,"{""event_date"": ""2011-11-19T07:00:00Z""}"
2560,normalize,date_normalized,"{""event_date"": ""2010-12-17T07:00:00Z""}"
2561,normalize,date_normalized,"{""event_date"": ""2011-01-16T07:00:00Z""}"
2562,normalize,date_normalized,"{""event_date"": ""2012-08-09T06:00:00Z""}"
2563,normalize,date_normalized,"{""event_date"": ""2010-03-15T06:00:00Z""}"
2564,normalize,date_normalized,"{""event_date"": ""2018-04-14T06:00:00Z""}"
2565,normalize,date_normalized,"{""event_date"": ""2010-11-28T07:00:00Z""}"
2566,normalize,date_normalized,"{""event_date"": ""2010-09-08T06:00:00Z""}"
2567,normalize,date_normalized,"{""event_date"": ""2013-08-06T06:00:00Z""}"
2568,normalize,date_normalized,"{""event_date"": ""2011-11-06T06:00:00Z""}"
2569,normalize,date_normalized,"{""event_date"": ""2018-04-14T06:00:00Z""}"
2570,normalize,date_normalized,"{""event_date"": ""2008-11-12T07:00:00Z""}"
2571,normalize,date_normalized,"{""event_date"": ""2011-02-25T07:00:00Z""}"
2572,normalize,date_normalized,"{""event_date"": ""2011-04-13T06:00:00Z""}"
2573,normalize,date_normalized,"{""event_date"": ""2010-03-15T06:00:00Z""}"
2574,normalize,date_normalized,"{""event_date"": ""2018-04-14T06:00:00Z""}"
2575,normalize,date_normalized,"{""event_date"": ""2010-07-26T06:00:00Z""}"
2576,normalize,date_normalized,"{""event_date"": ""2013-12-16T07:00:00Z""}"
2577,normalize,date_normalized,"{""event_date"": ""2011-11-03T06:00:00Z""}"
2578,normalize,date_normalized,"{""event_date"": ""2013-09-25T06:00:00Z""}"
2579,normalize,date_normalized,"{""event_date"": ""2013-08-06T06:00:00Z""}"
2580,normalize,date_normalized,"{""event_date"": ""2014-01-01T07:00:00Z""}"
2581,normalize,date_normalized,"{""event_date"": ""2008-12-29T07:00:00Z""}"
2582,normalize,date_normalized,"{""event_date"": ""2011-04-18T06:00:00Z""}"
2583,normalize,date_normalized,"{""event_date"": ""2018-04-14T06:00:00Z""}"
2584,normalize,date_normalized,"{""event_date"": ""2011-11-19T07:00:00Z""}"
2585,normalize,date_normalized,"{""event_date"": ""2018-04-14T06:00:00Z""}"
2586,normalize,date_normalized,"{""event_date"": ""2013-08-06T06:00:00Z""}"
2587,normalize,date_normalized,"{""event_date"": ""2010-11-28T07:00:00Z""}"
2588,normalize,date_normalized,"{""event_date"": ""2018-04-14T06:00:00Z""}"
2589,normalize,date_normalized,"{""event_date"": ""2011-08-22T06:00:00Z""}"
2590,normalize,date_normalized,"{""event_date"": ""2011-11-19T07:00:00Z""}"
2591,normalize,date_normalized,"{""event_date"": ""2010-07-07T06:00:00Z""}"
2592,normalize,date_normalized,"{""event_date"": ""2018-04-14T06:00:00Z""}"
2593,normalize,date_normalized,"{""event_date"": ""2011-01-13T07:00:00Z""}"
2594,normalize,date_normalized,"{""event_date"": ""2010-05-28T06:00:00Z""}"
2595,normalize,date_normalized,"{""event_date"": ""2008-08-03T06:00:00Z""}"
2596,normalize,date_normalized,"{""event_date"": ""2018-04-14T06:00:00Z""}"
2597,normalize,date_normalized,"{""event_date"": ""2010-11-28T07:00:00Z""}"
2598,normalize,date_normalized,"{""event_date"": ""2011-01-19T07:00:00Z""}"
2599,normalize,date_normalized,"{""event_date"": ""2018-04-14T06:00:00Z""}"
2600,normalize,date_normalized,"{""event_date"": ""2018-04-14T06:00:00Z""}"
2601,normalize,date_normalized,"{""event_date"": ""2011-11-19T07:00:00Z""}"
2602,normalize,date_normalized,"{""event_date"": ""2010-06-09T06:00:00Z""}"
2603,normalize,date_normalized,"{""event_date"": ""2018-04-14T06:00:00Z""}"
2604,normalize,date_normalized,"{""event_date"": ""2009-09-05T06:00:00Z""}"
2605,normalize,date_normalized,"{""event_date"": ""2010-12-27T07:00:00Z""}"
2606,normalize,date_normalized,"{""event_date"": ""2012-04-11T06:00:00Z""}"
2607,normalize,date_normalized,"{""event_date"": ""2012-04-11T06:00:00Z""}"
2608,normalize,date_normalized,"{""event_date"": ""2011-01-15T07:00:00Z""}"
2609,normalize,date_normalized,"{""event_date"": ""2018-04-14T06:00:00Z""}"
2610,normalize,date_normalized,"{""event_date"": ""2013-11-23T07:00:00Z""}"
2611,normalize,date_normalized,"{""event_date"": ""2010-10-12T06:00:00Z""}"
2612,normalize,date_normalized,"{""event_date"": ""2013-01-28T07:00:00Z""}"
2613,normalize,date_normalized,"{""event_date"": ""2011-06-12T06:00:00Z""}"
2614,normalize,date_normalized,"{""event_date"": ""2010-11-28T07:00:00Z""}"
2615,normalize,date_normalized,"{""event_date"": ""2011-03-31T06:00:00Z""}"
2616,normalize,date_normalized,"{""event_date"": ""2013-11-23T07:00:00Z""}"
2617,normalize,date_normalized,"{""event_date"": ""2013-05-16T06:00:00Z""}"
2618,normalize,date_normalized,"{""event_date"": ""2010-04-14T06:00:00Z""}"
2619,normalize,date_normalized,"{""event_date"": ""2008-10-29T06:00:00Z""}"
2620,normalize,date_normalized,"{""event_date"": ""2008-10-22T06:00:00Z""}"
2621,normalize,date_normalized,"{""event_date"": ""2012-08-14T06:00:00Z""}"
2622,normalize,date_normalized,"{""event_date"": ""2010-11-03T06:00:00Z""}"
2623,normalize,date_normalized,"{""event_date"": ""2009-10-01T06:00:00Z""}"
2624,normalize,date_normalized,"{""event_date"": ""2010-10-12T06:00:00Z""}"
2625,normalize,date_normalized,"{""event_date"": ""2010-05-25T06:00:00Z""}"
2626,normalize,date_normalized,"{""event_date"": ""2011-11-19T07:00:00Z""}"
2627,normalize,date_normalized,"{""event_date"": ""2010-11-22T07:00:00Z""}"
2628,normalize,date_normalized,"{""event_date"": ""2009-08-16T06:00:00Z""}"
2629,normalize,date_normalized,"{""event_date"": ""2008-11-12T07:00:00Z""}"
2630,normalize,date_normalized,"{""event_date"": ""2011-02-01T07:00:00Z""}"
2631,normalize,date_normalized,"{""event_date"": ""2012-07-30T06:00:00Z""}"
2631,content,invalid_url_like,"{""context"": ""messages[1].assistant"", ""values"": [""<ROOT>""]}"
2632,normalize,date_normalized,"{""event_date"": ""2010-07-07T06:00:00Z""}"
2633,normalize,date_normalized,"{""event_date"": ""2012-06-08T06:00:00Z""}"
2634,normalize,date_normalized,"{""event_date"": ""2013-05-30T06:00:00Z""}"
2635,normalize,date_normalized,"{""event_date"": ""2013-03-15T06:00:00Z""}"
2636,normalize,date_normalized,"{""event_date"": ""2011-01-16T07:00:00Z""}"
2637,normalize,date_normalized,"{""event_date"": ""2014-06-19T06:00:00Z""}"
2638,normalize,date_normalized,"{""event_date"": ""2018-04-14T06:00:00Z""}"
2639,normalize,date_normalized,"{""event_date"": ""2009-05-10T06:00:00Z""}"
2640,normalize,date_normalized,"{""event_date"": ""2010-03-15T06:00:00Z""}"
2641,normalize,date_normalized,"{""event_date"": ""2011-06-13T06:00:00Z""}"
2642,normalize,date_normalized,"{""event_date"": ""2010-11-22T07:00:00Z""}"
2643,normalize,date_normalized,"{""event_date"": ""2013-08-03T06:00:00Z""}"
2644,normalize,date_normalized,"{""event_date"": ""2012-06-07T06:00:00Z""}"
2645,normalize,date_normalized,"{""event_date"": ""2009-12-10T07:00:00Z""}"
2646,normalize,date_normalized,"{""event_date"": ""2010-03-14T07:00:00Z""}"
2647,normalize,date_normalized,"{""event_date"": ""2010-05-05T06:00:00Z""}"
2648,normalize,date_normalized,"{""event_date"": ""2011-11-19T07:00:00Z""}"
2649,normalize,date_normalized,"{""event_date"": ""2010-09-27T06:00:00Z""}"
2650,normalize,date_normalized,"{""event_date"": ""2010-06-25T06:00:00Z""}"
2651,normalize,date_normalized,"{""event_date"": ""2011-08-03T06:00:00Z""}"
2652,normalize,date_normalized,"{""event_date"": ""2011-03-02T07:00:00Z""}"
2653,normalize,date_normalized,"{""event_date"": ""2011-01-16T07:00:00Z""}"
2654,normalize,date_normalized,"{""event_date"": ""2010-08-30T06:00:00Z""}"
2655,normalize,date_normalized,"{""event_date"": ""2011-11-19T07:00:00Z""}"
2656,normalize,date_normalized,"{""event_date"": ""2013-03-24T06:00:00Z""}"
2657,normalize,date_normalized,"{""event_date"": ""2011-01-27T07:00:00Z""}"
2658,normalize,date_normalized,"{""event_date"": ""2010-02-03T07:00:00Z""}"
2659,normalize,date_normalized,"{""event_date"": ""2010-09-27T06:00:00Z""}"
2660,normalize,date_normalized,"{""event_date"": ""2010-12-16T07:00:00Z""}"
2661,normalize,date_normalized,"{""event_date"": ""2010-07-26T06:00:00Z""}"
2662,normalize,date_normalized,"{""event_date"": ""2011-09-25T06:00:00Z""}"
2663,normalize,date_normalized,"{""event_date"": ""2013-06-27T06:00:00Z""}"
2664,normalize,date_normalized,"{""event_date"": ""2012-08-15T06:00:00Z""}"
2665,normalize,date_normalized,"{""event_date"": ""2010-05-02T06:00:00Z""}"
2666,normalize,date_normalized,"{""event_date"": ""2011-12-17T07:00:00Z""}"
2667,normalize,date_normalized,"{""event_date"": ""2010-10-06T06:00:00Z""}"
2668,normalize,date_normalized,"{""event_date"": ""2008-12-30T07:00:00Z""}"
2669,normalize,date_normalized,"{""event_date"": ""2010-12-30T07:00:00Z""}"
2670,normalize,date_normalized,"{""event_date"": ""2009-09-05T06:00:00Z""}"
2671,normalize,date_normalized,"{""event_date"": ""2009-08-16T06:00:00Z""}"
2672,normalize,date_normalized,"{""event_date"": ""2011-01-16T07:00:00Z""}"
2673,normalize,date_normalized,"{""event_date"": ""2010-05-25T06:00:00Z""}"
2674,normalize,date_normalized,"{""event_date"": ""2009-02-28T07:00:00Z""}"
2675,normalize,date_normalized,"{""event_date"": ""2011-01-26T07:00:00Z""}"
2676,normalize,date_normalized,"{""event_date"": ""2010-10-11T06:00:00Z""}"
2677,normalize,date_normalized,"{""event_date"": ""2010-03-15T06:00:00Z""}"
2678,normalize,date_normalized,"{""event_date"": ""2012-09-07T06:00:00Z""}"
2679,normalize,date_normalized,"{""event_date"": ""2010-08-10T06:00:00Z""}"
2680,normalize,date_normalized,"{""event_date"": ""2011-01-19T07:00:00Z""}"
2681,normalize,date_normalized,"{""event_date"": ""2011-08-26T06:00:00Z""}"
2682,normalize,date_normalized,"{""event_date"": ""2011-01-20T07:00:00Z""}"
2683,normalize,date_normalized,"{""event_date"": ""2013-08-06T06:00:00Z""}"
2684,normalize,date_normalized,"{""event_date"": ""2011-05-13T06:00:00Z""}"
2685,normalize,date_normalized,"{""event_date"": ""2010-11-22T07:00:00Z""}"
2686,normalize,date_normalized,"{""event_date"": ""2011-01-24T07:00:00Z""}"
2687,normalize,date_normalized,"{""event_date"": ""2011-04-05T06:00:00Z""}"
2688,normalize,date_normalized,"{""event_date"": ""2010-08-10T06:00:00Z""}"
2689,normalize,date_normalized,"{""event_date"": ""2011-12-08T07:00:00Z""}"
2690,normalize,date_normalized,"{""event_date"": ""2011-04-27T06:00:00Z""}"
2691,normalize,date_normalized,"{""event_date"": ""2010-08-10T06:00:00Z""}"
2692,normalize,date_normalized,"{""event_date"": ""2011-01-30T07:00:00Z""}"
2693,normalize,date_normalized,"{""event_date"": ""2013-11-19T07:00:00Z""}"
2694,normalize,date_normalized,"{""event_date"": ""2010-12-28T07:00:00Z""}"
2695,normalize,date_normalized,"{""event_date"": ""2009-06-12T06:00:00Z""}"
2696,normalize,date_normalized,"{""event_date"": ""2010-12-16T07:00:00Z""}"
2697,normalize,date_normalized,"{""event_date"": ""2010-11-28T07:00:00Z""}"
2698,normalize,date_normalized,"{""event_date"": ""2009-11-24T07:00:00Z""}"
2699,normalize,date_normalized,"{""event_date"": ""2011-08-02T06:00:00Z""}"
2700,normalize,date_normalized,"{""event_date"": ""2012-05-02T06:00:00Z""}"
2701,normalize,date_normalized,"{""event_date"": ""2010-07-07T06:00:00Z""}"
2702,normalize,date_normalized,"{""event_date"": ""2009-12-23T07:00:00Z""}"
2703,normalize,date_normalized,"{""event_date"": ""2008-11-12T07:00:00Z""}"
2704,normalize,date_normalized,"{""event_date"": ""2008-11-12T07:00:00Z""}"
2705,normalize,date_normalized,"{""event_date"": ""2012-04-11T06:00:00Z""}"
2706,normalize,date_normalized,"{""event_date"": ""2008-11-22T07:00:00Z""}"
2707,normalize,date_normalized,"{""event_date"": ""2010-05-28T06:00:00Z""}"
2708,normalize,date_normalized,"{""event_date"": ""2009-12-23T07:00:00Z""}"
2709,normalize,date_normalized,"{""event_date"": ""2009-04-08T06:00:00Z""}"
2710,normalize,date_normalized,"{""event_date"": ""2010-10-25T06:00:00Z""}"
2711,normalize,date_normalized,"{""event_date"": ""2010-11-22T07:00:00Z""}"
2712,normalize,date_normalized,"{""event_date"": ""2009-12-23T07:00:00Z""}"
2713,normalize,date_normalized,"{""event_date"": ""2010-11-22T07:00:00Z""}"
2714,normalize,date_normalized,"{""event_date"": ""2013-11-05T07:00:00Z""}"
2715,normalize,date_normalized,"{""event_date"": ""2010-12-31T07:00:00Z""}"
2716,normalize,date_normalized,"{""event_date"": ""2010-12-31T07:00:00Z""}"
2717,normalize,date_normalized,"{""event_date"": ""2010-08-30T06:00:00Z""}"
2718,normalize,date_normalized,"{""event_date"": ""2010-05-25T06:00:00Z""}"
2719,normalize,date_normalized,"{""event_date"": ""2010-10-12T06:00:00Z""}"
2720,normalize,date_normalized,"{""event_date"": ""2010-03-15T06:00:00Z""}"
2721,normalize,date_normalized,"{""event_date"": ""2010-05-25T06:00:00Z""}"
2722,normalize,date_normalized,"{""event_date"": ""2014-02-19T07:00:00Z""}"
2723,normalize,date_normalized,"{""event_date"": ""2010-05-25T06:00:00Z""}"
2724,normalize,date_normalized,"{""event_date"": ""2011-05-13T06:00:00Z""}"
2725,normalize,date_normalized,"{""event_date"": ""2011-04-07T06:00:00Z""}"
2726,normalize,date_normalized,"{""event_date"": ""2010-09-22T06:00:00Z""}"
2727,normalize,date_normalized,"{""event_date"": ""2013-11-23T07:00:00Z""}"
2728,normalize,date_normalized,"{""event_date"": ""2013-11-23T07:00:00Z""}"
2729,normalize,date_normalized,"{""event_date"": ""2009-11-26T07:00:00Z""}"
2730,normalize,date_normalized,"{""event_date"": ""2010-12-30T07:00:00Z""}"
2731,normalize,date_normalized,"{""event_date"": ""2010-04-08T06:00:00Z""}"
2732,normalize,date_normalized,"{""event_date"": ""2010-09-27T06:00:00Z""}"
2733,normalize,date_normalized,"{""event_date"": ""2010-12-09T07:00:00Z""}"
2734,normalize,date_normalized,"{""event_date"": ""2009-01-07T07:00:00Z""}"
2735,normalize,date_normalized,"{""event_date"": ""2008-12-30T07:00:00Z""}"
2736,normalize,date_normalized,"{""event_date"": ""2011-03-02T07:00:00Z""}"
2737,normalize,date_normalized,"{""event_date"": ""2011-04-07T06:00:00Z""}"
2738,normalize,date_normalized,"{""event_date"": ""2011-06-13T06:00:00Z""}"
2739,normalize,date_normalized,"{""event_date"": ""2011-07-20T06:00:00Z""}"
2740,normalize,date_normalized,"{""event_date"": ""2011-10-12T06:00:00Z""}"
2741,normalize,date_normalized,"{""event_date"": ""2012-06-07T06:00:00Z""}"
2742,normalize,date_normalized,"{""event_date"": ""2010-04-26T06:00:00Z""}"
2743,normalize,date_normalized,"{""event_date"": ""2010-11-22T07:00:00Z""}"
2744,normalize,date_normalized,"{""event_date"": ""2011-11-19T07:00:00Z""}"
2745,normalize,date_normalized,"{""event_date"": ""2013-03-24T06:00:00Z""}"
2746,normalize,date_normalized,"{""event_date"": ""2011-11-19T07:00:00Z""}"
2747,normalize,date_normalized,"{""event_date"": ""2012-08-09T06:00:00Z""}"
2748,normalize,date_normalized,"{""event_date"": ""2011-05-13T06:00:00Z""}"
2749,normalize,date_normalized,"{""event_date"": ""2013-07-07T06:00:00Z""}"
2750,normalize,date_normalized,"{""event_date"": ""2011-03-02T07:00:00Z""}"
2751,normalize,date_normalized,"{""event_date"": ""2010-04-26T06:00:00Z""}"
2752,normalize,date_normalized,"{""event_date"": ""2010-11-28T07:00:00Z""}"
2753,normalize,date_normalized,"{""event_date"": ""2011-04-07T06:00:00Z""}"
2754,normalize,date_normalized,"{""event_date"": ""2013-11-23T07:00:00Z""}"
2755,normalize,date_normalized,"{""event_date"": ""2011-11-19T07:00:00Z""}"
2756,normalize,date_normalized,"{""event_date"": ""2013-05-20T06:00:00Z""}"
2757,normalize,date_normalized,"{""event_date"": ""2012-07-16T06:00:00Z""}"
2758,normalize,date_normalized,"{""event_date"": ""2010-07-06T06:00:00Z""}"
2759,normalize,date_normalized,"{""event_date"": ""2018-04-13T06:00:00Z""}"
2760,normalize,date_normalized,"{""event_date"": ""2010-08-10T06:00:00Z""}"
2761,normalize,date_normalized,"{""event_date"": ""2012-06-28T06:00:00Z""}"
2762,normalize,date_normalized,"{""event_date"": ""2013-11-23T07:00:00Z""}"
2763,normalize,date_normalized,"{""event_date"": ""2010-10-14T06:00:00Z""}"
2764,normalize,date_normalized,"{""event_date"": ""2010-08-03T06:00:00Z""}"
2765,normalize,date_normalized,"{""event_date"": ""2010-05-25T06:00:00Z""}"
2766,normalize,date_normalized,"{""event_date"": ""2010-11-28T07:00:00Z""}"
2767,normalize,date_normalized,"{""event_date"": ""2011-03-02T07:00:00Z""}"
2768,normalize,date_normalized,"{""event_date"": ""2011-01-16T07:00:00Z""}"
2769,normalize,date_normalized,"{""event_date"": ""2010-03-15T06:00:00Z""}"
2770,normalize,date_normalized,"{""event_date"": ""2011-03-02T07:00:00Z""}"
2771,normalize,date_normalized,"{""event_date"": ""2010-09-06T06:00:00Z""}"
2772,normalize,date_normalized,"{""event_date"": ""2011-11-19T07:00:00Z""}"
2773,normalize,date_normalized,"{""event_date"": ""2013-05-20T06:00:00Z""}"
2774,normalize,date_normalized,"{""event_date"": ""2011-04-07T06:00:00Z""}"
2775,normalize,date_normalized,"{""event_date"": ""2011-09-03T06:00:00Z""}"
2776,normalize,date_normalized,"{""event_date"": ""2010-08-20T06:00:00Z""}"
2777,normalize,date_normalized,"{""event_date"": ""2038-12-28T07:00:00Z""}"
2778,normalize,date_normalized,"{""event_date"": ""2011-01-07T07:00:00Z""}"
2779,normalize,date_normalized,"{""event_date"": ""2009-12-10T07:00:00Z""}"
2780,normalize,date_normalized,"{""event_date"": ""2012-06-07T06:00:00Z""}"
2781,normalize,date_normalized,"{""event_date"": ""2018-04-13T06:00:00Z""}"
2782,normalize,date_normalized,"{""event_date"": ""2013-06-09T06:00:00Z""}"
2783,normalize,date_normalized,"{""event_date"": ""2011-08-18T06:00:00Z""}"
2784,normalize,date_normalized,"{""event_date"": ""2011-07-20T06:00:00Z""}"
2785,normalize,date_normalized,"{""event_date"": ""2011-01-19T07:00:00Z""}"
2786,normalize,date_normalized,"{""event_date"": ""2010-04-26T06:00:00Z""}"
2787,normalize,date_normalized,"{""event_date"": ""2010-09-07T06:00:00Z""}"
2788,normalize,date_normalized,"{""event_date"": ""2010-07-26T06:00:00Z""}"
2789,normalize,date_normalized,"{""event_date"": ""2010-11-01T06:00:00Z""}"
2790,normalize,date_normalized,"{""event_date"": ""2010-11-28T07:00:00Z""}"
2791,normalize,date_normalized,"{""event_date"": ""2010-03-15T06:00:00Z""}"
2792,normalize,date_normalized,"{""event_date"": ""2011-04-07T06:00:00Z""}"
2793,normalize,date_normalized,"{""event_date"": ""2010-05-25T06:00:00Z""}"
2794,normalize,date_normalized,"{""event_date"": ""2010-11-15T07:00:00Z""}"
2795,normalize,date_normalized,"{""event_date"": ""2010-03-24T06:00:00Z""}"
2796,normalize,date_normalized,"{""event_date"": ""2010-06-03T06:00:00Z""}"
2797,normalize,date_normalized,"{""event_date"": ""2010-11-11T07:00:00Z""}"
2798,normalize,date_normalized,"{""event_date"": ""2011-09-09T06:00:00Z""}"
2799,normalize,date_normalized,"{""event_date"": ""2010-07-16T06:00:00Z""}"
2800,normalize,date_normalized,"{""event_date"": ""2010-06-14T06:00:00Z""}"
2801,normalize,date_normalized,"{""event_date"": ""2009-08-16T06:00:00Z""}"
2802,normalize,date_normalized,"{""event_date"": ""2018-04-13T06:00:00Z""}"
2803,normalize,date_normalized,"{""event_date"": ""2010-08-05T06:00:00Z""}"
2804,normalize,date_normalized,"{""event_date"": ""2010-07-07T06:00:00Z""}"
2805,normalize,date_normalized,"{""event_date"": ""2010-11-28T07:00:00Z""}"
2806,normalize,date_normalized,"{""event_date"": ""2013-11-23T07:00:00Z""}"
2807,normalize,date_normalized,"{""event_date"": ""2011-11-19T07:00:00Z""}"
2808,normalize,date_normalized,"{""event_date"": ""2012-04-11T06:00:00Z""}"
2809,normalize,date_normalized,"{""event_date"": ""2012-10-31T06:00:00Z""}"
2810,normalize,date_normalized,"{""event_date"": ""2014-11-10T07:00:00Z""}"
2811,normalize,date_normalized,"{""event_date"": ""2014-11-10T07:00:00Z""}"
2812,normalize,date_normalized,"{""event_date"": ""2012-11-23T07:00:00Z""}"
2813,normalize,date_normalized,"{""event_date"": ""2011-03-02T07:00:00Z""}"
2814,normalize,date_normalized,"{""event_date"": ""2012-11-23T07:00:00Z""}"
2815,normalize,date_normalized,"{""event_date"": ""2014-08-25T06:00:00Z""}"
2816,normalize,date_normalized,"{""event_date"": ""2012-11-23T07:00:00Z""}"
2817,normalize,date_normalized,"{""event_date"": ""2012-11-23T07:00:00Z""}"
2818,normalize,date_normalized,"{""event_date"": ""2012-11-23T07:00:00Z""}"
2819,normalize,date_normalized,"{""event_date"": ""2014-08-23T06:00:00Z""}"
2820,normalize,date_normalized,"{""event_date"": ""2014-08-25T06:00:00Z""}"
2821,normalize,date_normalized,"{""event_date"": ""2012-11-23T07:00:00Z""}"
2822,normalize,date_normalized,"{""event_date"": ""2012-11-23T07:00:00Z""}"
2823,normalize,date_normalized,"{""event_date"": ""2014-09-03T06:00:00Z""}"
2824,normalize,date_normalized,"{""event_date"": ""2011-01-25T07:00:00Z""}"
2825,normalize,date_normalized,"{""event_date"": ""2014-07-09T06:00:00Z""}"
2826,normalize,date_normalized,"{""event_date"": ""2014-11-24T07:00:00Z""}"
2827,normalize,date_normalized,"{""event_date"": ""2013-08-18T06:00:00Z""}"
2828,normalize,date_normalized,"{""event_date"": ""2013-08-18T06:00:00Z""}"
2829,normalize,date_normalized,"{""event_date"": ""2014-10-09T06:00:00Z""}"
2830,normalize,date_normalized,"{""event_date"": ""2014-11-14T07:00:00Z""}"
2831,normalize,date_normalized,"{""event_date"": ""2014-06-30T06:00:00Z""}"
2832,normalize,date_normalized,"{""event_date"": ""2014-07-31T06:00:00Z""}"
2833,normalize,date_normalized,"{""event_date"": ""2018-04-13T06:00:00Z""}"
2834,normalize,date_normalized,"{""event_date"": ""2008-08-16T06:00:00Z""}"
2835,normalize,date_normalized,"{""event_date"": ""2018-04-14T06:00:00Z""}"
2836,normalize,date_normalized,"{""event_date"": ""2008-08-16T06:00:00Z""}"
2837,normalize,date_normalized,"{""event_date"": ""2010-03-15T06:00:00Z""}"
2838,normalize,date_normalized,"{""event_date"": ""2008-11-10T07:00:00Z""}"
2839,normalize,date_normalized,"{""event_date"": ""2008-11-10T07:00:00Z""}"
2840,normalize,date_normalized,"{""event_date"": ""2008-11-10T07:00:00Z""}"
2841,normalize,date_normalized,"{""event_date"": ""2008-11-10T07:00:00Z""}"
2842,normalize,date_normalized,"{""event_date"": ""2014-08-20T06:00:00Z""}"
2843,normalize,date_normalized,"{""event_date"": ""2014-02-26T07:00:00Z""}"
2844,normalize,date_normalized,"{""event_date"": ""2011-03-02T07:00:00Z""}"
2845,normalize,date_normalized,"{""event_date"": ""2014-02-26T07:00:00Z""}"
2846,normalize,date_normalized,"{""event_date"": ""2018-04-14T06:00:00Z""}"
2847,normalize,date_normalized,"{""event_date"": ""2014-02-26T07:00:00Z""}"
2848,normalize,date_normalized,"{""event_date"": ""2014-02-26T07:00:00Z""}"
2849,normalize,date_normalized,"{""event_date"": ""2014-02-26T07:00:00Z""}"
2850,normalize,date_normalized,"{""event_date"": ""2012-11-08T07:00:00Z""}"
2851,normalize,date_normalized,"{""event_date"": ""2018-04-14T06:00:00Z""}"
2852,normalize,date_normalized,"{""event_date"": ""2012-10-02T06:00:00Z""}"
2853,normalize,date_normalized,"{""event_date"": ""2018-04-13T06:00:00Z""}"
2854,normalize,date_normalized,"{""event_date"": ""2018-04-14T06:00:00Z""}"
2855,normalize,date_normalized,"{""event_date"": ""2013-11-25T07:00:00Z""}"
2856,normalize,date_normalized,"{""event_date"": ""2014-02-26T07:00:00Z""}"
2857,normalize,date_normalized,"{""event_date"": ""2012-11-08T07:00:00Z""}"
2858,normalize,date_normalized,"{""event_date"": ""2014-02-26T07:00:00Z""}"
2859,normalize,date_normalized,"{""event_date"": ""2014-02-26T07:00:00Z""}"
2860,normalize,date_normalized,"{""event_date"": ""2014-02-26T07:00:00Z""}"
2861,normalize,date_normalized,"{""event_date"": ""2014-08-07T06:00:00Z""}"
2862,normalize,date_normalized,"{""event_date"": ""2011-10-25T06:00:00Z""}"
2863,normalize,date_normalized,"{""event_date"": ""2018-04-13T06:00:00Z""}"
2864,normalize,date_normalized,"{""event_date"": ""2011-10-25T06:00:00Z""}"
2865,normalize,date_normalized,"{""event_date"": ""2011-10-25T06:00:00Z""}"
2866,normalize,date_normalized,"{""event_date"": ""2010-05-06T06:00:00Z""}"
2867,normalize,date_normalized,"{""event_date"": ""2010-04-30T06:00:00Z""}"
2868,normalize,date_normalized,"{""event_date"": ""2018-04-14T06:00:00Z""}"
2869,normalize,date_normalized,"{""event_date"": ""2010-03-09T07:00:00Z""}"
2870,normalize,date_normalized,"{""event_date"": ""2010-03-11T07:00:00Z""}"
2871,normalize,date_normalized,"{""event_date"": ""2010-06-21T06:00:00Z""}"
2872,normalize,date_normalized,"{""event_date"": ""2010-03-09T07:00:00Z""}"
2873,normalize,date_normalized,"{""event_date"": ""2010-02-16T07:00:00Z""}"
2874,normalize,date_normalized,"{""event_date"": ""2010-11-21T07:00:00Z""}"
2875,normalize,date_normalized,"{""event_date"": ""2018-04-14T06:00:00Z""}"
2876,normalize,date_normalized,"{""event_date"": ""2014-11-20T07:00:00Z""}"
2877,normalize,date_normalized,"{""event_date"": ""2013-09-03T06:00:00Z""}"
2878,normalize,date_normalized,"{""event_date"": ""2012-11-19T07:00:00Z""}"
2879,normalize,date_normalized,"{""event_date"": ""2013-03-27T06:00:00Z""}"
2880,normalize,date_normalized,"{""event_date"": ""2013-03-27T06:00:00Z""}"
2881,normalize,date_normalized,"{""event_date"": ""2012-07-18T06:00:00Z""}"
2882,normalize,date_normalized,"{""event_date"": ""2012-03-06T07:00:00Z""}"
2883,normalize,date_normalized,"{""event_date"": ""2014-09-10T06:00:00Z""}"
2884,normalize,date_normalized,"{""event_date"": ""2013-02-17T07:00:00Z""}"
2885,normalize,date_normalized,"{""event_date"": ""2018-04-13T06:00:00Z""}"
2886,normalize,date_normalized,"{""event_date"": ""2013-11-23T07:00:00Z""}"
2887,normalize,date_normalized,"{""event_date"": ""2013-11-20T07:00:00Z""}"
2888,normalize,date_normalized,"{""event_date"": ""2013-02-17T07:00:00Z""}"
2889,normalize,date_normalized,"{""event_date"": ""2009-07-13T06:00:00Z""}"
2890,normalize,date_normalized,"{""event_date"": ""2014-03-15T06:00:00Z""}"
2891,normalize,date_normalized,"{""event_date"": ""2013-12-19T07:00:00Z""}"
2892,normalize,date_normalized,"{""event_date"": ""2014-05-13T06:00:00Z""}"
2893,normalize,date_normalized,"{""event_date"": ""2014-08-04T06:00:00Z""}"
2894,normalize,date_normalized,"{""event_date"": ""2013-03-29T06:00:00Z""}"
2895,normalize,date_normalized,"{""event_date"": ""2013-03-27T06:00:00Z""}"
2896,normalize,date_normalized,"{""event_date"": ""2011-03-02T07:00:00Z""}"
2897,normalize,date_normalized,"{""event_date"": ""2012-12-14T07:00:00Z""}"
2898,normalize,date_normalized,"{""event_date"": ""2014-01-16T07:00:00Z""}"
2899,normalize,date_normalized,"{""event_date"": ""2014-01-31T07:00:00Z""}"
2900,normalize,date_normalized,"{""event_date"": ""2014-02-23T07:00:00Z""}"
2901,normalize,date_normalized,"{""event_date"": ""2018-04-14T06:00:00Z""}"
2902,normalize,date_normalized,"{""event_date"": ""2014-05-21T06:00:00Z""}"
2903,normalize,date_normalized,"{""event_date"": ""2014-11-21T07:00:00Z""}"
2904,normalize,date_normalized,"{""event_date"": ""2014-12-10T07:00:00Z""}"
2905,normalize,date_normalized,"{""event_date"": ""2014-10-05T06:00:00Z""}"
2906,normalize,date_normalized,"{""event_date"": ""2014-12-10T07:00:00Z""}"
2907,normalize,date_normalized,"{""event_date"": ""2018-04-13T06:00:00Z""}"
2908,normalize,date_normalized,"{""event_date"": ""2014-12-10T07:00:00Z""}"
2909,normalize,date_normalized,"{""event_date"": ""2014-11-12T07:00:00Z""}"
2910,normalize,date_normalized,"{""event_date"": ""2014-09-13T06:00:00Z""}"
2911,normalize,date_normalized,"{""event_date"": ""2014-11-19T07:00:00Z""}"
2912,normalize,date_normalized,"{""event_date"": ""2014-12-09T07:00:00Z""}"
2913,normalize,date_normalized,"{""event_date"": ""2014-11-21T07:00:00Z""}"
2914,normalize,date_normalized,"{""event_date"": ""2014-12-10T07:00:00Z""}"
2915,normalize,date_normalized,"{""event_date"": ""2014-12-12T07:00:00Z""}"
2916,normalize,date_normalized,"{""event_date"": ""2011-03-02T07:00:00Z""}"
2917,normalize,date_normalized,"{""event_date"": ""2018-04-13T06:00:00Z""}"
2918,normalize,date_normalized,"{""event_date"": ""2011-05-28T06:00:00Z""}"
2919,normalize,date_normalized,"{""event_date"": ""2018-04-13T06:00:00Z""}"
2920,normalize,date_normalized,"{""event_date"": ""2011-06-24T06:00:00Z""}"
2921,normalize,date_normalized,"{""event_date"": ""2014-02-28T07:00:00Z""}"
2922,normalize,date_normalized,"{""event_date"": ""2014-01-14T07:00:00Z""}"
2923,normalize,date_normalized,"{""event_date"": ""2012-11-22T07:00:00Z""}"
2924,normalize,date_normalized,"{""event_date"": ""2018-04-14T06:00:00Z""}"
2925,normalize,date_normalized,"{""event_date"": ""2014-08-04T06:00:00Z""}"
2926,normalize,date_normalized,"{""event_date"": ""2011-05-28T06:00:00Z""}"
2927,normalize,date_normalized,"{""event_date"": ""2012-07-07T06:00:00Z""}"
2928,normalize,date_normalized,"{""event_date"": ""2018-04-14T06:00:00Z""}"
2929,normalize,date_normalized,"{""event_date"": ""2014-10-28T06:00:00Z""}"
2930,normalize,date_normalized,"{""event_date"": ""2014-10-14T06:00:00Z""}"
2931,normalize,date_normalized,"{""event_date"": ""2011-04-27T06:00:00Z""}"
2932,normalize,date_normalized,"{""event_date"": ""2011-11-02T06:00:00Z""}"
2933,normalize,date_normalized,"{""event_date"": ""2014-10-14T06:00:00Z""}"
2934,normalize,date_normalized,"{""event_date"": ""2013-02-15T07:00:00Z""}"
2935,normalize,date_normalized,"{""event_date"": ""2018-04-14T06:00:00Z""}"
2936,normalize,date_normalized,"{""event_date"": ""2018-04-13T06:00:00Z""}"
2937,normalize,date_normalized,"{""event_date"": ""2014-08-27T06:00:00Z""}"
2938,normalize,date_normalized,"{""event_date"": ""2013-07-14T06:00:00Z""}"
2939,normalize,date_normalized,"{""event_date"": ""2011-05-28T06:00:00Z""}"
2940,normalize,date_normalized,"{""event_date"": ""2013-07-14T06:00:00Z""}"
2941,normalize,date_normalized,"{""event_date"": ""2014-10-27T06:00:00Z""}"
2942,normalize,date_normalized,"{""event_date"": ""2011-09-28T06:00:00Z""}"
2943,normalize,date_normalized,"{""event_date"": ""2011-05-28T06:00:00Z""}"
2944,normalize,date_normalized,"{""event_date"": ""2012-01-17T07:00:00Z""}"
2945,normalize,date_normalized,"{""event_date"": ""2013-04-08T06:00:00Z""}"
2946,normalize,date_normalized,"{""event_date"": ""2012-01-10T07:00:00Z""}"
2947,normalize,date_normalized,"{""event_date"": ""2011-12-02T07:00:00Z""}"
2948,normalize,date_normalized,"{""event_date"": ""2012-10-26T06:00:00Z""}"
2949,normalize,date_normalized,"{""event_date"": ""2012-10-26T06:00:00Z""}"
2950,normalize,date_normalized,"{""event_date"": ""2012-06-09T06:00:00Z""}"
2951,normalize,date_normalized,"{""event_date"": ""2013-06-05T06:00:00Z""}"
2952,normalize,date_normalized,"{""event_date"": ""2011-12-09T07:00:00Z""}"
2953,normalize,date_normalized,"{""event_date"": ""2011-10-27T06:00:00Z""}"
2954,normalize,date_normalized,"{""event_date"": ""2011-05-28T06:00:00Z""}"
2955,normalize,date_normalized,"{""event_date"": ""2012-01-10T07:00:00Z""}"
2956,normalize,date_normalized,"{""event_date"": ""2011-12-02T07:00:00Z""}"
2957,normalize,date_normalized,"{""event_date"": ""2012-12-19T07:00:00Z""}"
2958,normalize,date_normalized,"{""event_date"": ""2012-12-11T07:00:00Z""}"
2959,normalize,date_normalized,"{""event_date"": ""2012-11-06T07:00:00Z""}"
2960,normalize,date_normalized,"{""event_date"": ""2012-12-14T07:00:00Z""}"
2961,normalize,date_normalized,"{""event_date"": ""2013-06-07T06:00:00Z""}"
2962,normalize,date_normalized,"{""event_date"": ""2014-04-11T06:00:00Z""}"
2963,normalize,date_normalized,"{""event_date"": ""2012-11-06T07:00:00Z""}"
2964,normalize,date_normalized,"{""event_date"": ""2012-01-17T07:00:00Z""}"
2965,normalize,date_normalized,"{""event_date"": ""2018-04-13T06:00:00Z""}"
2966,normalize,date_normalized,"{""event_date"": ""2012-07-17T06:00:00Z""}"
2967,normalize,date_normalized,"{""event_date"": ""2011-12-09T07:00:00Z""}"
2968,normalize,date_normalized,"{""event_date"": ""2012-08-02T06:00:00Z""}"
2969,normalize,date_normalized,"{""event_date"": ""2011-12-03T07:00:00Z""}"
2970,normalize,date_normalized,"{""event_date"": ""2013-06-12T06:00:00Z""}"
2971,normalize,date_normalized,"{""event_date"": ""2014-05-07T06:00:00Z""}"
2972,normalize,date_normalized,"{""event_date"": ""2012-01-10T07:00:00Z""}"
2973,normalize,date_normalized,"{""event_date"": ""2012-01-10T07:00:00Z""}"
2974,normalize,date_normalized,"{""event_date"": ""2012-03-12T06:00:00Z""}"
2975,normalize,date_normalized,"{""event_date"": ""2012-01-17T07:00:00Z""}"
2976,normalize,date_normalized,"{""event_date"": ""2010-03-15T06:00:00Z""}"
2977,normalize,date_normalized,"{""event_date"": ""2011-12-03T07:00:00Z""}"
2978,normalize,date_normalized,"{""event_date"": ""2011-12-09T07:00:00Z""}"
2979,normalize,date_normalized,"{""event_date"": ""2011-10-27T06:00:00Z""}"
2980,normalize,date_normalized,"{""event_date"": ""2012-08-02T06:00:00Z""}"
2981,normalize,date_normalized,"{""event_date"": ""2011-10-27T06:00:00Z""}"
2982,normalize,date_normalized,"{""event_date"": ""2011-11-09T07:00:00Z""}"
2983,normalize,date_normalized,"{""event_date"": ""2012-06-09T06:00:00Z""}"
2984,normalize,date_normalized,"{""event_date"": ""2010-11-15T07:00:00Z""}"
2985,normalize,date_normalized,"{""event_date"": ""2009-12-05T07:00:00Z""}"
2986,normalize,date_normalized,"{""event_date"": ""2013-07-02T06:00:00Z""}"
2987,normalize,date_normalized,"{""event_date"": ""2010-03-15T06:00:00Z""}"
2988,normalize,date_normalized,"{""event_date"": ""2013-08-16T06:00:00Z""}"
2989,normalize,date_normalized,"{""event_date"": ""2011-10-27T06:00:00Z""}"
2990,normalize,date_normalized,"{""event_date"": ""2011-11-07T07:00:00Z""}"
2991,normalize,date_normalized,"{""event_date"": ""2012-01-17T07:00:00Z""}"
2992,normalize,date_normalized,"{""event_date"": ""2012-10-26T06:00:00Z""}"
2993,normalize,date_normalized,"{""event_date"": ""2012-02-14T07:00:00Z""}"
2994,normalize,date_normalized,"{""event_date"": ""2011-12-09T07:00:00Z""}"
2995,normalize,date_normalized,"{""event_date"": ""2012-01-17T07:00:00Z""}"
2996,normalize,date_normalized,"{""event_date"": ""2012-11-06T07:00:00Z""}"
2997,normalize,date_normalized,"{""event_date"": ""2014-05-16T06:00:00Z""}"
2998,normalize,date_normalized,"{""event_date"": ""2018-04-13T06:00:00Z""}"
2999,normalize,date_normalized,"{""event_date"": ""2011-12-29T07:00:00Z""}"
3000,normalize,date_normalized,"{""event_date"": ""2010-11-24T07:00:00Z""}"
3001,normalize,date_normalized,"{""event_date"": ""2012-08-28T06:00:00Z""}"
3002,normalize,date_normalized,"{""event_date"": ""2011-12-03T07:00:00Z""}"
3003,normalize,date_normalized,"{""event_date"": ""2012-01-10T07:00:00Z""}"
3004,normalize,date_normalized,"{""event_date"": ""2012-02-02T07:00:00Z""}"
3005,normalize,date_normalized,"{""event_date"": ""2012-01-17T07:00:00Z""}"
3006,normalize,date_normalized,"{""event_date"": ""2012-11-06T07:00:00Z""}"
3007,normalize,date_normalized,"{""event_date"": ""2013-12-30T07:00:00Z""}"
3008,normalize,date_normalized,"{""event_date"": ""2011-05-28T06:00:00Z""}"
3009,normalize,date_normalized,"{""event_date"": ""2011-12-13T07:00:00Z""}"
3010,normalize,date_normalized,"{""event_date"": ""2013-12-30T07:00:00Z""}"
3011,normalize,date_normalized,"{""event_date"": ""2012-02-14T07:00:00Z""}"
3012,normalize,date_normalized,"{""event_date"": ""2012-01-17T07:00:00Z""}"
3013,normalize,date_normalized,"{""event_date"": ""2012-08-06T06:00:00Z""}"
3014,normalize,date_normalized,"{""event_date"": ""2014-02-17T07:00:00Z""}"
3015,normalize,date_normalized,"{""event_date"": ""2011-12-21T07:00:00Z""}"
3016,normalize,date_normalized,"{""event_date"": ""2013-08-16T06:00:00Z""}"
3017,normalize,date_normalized,"{""event_date"": ""2012-01-10T07:00:00Z""}"
3018,normalize,date_normalized,"{""event_date"": ""2014-01-20T07:00:00Z""}"
3019,normalize,date_normalized,"{""event_date"": ""2011-05-28T06:00:00Z""}"
3020,normalize,date_normalized,"{""event_date"": ""2012-01-10T07:00:00Z""}"
3021,normalize,date_normalized,"{""event_date"": ""2012-01-10T07:00:00Z""}"
3022,normalize,date_normalized,"{""event_date"": ""2012-01-10T07:00:00Z""}"
3023,normalize,date_normalized,"{""event_date"": ""2013-10-29T06:00:00Z""}"
3024,normalize,date_normalized,"{""event_date"": ""2014-05-07T06:00:00Z""}"
3025,normalize,date_normalized,"{""event_date"": ""2011-12-29T07:00:00Z""}"
3026,normalize,date_normalized,"{""event_date"": ""2012-10-26T06:00:00Z""}"
3027,normalize,date_normalized,"{""event_date"": ""2013-05-08T06:00:00Z""}"
3028,normalize,date_normalized,"{""event_date"": ""2012-10-26T06:00:00Z""}"
3029,normalize,date_normalized,"{""event_date"": ""2012-01-17T07:00:00Z""}"
3030,normalize,date_normalized,"{""event_date"": ""2018-04-13T06:00:00Z""}"
3031,normalize,date_normalized,"{""event_date"": ""2011-12-16T07:00:00Z""}"
3032,normalize,date_normalized,"{""event_date"": ""2014-04-11T06:00:00Z""}"
3033,normalize,date_normalized,"{""event_date"": ""2011-09-28T06:00:00Z""}"
3034,normalize,date_normalized,"{""event_date"": ""2012-05-01T06:00:00Z""}"
3035,normalize,date_normalized,"{""event_date"": ""2012-08-28T06:00:00Z""}"
3036,normalize,date_normalized,"{""event_date"": ""2018-04-14T06:00:00Z""}"
3037,normalize,date_normalized,"{""event_date"": ""2011-06-02T06:00:00Z""}"
3038,normalize,date_normalized,"{""event_date"": ""2012-09-24T06:00:00Z""}"
3039,normalize,date_normalized,"{""event_date"": ""2012-01-30T07:00:00Z""}"
3040,normalize,date_normalized,"{""event_date"": ""2012-01-17T07:00:00Z""}"
3041,normalize,date_normalized,"{""event_date"": ""2011-05-28T06:00:00Z""}"
3042,normalize,date_normalized,"{""event_date"": ""2011-12-02T07:00:00Z""}"
3043,normalize,date_normalized,"{""event_date"": ""2010-10-28T06:00:00Z""}"
3044,normalize,date_normalized,"{""event_date"": ""2010-04-16T06:00:00Z""}"
3045,normalize,date_normalized,"{""event_date"": ""2013-04-30T06:00:00Z""}"
3046,normalize,date_normalized,"{""event_date"": ""2010-10-18T06:00:00Z""}"
3047,normalize,date_normalized,"{""event_date"": ""2012-06-07T06:00:00Z""}"
3048,normalize,date_normalized,"{""event_date"": ""2011-12-09T07:00:00Z""}"
3049,normalize,date_normalized,"{""event_date"": ""2011-12-02T07:00:00Z""}"
3050,normalize,date_normalized,"{""event_date"": ""2012-01-10T07:00:00Z""}"
3051,normalize,date_normalized,"{""event_date"": ""2010-11-04T06:00:00Z""}"
3052,normalize,date_normalized,"{""event_date"": ""2010-03-15T06:00:00Z""}"
3053,normalize,date_normalized,"{""event_date"": ""2011-10-27T06:00:00Z""}"
3054,normalize,date_normalized,"{""event_date"": ""2011-09-28T06:00:00Z""}"
3055,normalize,date_normalized,"{""event_date"": ""2012-10-26T06:00:00Z""}"
3056,normalize,date_normalized,"{""event_date"": ""2011-10-27T06:00:00Z""}"
3057,normalize,date_normalized,"{""event_date"": ""2011-11-07T07:00:00Z""}"
3058,normalize,date_normalized,"{""event_date"": ""2018-04-14T06:00:00Z""}"
3059,normalize,date_normalized,"{""event_date"": ""2012-01-10T07:00:00Z""}"
3060,normalize,date_normalized,"{""event_date"": ""2014-04-01T06:00:00Z""}"
3061,normalize,date_normalized,"{""event_date"": ""2013-07-25T06:00:00Z""}"
3062,normalize,date_normalized,"{""event_date"": ""2010-10-28T06:00:00Z""}"
3063,normalize,date_normalized,"{""event_date"": ""2018-04-13T06:00:00Z""}"
3064,normalize,date_normalized,"{""event_date"": ""2011-12-16T07:00:00Z""}"
3065,normalize,date_normalized,"{""event_date"": ""2011-11-10T07:00:00Z""}"
3066,normalize,date_normalized,"{""event_date"": ""2011-12-03T07:00:00Z""}"
3067,normalize,date_normalized,"{""event_date"": ""2014-04-01T06:00:00Z""}"
3068,normalize,date_normalized,"{""event_date"": ""2011-12-03T07:00:00Z""}"
3069,normalize,date_normalized,"{""event_date"": ""2012-02-14T07:00:00Z""}"
3070,normalize,date_normalized,"{""event_date"": ""2011-12-13T07:00:00Z""}"
3071,normalize,date_normalized,"{""event_date"": ""2013-10-29T06:00:00Z""}"
3072,normalize,date_normalized,"{""event_date"": ""2011-12-02T07:00:00Z""}"
3073,normalize,date_normalized,"{""event_date"": ""2012-02-07T07:00:00Z""}"
3074,normalize,date_normalized,"{""event_date"": ""2011-03-02T07:00:00Z""}"
3075,normalize,date_normalized,"{""event_date"": ""2014-05-16T06:00:00Z""}"
3076,normalize,date_normalized,"{""event_date"": ""2012-11-06T07:00:00Z""}"
3077,normalize,date_normalized,"{""event_date"": ""2013-12-30T07:00:00Z""}"
3078,normalize,date_normalized,"{""event_date"": ""2013-10-29T06:00:00Z""}"
3079,normalize,date_normalized,"{""event_date"": ""2012-01-17T07:00:00Z""}"
3080,normalize,date_normalized,"{""event_date"": ""2018-04-14T06:00:00Z""}"
3081,normalize,date_normalized,"{""event_date"": ""2012-01-17T07:00:00Z""}"
3082,normalize,date_normalized,"{""event_date"": ""2013-07-04T06:00:00Z""}"
3083,normalize,date_normalized,"{""event_date"": ""2013-03-21T06:00:00Z""}"
3084,normalize,date_normalized,"{""event_date"": ""2018-04-13T06:00:00Z""}"
3085,normalize,date_normalized,"{""event_date"": ""2011-10-27T06:00:00Z""}"
3086,normalize,date_normalized,"{""event_date"": ""2012-02-27T07:00:00Z""}"
3087,normalize,date_normalized,"{""event_date"": ""2011-12-09T07:00:00Z""}"
3088,normalize,date_normalized,"{""event_date"": ""2012-01-17T07:00:00Z""}"
3089,normalize,date_normalized,"{""event_date"": ""2011-12-09T07:00:00Z""}"
3090,normalize,date_normalized,"{""event_date"": ""2012-12-20T07:00:00Z""}"
3091,normalize,date_normalized,"{""event_date"": ""2012-09-03T06:00:00Z""}"
3092,normalize,date_normalized,"{""event_date"": ""2011-12-16T07:00:00Z""}"
3093,normalize,date_normalized,"{""event_date"": ""2012-02-08T07:00:00Z""}"
3094,normalize,date_normalized,"{""event_date"": ""2011-10-31T06:00:00Z""}"
3095,normalize,date_normalized,"{""event_date"": ""2012-01-10T07:00:00Z""}"
3096,normalize,date_normalized,"{""event_date"": ""2013-11-06T07:00:00Z""}"
3097,normalize,date_normalized,"{""event_date"": ""2014-05-07T06:00:00Z""}"
3098,normalize,date_normalized,"{""event_date"": ""2012-09-17T06:00:00Z""}"
3099,normalize,date_normalized,"{""event_date"": ""2011-11-07T07:00:00Z""}"
3100,normalize,date_normalized,"{""event_date"": ""2011-12-21T07:00:00Z""}"
3101,normalize,date_normalized,"{""event_date"": ""2012-02-07T07:00:00Z""}"
3102,normalize,date_normalized,"{""event_date"": ""2018-04-14T06:00:00Z""}"
3103,normalize,date_normalized,"{""event_date"": ""2010-04-27T06:00:00Z""}"
3104,normalize,date_normalized,"{""event_date"": ""2012-01-17T07:00:00Z""}"
3105,normalize,date_normalized,"{""event_date"": ""2011-10-17T06:00:00Z""}"
3106,normalize,date_normalized,"{""event_date"": ""2011-11-07T07:00:00Z""}"
3107,normalize,date_normalized,"{""event_date"": ""2012-01-17T07:00:00Z""}"
3108,normalize,date_normalized,"{""event_date"": ""2012-02-14T07:00:00Z""}"
3109,normalize,date_normalized,"{""event_date"": ""2011-12-02T07:00:00Z""}"
3110,normalize,date_normalized,"{""event_date"": ""2011-09-28T06:00:00Z""}"
3111,normalize,date_normalized,"{""event_date"": ""2012-10-26T06:00:00Z""}"
3112,normalize,date_normalized,"{""event_date"": ""2012-08-22T06:00:00Z""}"
3113,normalize,date_normalized,"{""event_date"": ""2012-01-17T07:00:00Z""}"
3114,normalize,date_normalized,"{""event_date"": ""2011-12-20T07:00:00Z""}"
3115,normalize,date_normalized,"{""event_date"": ""2011-10-18T06:00:00Z""}"
3116,normalize,date_normalized,"{""event_date"": ""2013-10-29T06:00:00Z""}"
3117,normalize,date_normalized,"{""event_date"": ""2011-10-27T06:00:00Z""}"
3118,normalize,date_normalized,"{""event_date"": ""2014-07-31T06:00:00Z""}"
3119,normalize,date_normalized,"{""event_date"": ""2008-10-23T06:00:00Z""}"
3120,normalize,date_normalized,"{""event_date"": ""2010-01-25T07:00:00Z""}"
3121,normalize,date_normalized,"{""event_date"": ""2008-01-28T07:00:00Z""}"
3122,normalize,date_normalized,"{""event_date"": ""2010-05-21T06:00:00Z""}"
3123,normalize,date_normalized,"{""event_date"": ""2011-08-10T06:00:00Z""}"
3124,normalize,date_normalized,"{""event_date"": ""2008-07-03T06:00:00Z""}"
3125,normalize,date_normalized,"{""event_date"": ""2008-03-03T07:00:00Z""}"
3126,normalize,date_normalized,"{""event_date"": ""2008-08-23T06:00:00Z""}"
3127,normalize,date_normalized,"{""event_date"": ""2009-01-15T07:00:00Z""}"
3128,normalize,date_normalized,"{""event_date"": ""2008-01-28T07:00:00Z""}"
3129,normalize,date_normalized,"{""event_date"": ""2011-11-23T07:00:00Z""}"
3130,normalize,date_normalized,"{""event_date"": ""2010-05-07T06:00:00Z""}"
3131,normalize,date_normalized,"{""event_date"": ""2009-11-01T06:00:00Z""}"
3132,normalize,date_normalized,"{""event_date"": ""2014-11-24T07:00:00Z""}"
3133,normalize,date_normalized,"{""event_date"": ""2013-10-15T06:00:00Z""}"
3134,normalize,date_normalized,"{""event_date"": ""2014-02-04T07:00:00Z""}"
3135,normalize,date_normalized,"{""event_date"": ""2013-10-15T06:00:00Z""}"
3136,normalize,date_normalized,"{""event_date"": ""2018-04-14T06:00:00Z""}"
3137,normalize,date_normalized,"{""event_date"": ""2014-02-05T07:00:00Z""}"
3138,normalize,date_normalized,"{""event_date"": ""2014-01-13T07:00:00Z""}"
3139,normalize,date_normalized,"{""event_date"": ""2014-01-09T07:00:00Z""}"
3140,normalize,date_normalized,"{""event_date"": ""2011-02-01T07:00:00Z""}"
3141,normalize,date_normalized,"{""event_date"": ""2013-02-04T07:00:00Z""}"
3142,normalize,date_normalized,"{""event_date"": ""2014-06-10T06:00:00Z""}"
3143,normalize,date_normalized,"{""event_date"": ""2014-02-05T07:00:00Z""}"
3144,normalize,date_normalized,"{""event_date"": ""2013-11-25T07:00:00Z""}"
3145,normalize,date_normalized,"{""event_date"": ""2013-11-25T07:00:00Z""}"
3146,normalize,date_normalized,"{""event_date"": ""2014-01-20T07:00:00Z""}"
3147,normalize,date_normalized,"{""event_date"": ""2013-10-15T06:00:00Z""}"
3148,normalize,date_normalized,"{""event_date"": ""2013-10-15T06:00:00Z""}"
3149,normalize,date_normalized,"{""event_date"": ""2014-02-05T07:00:00Z""}"
3150,normalize,date_normalized,"{""event_date"": ""2013-10-15T06:00:00Z""}"
3151,normalize,date_normalized,"{""event_date"": ""2014-01-13T07:00:00Z""}"
3152,normalize,date_normalized,"{""event_date"": ""2014-08-07T06:00:00Z""}"
3153,normalize,date_normalized,"{""event_date"": ""2014-03-12T06:00:00Z""}"
3154,normalize,date_normalized,"{""event_date"": ""2014-06-05T06:00:00Z""}"
3155,normalize,date_normalized,"{""event_date"": ""2013-09-12T06:00:00Z""}"
3156,normalize,date_normalized,"{""event_date"": ""2013-12-01T07:00:00Z""}"
3157,normalize,date_normalized,"{""event_date"": ""2014-01-05T07:00:00Z""}"
3158,normalize,date_normalized,"{""event_date"": ""2013-11-07T07:00:00Z""}"
3159,normalize,date_normalized,"{""event_date"": ""2014-03-02T07:00:00Z""}"
3160,normalize,date_normalized,"{""event_date"": ""2010-03-16T06:00:00Z""}"
3161,normalize,date_normalized,"{""event_date"": ""2014-01-26T07:00:00Z""}"
3162,normalize,date_normalized,"{""event_date"": ""2013-10-18T06:00:00Z""}"
3163,normalize,date_normalized,"{""event_date"": ""2012-06-07T06:00:00Z""}"
3164,normalize,date_normalized,"{""event_date"": ""2014-04-11T06:00:00Z""}"
3165,normalize,date_normalized,"{""event_date"": ""2014-01-05T07:00:00Z""}"
3166,normalize,date_normalized,"{""event_date"": ""2013-03-18T06:00:00Z""}"
3167,normalize,date_normalized,"{""event_date"": ""2013-10-09T06:00:00Z""}"
3168,normalize,date_normalized,"{""event_date"": ""2012-01-15T07:00:00Z""}"
3169,normalize,date_normalized,"{""event_date"": ""2012-10-24T06:00:00Z""}"
3170,normalize,date_normalized,"{""event_date"": ""2014-06-12T06:00:00Z""}"
3171,normalize,date_normalized,"{""event_date"": ""2012-10-05T06:00:00Z""}"
3172,normalize,date_normalized,"{""event_date"": ""2012-10-05T06:00:00Z""}"
3173,normalize,date_normalized,"{""event_date"": ""2012-10-05T06:00:00Z""}"
3174,normalize,date_normalized,"{""event_date"": ""2014-02-08T07:00:00Z""}"
3175,normalize,date_normalized,"{""event_date"": ""2012-06-07T06:00:00Z""}"
3176,normalize,date_normalized,"{""event_date"": ""2014-01-02T07:00:00Z""}"
3177,normalize,date_normalized,"{""event_date"": ""2014-05-12T06:00:00Z""}"
3178,normalize,date_normalized,"{""event_date"": ""2012-04-15T06:00:00Z""}"
3179,normalize,date_normalized,"{""event_date"": ""2014-02-25T07:00:00Z""}"
3180,normalize,date_normalized,"{""event_date"": ""2010-03-08T07:00:00Z""}"
3181,normalize,date_normalized,"{""event_date"": ""2014-01-31T07:00:00Z""}"
3182,normalize,date_normalized,"{""event_date"": ""2014-06-12T06:00:00Z""}"
3183,normalize,date_normalized,"{""event_date"": ""2013-05-09T06:00:00Z""}"
3184,normalize,date_normalized,"{""event_date"": ""2013-10-29T06:00:00Z""}"
3185,normalize,date_normalized,"{""event_date"": ""2013-12-13T07:00:00Z""}"
3186,normalize,date_normalized,"{""event_date"": ""2014-04-13T06:00:00Z""}"
3187,normalize,date_normalized,"{""event_date"": ""2014-03-02T07:00:00Z""}"
3188,normalize,date_normalized,"{""event_date"": ""2014-01-30T07:00:00Z""}"
3189,normalize,date_normalized,"{""event_date"": ""2013-10-29T06:00:00Z""}"
3190,normalize,date_normalized,"{""event_date"": ""2014-01-05T07:00:00Z""}"
3191,normalize,date_normalized,"{""event_date"": ""2011-02-10T07:00:00Z""}"
3192,normalize,date_normalized,"{""event_date"": ""2013-10-29T06:00:00Z""}"
3193,normalize,date_normalized,"{""event_date"": ""2013-05-25T06:00:00Z""}"
3194,normalize,date_normalized,"{""event_date"": ""2014-01-15T07:00:00Z""}"
3195,normalize,date_normalized,"{""event_date"": ""2013-12-06T07:00:00Z""}"
3196,normalize,date_normalized,"{""event_date"": ""2014-06-18T06:00:00Z""}"
3197,normalize,date_normalized,"{""event_date"": ""2012-06-07T06:00:00Z""}"
3198,normalize,date_normalized,"{""event_date"": ""2012-06-07T06:00:00Z""}"
3199,normalize,date_normalized,"{""event_date"": ""2014-05-12T06:00:00Z""}"
3200,normalize,date_normalized,"{""event_date"": ""2014-02-13T07:00:00Z""}"
3201,normalize,date_normalized,"{""event_date"": ""2012-06-09T06:00:00Z""}"
3202,normalize,date_normalized,"{""event_date"": ""2011-04-12T06:00:00Z""}"
3203,normalize,date_normalized,"{""event_date"": ""2014-04-24T06:00:00Z""}"
3204,normalize,date_normalized,"{""event_date"": ""2012-06-07T06:00:00Z""}"
3205,normalize,date_normalized,"{""event_date"": ""2013-08-25T06:00:00Z""}"
3206,normalize,date_normalized,"{""event_date"": ""2013-07-22T06:00:00Z""}"
3207,normalize,date_normalized,"{""event_date"": ""2013-10-17T06:00:00Z""}"
3208,normalize,date_normalized,"{""event_date"": ""2013-09-05T06:00:00Z""}"
3209,normalize,date_normalized,"{""event_date"": ""2014-01-07T07:00:00Z""}"
3210,normalize,date_normalized,"{""event_date"": ""2013-10-20T06:00:00Z""}"
3211,normalize,date_normalized,"{""event_date"": ""2013-06-24T06:00:00Z""}"
3212,normalize,date_normalized,"{""event_date"": ""2013-12-01T07:00:00Z""}"
3213,normalize,date_normalized,"{""event_date"": ""2010-02-24T07:00:00Z""}"
3214,normalize,date_normalized,"{""event_date"": ""2010-07-21T06:00:00Z""}"
3215,normalize,date_normalized,"{""event_date"": ""2013-12-06T07:00:00Z""}"
3216,normalize,date_normalized,"{""event_date"": ""2013-07-09T06:00:00Z""}"
3217,normalize,date_normalized,"{""event_date"": ""2013-04-24T06:00:00Z""}"
3218,normalize,date_normalized,"{""event_date"": ""2013-07-26T06:00:00Z""}"
3219,normalize,date_normalized,"{""event_date"": ""2014-01-09T07:00:00Z""}"
3220,normalize,date_normalized,"{""event_date"": ""2012-06-07T06:00:00Z""}"
3221,normalize,date_normalized,"{""event_date"": ""2014-02-20T07:00:00Z""}"
3222,normalize,date_normalized,"{""event_date"": ""2013-11-13T07:00:00Z""}"
3223,normalize,date_normalized,"{""event_date"": ""2014-01-17T07:00:00Z""}"
3224,normalize,date_normalized,"{""event_date"": ""2013-11-05T07:00:00Z""}"
3225,normalize,date_normalized,"{""event_date"": ""2018-04-13T06:00:00Z""}"
3226,normalize,date_normalized,"{""event_date"": ""2014-01-05T07:00:00Z""}"
3227,normalize,date_normalized,"{""event_date"": ""2013-11-12T07:00:00Z""}"
3228,normalize,date_normalized,"{""event_date"": ""2013-11-29T07:00:00Z""}"
3229,normalize,date_normalized,"{""event_date"": ""2014-01-13T07:00:00Z""}"
3230,normalize,date_normalized,"{""event_date"": ""2013-01-13T07:00:00Z""}"
3231,normalize,date_normalized,"{""event_date"": ""2014-05-12T06:00:00Z""}"
3232,normalize,date_normalized,"{""event_date"": ""2013-09-28T06:00:00Z""}"
3233,normalize,date_normalized,"{""event_date"": ""2012-07-13T06:00:00Z""}"
3234,normalize,date_normalized,"{""event_date"": ""2010-10-13T06:00:00Z""}"
3235,normalize,date_normalized,"{""event_date"": ""2014-03-11T06:00:00Z""}"
3236,normalize,date_normalized,"{""event_date"": ""2014-01-26T07:00:00Z""}"
3237,normalize,date_normalized,"{""event_date"": ""2012-10-05T06:00:00Z""}"
3238,normalize,date_normalized,"{""event_date"": ""2013-12-17T07:00:00Z""}"
3239,normalize,date_normalized,"{""event_date"": ""2014-04-16T06:00:00Z""}"
3240,normalize,date_normalized,"{""event_date"": ""2014-01-09T07:00:00Z""}"
3241,normalize,date_normalized,"{""event_date"": ""2014-01-08T07:00:00Z""}"
3242,normalize,date_normalized,"{""event_date"": ""2014-01-03T07:00:00Z""}"
3243,normalize,date_normalized,"{""event_date"": ""2013-12-06T07:00:00Z""}"
3244,normalize,date_normalized,"{""event_date"": ""2014-06-14T06:00:00Z""}"
3245,normalize,date_normalized,"{""event_date"": ""2011-05-20T06:00:00Z""}"
3246,normalize,date_normalized,"{""event_date"": ""2013-09-28T06:00:00Z""}"
3247,normalize,date_normalized,"{""event_date"": ""2013-11-09T07:00:00Z""}"
3248,normalize,date_normalized,"{""event_date"": ""2014-06-16T06:00:00Z""}"
3249,normalize,date_normalized,"{""event_date"": ""2014-06-08T06:00:00Z""}"
3250,normalize,date_normalized,"{""event_date"": ""2012-06-07T06:00:00Z""}"
3251,normalize,date_normalized,"{""event_date"": ""2012-06-07T06:00:00Z""}"
3252,normalize,date_normalized,"{""event_date"": ""2013-10-29T06:00:00Z""}"
3253,normalize,date_normalized,"{""event_date"": ""2014-06-12T06:00:00Z""}"
3254,normalize,date_normalized,"{""event_date"": ""2013-09-13T06:00:00Z""}"
3255,normalize,date_normalized,"{""event_date"": ""2011-05-30T06:00:00Z""}"
3256,normalize,date_normalized,"{""event_date"": ""2013-09-25T06:00:00Z""}"
3257,normalize,date_normalized,"{""event_date"": ""2013-12-30T07:00:00Z""}"
3258,normalize,date_normalized,"{""event_date"": ""2014-08-01T06:00:00Z""}"
3259,normalize,date_normalized,"{""event_date"": ""2014-08-01T06:00:00Z""}"
3260,normalize,date_normalized,"{""event_date"": ""2018-04-14T06:00:00Z""}"
3261,normalize,date_normalized,"{""event_date"": ""2018-04-14T06:00:00Z""}"
3262,normalize,date_normalized,"{""event_date"": ""2018-04-14T06:00:00Z""}"
3263,normalize,date_normalized,"{""event_date"": ""2014-12-08T07:00:00Z""}"
3264,normalize,date_normalized,"{""event_date"": ""2018-04-14T06:00:00Z""}"
3265,normalize,date_normalized,"{""event_date"": ""2018-04-14T06:00:00Z""}"
3266,normalize,date_normalized,"{""event_date"": ""2010-08-13T06:00:00Z""}"
3267,normalize,date_normalized,"{""event_date"": ""2018-04-14T06:00:00Z""}"
3268,normalize,date_normalized,"{""event_date"": ""2018-04-14T06:00:00Z""}"
3269,normalize,date_normalized,"{""event_date"": ""2018-04-14T06:00:00Z""}"
3270,normalize,date_normalized,"{""event_date"": ""2014-12-10T07:00:00Z""}"
3271,normalize,date_normalized,"{""event_date"": ""2018-04-14T06:00:00Z""}"
3272,normalize,date_normalized,"{""event_date"": ""2014-09-10T06:00:00Z""}"
3273,normalize,date_normalized,"{""event_date"": ""2011-03-02T07:00:00Z""}"
3274,normalize,date_normalized,"{""event_date"": ""2014-05-04T06:00:00Z""}"
3275,normalize,date_normalized,"{""event_date"": ""2014-09-10T06:00:00Z""}"
3276,normalize,date_normalized,"{""event_date"": ""2010-09-19T06:00:00Z""}"
3277,normalize,date_normalized,"{""event_date"": ""2014-10-08T06:00:00Z""}"
3278,normalize,date_normalized,"{""event_date"": ""2011-03-02T07:00:00Z""}"
3279,normalize,date_normalized,"{""event_date"": ""2014-10-09T06:00:00Z""}"
3280,normalize,date_normalized,"{""event_date"": ""2014-06-12T06:00:00Z""}"
3281,normalize,date_normalized,"{""event_date"": ""2018-04-14T06:00:00Z""}"
3282,normalize,date_normalized,"{""event_date"": ""2018-04-14T06:00:00Z""}"
3283,normalize,date_normalized,"{""event_date"": ""2014-10-04T06:00:00Z""}"
3284,normalize,date_normalized,"{""event_date"": ""2014-10-22T06:00:00Z""}"
3285,normalize,date_normalized,"{""event_date"": ""2010-06-11T06:00:00Z""}"
3286,normalize,date_normalized,"{""event_date"": ""2012-01-09T07:00:00Z""}"
3287,normalize,date_normalized,"{""event_date"": ""2013-06-03T06:00:00Z""}"
3288,normalize,date_normalized,"{""event_date"": ""2014-11-12T07:00:00Z""}"
3289,normalize,date_normalized,"{""event_date"": ""2014-10-27T06:00:00Z""}"
3290,normalize,date_normalized,"{""event_date"": ""2018-04-14T06:00:00Z""}"
3291,normalize,date_normalized,"{""event_date"": ""2014-05-20T06:00:00Z""}"
3292,normalize,date_normalized,"{""event_date"": ""2014-10-23T06:00:00Z""}"
3293,normalize,date_normalized,"{""event_date"": ""2014-03-11T06:00:00Z""}"
3294,normalize,date_normalized,"{""event_date"": ""2014-08-27T06:00:00Z""}"
3295,normalize,date_normalized,"{""event_date"": ""2010-07-21T06:00:00Z""}"
3296,normalize,date_normalized,"{""event_date"": ""2014-11-14T07:00:00Z""}"
3297,normalize,date_normalized,"{""event_date"": ""2009-02-26T07:00:00Z""}"
3298,normalize,date_normalized,"{""event_date"": ""2014-12-21T07:00:00Z""}"
3299,normalize,date_normalized,"{""event_date"": ""2009-07-13T06:00:00Z""}"
3300,normalize,date_normalized,"{""event_date"": ""2014-12-03T07:00:00Z""}"
3301,normalize,date_normalized,"{""event_date"": ""2014-11-19T07:00:00Z""}"
3302,normalize,date_normalized,"{""event_date"": ""2014-11-18T07:00:00Z""}"
3303,normalize,date_normalized,"{""event_date"": ""2014-09-25T06:00:00Z""}"
3304,normalize,date_normalized,"{""event_date"": ""2014-11-19T07:00:00Z""}"
3305,normalize,date_normalized,"{""event_date"": ""2018-04-13T06:00:00Z""}"
3306,normalize,date_normalized,"{""event_date"": ""2014-11-19T07:00:00Z""}"
3307,normalize,date_normalized,"{""event_date"": ""2014-11-21T07:00:00Z""}"
3308,normalize,date_normalized,"{""event_date"": ""2014-11-13T07:00:00Z""}"
3309,normalize,date_normalized,"{""event_date"": ""2012-06-09T06:00:00Z""}"
3310,normalize,date_normalized,"{""event_date"": ""2018-04-14T06:00:00Z""}"
3311,normalize,date_normalized,"{""event_date"": ""2012-04-23T06:00:00Z""}"
3312,normalize,date_normalized,"{""event_date"": ""2012-05-06T06:00:00Z""}"
3313,normalize,date_normalized,"{""event_date"": ""2010-03-15T06:00:00Z""}"
3314,normalize,date_normalized,"{""event_date"": ""2012-06-11T06:00:00Z""}"
3315,normalize,date_normalized,"{""event_date"": ""2014-02-12T07:00:00Z""}"
3316,normalize,date_normalized,"{""event_date"": ""2010-03-14T07:00:00Z""}"
3317,normalize,date_normalized,"{""event_date"": ""2010-09-08T06:00:00Z""}"
3318,normalize,date_normalized,"{""event_date"": ""2013-03-07T07:00:00Z""}"
3319,normalize,date_normalized,"{""event_date"": ""2014-02-20T07:00:00Z""}"
3320,normalize,date_normalized,"{""event_date"": ""2008-04-13T06:00:00Z""}"
3321,normalize,date_normalized,"{""event_date"": ""2014-02-03T07:00:00Z""}"
3322,normalize,date_normalized,"{""event_date"": ""2008-04-13T06:00:00Z""}"
3323,normalize,date_normalized,"{""event_date"": ""2008-04-13T06:00:00Z""}"
3324,normalize,date_normalized,"{""event_date"": ""2008-04-13T06:00:00Z""}"
3325,normalize,date_normalized,"{""event_date"": ""2008-04-13T06:00:00Z""}"
3326,normalize,date_normalized,"{""event_date"": ""2008-04-13T06:00:00Z""}"
3327,normalize,date_normalized,"{""event_date"": ""2014-04-25T06:00:00Z""}"
3328,normalize,date_normalized,"{""event_date"": ""2010-10-13T06:00:00Z""}"
3329,normalize,date_normalized,"{""event_date"": ""2008-04-13T06:00:00Z""}"
3330,normalize,date_normalized,"{""event_date"": ""2014-11-03T07:00:00Z""}"
3331,normalize,date_normalized,"{""event_date"": ""2018-04-13T06:00:00Z""}"
3332,normalize,date_normalized,"{""event_date"": ""2014-02-11T07:00:00Z""}"
3333,normalize,date_normalized,"{""event_date"": ""2012-06-25T06:00:00Z""}"
3334,normalize,date_normalized,"{""event_date"": ""2012-11-23T07:00:00Z""}"
3335,normalize,date_normalized,"{""event_date"": ""2014-02-13T07:00:00Z""}"
3336,normalize,date_normalized,"{""event_date"": ""2014-04-26T06:00:00Z""}"
3337,normalize,date_normalized,"{""event_date"": ""2012-05-10T06:00:00Z""}"
3338,normalize,date_normalized,"{""event_date"": ""2012-05-10T06:00:00Z""}"
3339,normalize,date_normalized,"{""event_date"": ""2013-12-10T07:00:00Z""}"
3340,normalize,date_normalized,"{""event_date"": ""2014-02-24T07:00:00Z""}"
3341,normalize,date_normalized,"{""event_date"": ""2011-04-26T06:00:00Z""}"
3342,normalize,date_normalized,"{""event_date"": ""2012-05-10T06:00:00Z""}"
3343,normalize,date_normalized,"{""event_date"": ""2013-11-28T07:00:00Z""}"
3344,normalize,date_normalized,"{""event_date"": ""2014-10-20T06:00:00Z""}"
3345,normalize,date_normalized,"{""event_date"": ""2014-07-08T06:00:00Z""}"
3346,normalize,date_normalized,"{""event_date"": ""2014-07-08T06:00:00Z""}"
3347,normalize,date_normalized,"{""event_date"": ""2014-05-15T06:00:00Z""}"
3348,normalize,date_normalized,"{""event_date"": ""2014-05-15T06:00:00Z""}"
3349,normalize,date_normalized,"{""event_date"": ""2014-04-01T06:00:00Z""}"
3350,normalize,date_normalized,"{""event_date"": ""2014-07-23T06:00:00Z""}"
3351,normalize,date_normalized,"{""event_date"": ""2014-07-23T06:00:00Z""}"
3352,normalize,date_normalized,"{""event_date"": ""2011-05-20T06:00:00Z""}"
3353,normalize,date_normalized,"{""event_date"": ""2014-03-12T06:00:00Z""}"
3354,normalize,date_normalized,"{""event_date"": ""2014-03-12T06:00:00Z""}"
3355,normalize,date_normalized,"{""event_date"": ""2014-10-03T06:00:00Z""}"
3356,normalize,date_normalized,"{""event_date"": ""2013-11-13T07:00:00Z""}"
3357,normalize,date_normalized,"{""event_date"": ""2009-10-15T06:00:00Z""}"
3358,normalize,date_normalized,"{""event_date"": ""2011-01-13T07:00:00Z""}"
3359,normalize,date_normalized,"{""event_date"": ""2014-05-19T06:00:00Z""}"
3360,normalize,date_normalized,"{""event_date"": ""2013-03-29T06:00:00Z""}"
3361,normalize,date_normalized,"{""event_date"": ""2012-05-30T06:00:00Z""}"
3362,normalize,date_normalized,"{""event_date"": ""2010-12-06T07:00:00Z""}"
3363,normalize,date_normalized,"{""event_date"": ""2010-06-09T06:00:00Z""}"
3364,normalize,date_normalized,"{""event_date"": ""2012-07-03T06:00:00Z""}"
3365,normalize,date_normalized,"{""event_date"": ""2014-04-09T06:00:00Z""}"
3366,normalize,date_normalized,"{""event_date"": ""2011-03-08T07:00:00Z""}"
3367,normalize,date_normalized,"{""event_date"": ""2011-11-30T07:00:00Z""}"
3368,normalize,date_normalized,"{""event_date"": ""2013-10-09T06:00:00Z""}"
3369,normalize,date_normalized,"{""event_date"": ""2012-09-20T06:00:00Z""}"
3370,normalize,date_normalized,"{""event_date"": ""2009-03-03T07:00:00Z""}"
3371,normalize,date_normalized,"{""event_date"": ""2013-04-08T06:00:00Z""}"
3372,normalize,date_normalized,"{""event_date"": ""2012-01-11T07:00:00Z""}"
3373,normalize,date_normalized,"{""event_date"": ""2010-12-20T07:00:00Z""}"
3374,normalize,date_normalized,"{""event_date"": ""2010-07-21T06:00:00Z""}"
3375,normalize,date_normalized,"{""event_date"": ""2012-10-09T06:00:00Z""}"
3376,normalize,date_normalized,"{""event_date"": ""2012-09-20T06:00:00Z""}"
3377,normalize,date_normalized,"{""event_date"": ""2018-04-14T06:00:00Z""}"
3378,normalize,date_normalized,"{""event_date"": ""2013-11-13T07:00:00Z""}"
3379,normalize,date_normalized,"{""event_date"": ""2012-01-09T07:00:00Z""}"
3380,normalize,date_normalized,"{""event_date"": ""2013-05-29T06:00:00Z""}"
3381,normalize,date_normalized,"{""event_date"": ""2014-01-03T07:00:00Z""}"
3382,normalize,date_normalized,"{""event_date"": ""2013-11-13T07:00:00Z""}"
3383,normalize,date_normalized,"{""event_date"": ""2012-09-05T06:00:00Z""}"
3384,normalize,date_normalized,"{""event_date"": ""2011-11-21T07:00:00Z""}"
3385,normalize,date_normalized,"{""event_date"": ""2018-04-13T06:00:00Z""}"
3386,normalize,date_normalized,"{""event_date"": ""2012-01-11T07:00:00Z""}"
3387,normalize,date_normalized,"{""event_date"": ""2012-01-09T07:00:00Z""}"
3388,normalize,date_normalized,"{""event_date"": ""2012-11-23T07:00:00Z""}"
3389,normalize,date_normalized,"{""event_date"": ""2014-05-27T06:00:00Z""}"
3390,normalize,date_normalized,"{""event_date"": ""2013-11-04T07:00:00Z""}"
3391,normalize,date_normalized,"{""event_date"": ""2012-11-28T07:00:00Z""}"
3392,normalize,date_normalized,"{""event_date"": ""2010-07-21T06:00:00Z""}"
3393,normalize,date_normalized,"{""event_date"": ""2012-07-30T06:00:00Z""}"
3394,normalize,date_normalized,"{""event_date"": ""2010-12-27T07:00:00Z""}"
3395,normalize,date_normalized,"{""event_date"": ""2011-01-11T07:00:00Z""}"
3396,normalize,date_normalized,"{""event_date"": ""2010-07-21T06:00:00Z""}"
3397,normalize,date_normalized,"{""event_date"": ""2014-07-11T06:00:00Z""}"
3398,normalize,date_normalized,"{""event_date"": ""2014-06-09T06:00:00Z""}"
3399,normalize,date_normalized,"{""event_date"": ""2011-05-04T06:00:00Z""}"
3400,normalize,date_normalized,"{""event_date"": ""2012-06-11T06:00:00Z""}"
3401,normalize,date_normalized,"{""event_date"": ""2012-04-24T06:00:00Z""}"
3402,normalize,date_normalized,"{""event_date"": ""2013-08-11T06:00:00Z""}"
3403,normalize,date_normalized,"{""event_date"": ""2012-11-26T07:00:00Z""}"
3404,normalize,date_normalized,"{""event_date"": ""2014-10-27T06:00:00Z""}"
3405,normalize,date_normalized,"{""event_date"": ""2014-11-23T07:00:00Z""}"
3406,normalize,date_normalized,"{""event_date"": ""2018-04-13T06:00:00Z""}"
3407,normalize,date_normalized,"{""event_date"": ""2018-04-14T06:00:00Z""}"
3408,normalize,date_normalized,"{""event_date"": ""2009-04-20T06:00:00Z""}"
3409,normalize,date_normalized,"{""event_date"": ""2018-04-14T06:00:00Z""}"
3410,normalize,date_normalized,"{""event_date"": ""2009-04-06T06:00:00Z""}"
3411,normalize,date_normalized,"{""event_date"": ""2008-10-10T06:00:00Z""}"
3412,normalize,date_normalized,"{""event_date"": ""2018-04-14T06:00:00Z""}"
3413,normalize,date_normalized,"{""event_date"": ""2009-03-23T06:00:00Z""}"
3414,normalize,date_normalized,"{""event_date"": ""2011-08-22T06:00:00Z""}"
3415,normalize,date_normalized,"{""event_date"": ""2018-04-14T06:00:00Z""}"
3416,normalize,date_normalized,"{""event_date"": ""2009-02-24T07:00:00Z""}"
3417,normalize,date_normalized,"{""event_date"": ""2018-04-14T06:00:00Z""}"
3418,normalize,date_normalized,"{""event_date"": ""2009-09-27T06:00:00Z""}"
3419,normalize,date_normalized,"{""event_date"": ""2014-11-24T07:00:00Z""}"
3420,normalize,date_normalized,"{""event_date"": ""2014-03-08T07:00:00Z""}"
3421,normalize,date_normalized,"{""event_date"": ""2014-11-14T07:00:00Z""}"
3422,normalize,date_normalized,"{""event_date"": ""2014-12-01T07:00:00Z""}"
3423,normalize,date_normalized,"{""event_date"": ""2014-10-14T06:00:00Z""}"
3424,normalize,date_normalized,"{""event_date"": ""2012-03-12T06:00:00Z""}"
3425,normalize,date_normalized,"{""event_date"": ""2014-09-08T06:00:00Z""}"
3426,normalize,date_normalized,"{""event_date"": ""2014-09-08T06:00:00Z""}"
3427,normalize,date_normalized,"{""event_date"": ""2013-03-27T06:00:00Z""}"
3428,normalize,date_normalized,"{""event_date"": ""2010-05-25T06:00:00Z""}"
3429,normalize,date_normalized,"{""event_date"": ""2013-03-29T06:00:00Z""}"
3430,normalize,date_normalized,"{""event_date"": ""2011-06-24T06:00:00Z""}"
3431,normalize,date_normalized,"{""event_date"": ""2012-03-13T06:00:00Z""}"
3432,normalize,date_normalized,"{""event_date"": ""2013-03-29T06:00:00Z""}"
3433,normalize,date_normalized,"{""event_date"": ""2014-01-28T07:00:00Z""}"
3434,normalize,date_normalized,"{""event_date"": ""2012-12-18T07:00:00Z""}"
3435,normalize,date_normalized,"{""event_date"": ""2011-07-27T06:00:00Z""}"
3436,normalize,date_normalized,"{""event_date"": ""2011-06-24T06:00:00Z""}"
3437,normalize,date_normalized,"{""event_date"": ""2012-12-18T07:00:00Z""}"
3438,normalize,date_normalized,"{""event_date"": ""2013-03-27T06:00:00Z""}"
3439,normalize,date_normalized,"{""event_date"": ""2014-01-24T07:00:00Z""}"
3440,normalize,date_normalized,"{""event_date"": ""2013-02-04T07:00:00Z""}"
3441,normalize,date_normalized,"{""event_date"": ""2012-12-18T07:00:00Z""}"
3442,normalize,date_normalized,"{""event_date"": ""2011-02-05T07:00:00Z""}"
3443,normalize,date_normalized,"{""event_date"": ""2013-02-04T07:00:00Z""}"
3444,normalize,date_normalized,"{""event_date"": ""2013-06-21T06:00:00Z""}"
3445,normalize,date_normalized,"{""event_date"": ""2013-08-29T06:00:00Z""}"
3446,normalize,date_normalized,"{""event_date"": ""2013-07-25T06:00:00Z""}"
3447,normalize,date_normalized,"{""event_date"": ""2014-03-07T07:00:00Z""}"
3448,normalize,date_normalized,"{""event_date"": ""2018-04-14T06:00:00Z""}"
3449,normalize,date_normalized,"{""event_date"": ""2018-04-14T06:00:00Z""}"
3450,normalize,date_normalized,"{""event_date"": ""2014-08-05T06:00:00Z""}"
3451,normalize,date_normalized,"{""event_date"": ""2018-04-14T06:00:00Z""}"
3452,normalize,date_normalized,"{""event_date"": ""2014-07-28T06:00:00Z""}"
3453,normalize,date_normalized,"{""event_date"": ""2018-04-13T06:00:00Z""}"
3454,normalize,date_normalized,"{""event_date"": ""2018-04-14T06:00:00Z""}"
3455,normalize,date_normalized,"{""event_date"": ""2018-04-14T06:00:00Z""}"
3456,normalize,date_normalized,"{""event_date"": ""2014-08-27T06:00:00Z""}"
3457,normalize,date_normalized,"{""event_date"": ""2014-08-05T06:00:00Z""}"
3458,normalize,date_normalized,"{""event_date"": ""2018-04-14T06:00:00Z""}"
3459,normalize,date_normalized,"{""event_date"": ""2018-04-14T06:00:00Z""}"
3460,normalize,date_normalized,"{""event_date"": ""2018-04-14T06:00:00Z""}"
3461,normalize,date_normalized,"{""event_date"": ""2018-04-14T06:00:00Z""}"
3462,normalize,date_normalized,"{""event_date"": ""2014-10-30T06:00:00Z""}"
3463,normalize,date_normalized,"{""event_date"": ""2014-01-22T07:00:00Z""}"
3464,normalize,date_normalized,"{""event_date"": ""2011-07-24T06:00:00Z""}"
3465,normalize,date_normalized,"{""event_date"": ""2013-10-09T06:00:00Z""}"
3466,normalize,date_normalized,"{""event_date"": ""2013-10-09T06:00:00Z""}"
3467,normalize,date_normalized,"{""event_date"": ""2013-12-23T07:00:00Z""}"
3468,normalize,date_normalized,"{""event_date"": ""2014-08-29T06:00:00Z""}"
3469,normalize,date_normalized,"{""event_date"": ""2009-08-21T06:00:00Z""}"
3470,normalize,date_normalized,"{""event_date"": ""2014-11-22T07:00:00Z""}"
3471,normalize,date_normalized,"{""event_date"": ""2009-08-21T06:00:00Z""}"
3472,normalize,date_normalized,"{""event_date"": ""2014-11-13T07:00:00Z""}"
3473,normalize,date_normalized,"{""event_date"": ""2014-07-07T06:00:00Z""}"
3474,normalize,date_normalized,"{""event_date"": ""2014-11-24T07:00:00Z""}"
3475,normalize,date_normalized,"{""event_date"": ""2014-12-19T07:00:00Z""}"
3476,normalize,date_normalized,"{""event_date"": ""2008-01-06T07:00:00Z""}"
3477,normalize,date_normalized,"{""event_date"": ""2014-10-22T06:00:00Z""}"
3478,normalize,date_normalized,"{""event_date"": ""2014-01-13T07:00:00Z""}"
3479,normalize,date_normalized,"{""event_date"": ""2014-08-13T06:00:00Z""}"
3480,normalize,date_normalized,"{""event_date"": ""2014-11-10T07:00:00Z""}"
3481,normalize,date_normalized,"{""event_date"": ""2014-11-10T07:00:00Z""}"
3482,normalize,date_normalized,"{""event_date"": ""2011-03-08T07:00:00Z""}"
3483,normalize,date_normalized,"{""event_date"": ""2010-06-27T06:00:00Z""}"
3484,normalize,date_normalized,"{""event_date"": ""2018-04-13T06:00:00Z""}"
3485,normalize,date_normalized,"{""event_date"": ""2014-11-10T07:00:00Z""}"
3486,normalize,date_normalized,"{""event_date"": ""2014-11-10T07:00:00Z""}"
3487,normalize,date_normalized,"{""event_date"": ""2014-11-10T07:00:00Z""}"
3488,normalize,date_normalized,"{""event_date"": ""2014-11-10T07:00:00Z""}"
3489,normalize,date_normalized,"{""event_date"": ""2014-11-10T07:00:00Z""}"
3490,normalize,date_normalized,"{""event_date"": ""2014-11-10T07:00:00Z""}"
3491,normalize,date_normalized,"{""event_date"": ""2014-12-18T07:00:00Z""}"
3492,normalize,date_normalized,"{""event_date"": ""2014-07-15T06:00:00Z""}"
3493,normalize,date_normalized,"{""event_date"": ""2014-07-21T06:00:00Z""}"
3494,normalize,date_normalized,"{""event_date"": ""2014-01-22T07:00:00Z""}"
3495,normalize,date_normalized,"{""event_date"": ""2018-04-13T06:00:00Z""}"
3496,normalize,date_normalized,"{""event_date"": ""2014-07-11T06:00:00Z""}"
3497,normalize,date_normalized,"{""event_date"": ""2009-08-11T06:00:00Z""}"
3498,normalize,date_normalized,"{""event_date"": ""2014-09-19T06:00:00Z""}"
3499,normalize,date_normalized,"{""event_date"": ""2013-11-26T07:00:00Z""}"
3500,normalize,date_normalized,"{""event_date"": ""2013-11-22T07:00:00Z""}"
3501,normalize,date_normalized,"{""event_date"": ""2009-11-16T07:00:00Z""}"
3502,normalize,date_normalized,"{""event_date"": ""2013-11-26T07:00:00Z""}"
3503,normalize,date_normalized,"{""event_date"": ""2013-12-06T07:00:00Z""}"
3504,normalize,date_normalized,"{""event_date"": ""2013-12-06T07:00:00Z""}"
3505,normalize,date_normalized,"{""event_date"": ""2009-12-05T07:00:00Z""}"
3506,normalize,date_normalized,"{""event_date"": ""2013-12-01T07:00:00Z""}"
3507,normalize,date_normalized,"{""event_date"": ""2014-02-19T07:00:00Z""}"
3508,normalize,date_normalized,"{""event_date"": ""2014-02-19T07:00:00Z""}"
3509,normalize,date_normalized,"{""event_date"": ""2014-02-19T07:00:00Z""}"
3510,normalize,date_normalized,"{""event_date"": ""2014-03-06T07:00:00Z""}"
3511,normalize,date_normalized,"{""event_date"": ""2014-02-26T07:00:00Z""}"
3512,normalize,date_normalized,"{""event_date"": ""2013-12-10T07:00:00Z""}"
3513,normalize,date_normalized,"{""event_date"": ""2014-02-06T07:00:00Z""}"
3514,normalize,date_normalized,"{""event_date"": ""2013-01-03T07:00:00Z""}"
3515,normalize,date_normalized,"{""event_date"": ""2014-10-14T06:00:00Z""}"
3516,normalize,date_normalized,"{""event_date"": ""2018-04-13T06:00:00Z""}"
3517,normalize,date_normalized,"{""event_date"": ""2011-07-24T06:00:00Z""}"
3518,normalize,date_normalized,"{""event_date"": ""2014-02-06T07:00:00Z""}"
3519,normalize,date_normalized,"{""event_date"": ""2013-06-28T06:00:00Z""}"
3520,normalize,date_normalized,"{""event_date"": ""2013-01-03T07:00:00Z""}"
3521,normalize,date_normalized,"{""event_date"": ""2013-01-03T07:00:00Z""}"
3522,normalize,date_normalized,"{""event_date"": ""2014-11-11T07:00:00Z""}"
3523,normalize,date_normalized,"{""event_date"": ""2014-08-05T06:00:00Z""}"
3524,normalize,date_normalized,"{""event_date"": ""2018-04-14T06:00:00Z""}"
3525,normalize,date_normalized,"{""event_date"": ""2018-04-14T06:00:00Z""}"
3526,normalize,date_normalized,"{""event_date"": ""2018-04-14T06:00:00Z""}"
3527,normalize,date_normalized,"{""event_date"": ""2014-12-08T07:00:00Z""}"
3528,normalize,date_normalized,"{""event_date"": ""2011-12-15T07:00:00Z""}"
3529,normalize,date_normalized,"{""event_date"": ""2014-02-11T07:00:00Z""}"
3530,normalize,date_normalized,"{""event_date"": ""2014-12-12T07:00:00Z""}"
3531,normalize,date_normalized,"{""event_date"": ""2014-12-10T07:00:00Z""}"
3532,normalize,date_normalized,"{""event_date"": ""2014-12-10T07:00:00Z""}"
3533,normalize,date_normalized,"{""event_date"": ""2014-11-24T07:00:00Z""}"
3534,normalize,date_normalized,"{""event_date"": ""2014-12-17T07:00:00Z""}"
3535,normalize,date_normalized,"{""event_date"": ""2014-12-19T07:00:00Z""}"
3536,normalize,date_normalized,"{""event_date"": ""2014-10-23T06:00:00Z""}"
3537,normalize,date_normalized,"{""event_date"": ""2018-04-14T06:00:00Z""}"
3538,normalize,date_normalized,"{""event_date"": ""2014-09-04T06:00:00Z""}"
3539,normalize,date_normalized,"{""event_date"": ""2018-04-13T06:00:00Z""}"
3540,normalize,date_normalized,"{""event_date"": ""2013-09-16T06:00:00Z""}"
3541,normalize,date_normalized,"{""event_date"": ""2013-08-25T06:00:00Z""}"
3542,normalize,date_normalized,"{""event_date"": ""2013-06-04T06:00:00Z""}"
3543,normalize,date_normalized,"{""event_date"": ""2013-05-05T06:00:00Z""}"
3544,normalize,date_normalized,"{""event_date"": ""2013-03-10T07:00:00Z""}"
3545,normalize,date_normalized,"{""event_date"": ""2013-09-11T06:00:00Z""}"
3546,normalize,date_normalized,"{""event_date"": ""2011-12-15T07:00:00Z""}"
3547,normalize,date_normalized,"{""event_date"": ""2011-07-16T06:00:00Z""}"
3548,normalize,date_normalized,"{""event_date"": ""2013-07-27T06:00:00Z""}"
3549,normalize,date_normalized,"{""event_date"": ""2013-04-24T06:00:00Z""}"
3550,normalize,date_normalized,"{""event_date"": ""2011-01-14T07:00:00Z""}"
3551,normalize,date_normalized,"{""event_date"": ""2013-05-30T06:00:00Z""}"
3552,normalize,date_normalized,"{""event_date"": ""2013-04-22T06:00:00Z""}"
3553,normalize,date_normalized,"{""event_date"": ""2013-09-16T06:00:00Z""}"
3554,normalize,date_normalized,"{""event_date"": ""2013-06-03T06:00:00Z""}"
3555,normalize,date_normalized,"{""event_date"": ""2013-09-24T06:00:00Z""}"
3556,normalize,date_normalized,"{""event_date"": ""2013-05-25T06:00:00Z""}"
3557,normalize,date_normalized,"{""event_date"": ""2013-08-03T06:00:00Z""}"
3558,normalize,date_normalized,"{""event_date"": ""2013-07-20T06:00:00Z""}"
3559,normalize,date_normalized,"{""event_date"": ""2013-09-25T06:00:00Z""}"
3560,normalize,date_normalized,"{""event_date"": ""2013-04-13T06:00:00Z""}"
3561,normalize,date_normalized,"{""event_date"": ""2011-07-24T06:00:00Z""}"
3562,normalize,date_normalized,"{""event_date"": ""2013-05-15T06:00:00Z""}"
3563,normalize,date_normalized,"{""event_date"": ""2013-05-21T06:00:00Z""}"
3564,normalize,date_normalized,"{""event_date"": ""2013-08-25T06:00:00Z""}"
3565,normalize,date_normalized,"{""event_date"": ""2013-05-23T06:00:00Z""}"
3566,normalize,date_normalized,"{""event_date"": ""2013-08-03T06:00:00Z""}"
3567,normalize,date_normalized,"{""event_date"": ""2013-09-08T06:00:00Z""}"
3568,normalize,date_normalized,"{""event_date"": ""2014-02-19T07:00:00Z""}"
3569,normalize,date_normalized,"{""event_date"": ""2013-05-10T06:00:00Z""}"
3570,normalize,date_normalized,"{""event_date"": ""2013-05-10T06:00:00Z""}"
3571,normalize,date_normalized,"{""event_date"": ""2008-11-07T07:00:00Z""}"
3572,normalize,date_normalized,"{""event_date"": ""2011-12-15T07:00:00Z""}"
3573,normalize,date_normalized,"{""event_date"": ""2013-05-10T06:00:00Z""}"
3574,normalize,date_normalized,"{""event_date"": ""2014-10-14T06:00:00Z""}"
3575,normalize,date_normalized,"{""event_date"": ""2008-12-29T07:00:00Z""}"
3576,normalize,date_normalized,"{""event_date"": ""2008-05-22T06:00:00Z""}"
3577,normalize,date_normalized,"{""event_date"": ""2008-03-27T06:00:00Z""}"
3578,normalize,date_normalized,"{""event_date"": ""2008-06-09T06:00:00Z""}"
3579,normalize,date_normalized,"{""event_date"": ""2012-02-14T07:00:00Z""}"
3580,normalize,date_normalized,"{""event_date"": ""2008-11-06T07:00:00Z""}"
3581,normalize,date_normalized,"{""event_date"": ""2018-04-13T06:00:00Z""}"
3582,normalize,date_normalized,"{""event_date"": ""2013-06-24T06:00:00Z""}"
3583,normalize,date_normalized,"{""event_date"": ""2010-02-17T07:00:00Z""}"
3584,normalize,date_normalized,"{""event_date"": ""2008-06-09T06:00:00Z""}"
3585,normalize,date_normalized,"{""event_date"": ""2009-12-07T07:00:00Z""}"
3586,normalize,date_normalized,"{""event_date"": ""2008-03-27T06:00:00Z""}"
3587,normalize,date_normalized,"{""event_date"": ""2008-05-12T06:00:00Z""}"
3588,normalize,date_normalized,"{""event_date"": ""2008-03-27T06:00:00Z""}"
3589,normalize,date_normalized,"{""event_date"": ""2012-03-09T07:00:00Z""}"
3590,normalize,date_normalized,"{""event_date"": ""2008-11-06T07:00:00Z""}"
3591,normalize,date_normalized,"{""event_date"": ""2012-01-31T07:00:00Z""}"
3592,normalize,date_normalized,"{""event_date"": ""2008-06-09T06:00:00Z""}"
3593,normalize,date_normalized,"{""event_date"": ""2012-04-04T06:00:00Z""}"
3594,normalize,date_normalized,"{""event_date"": ""2008-06-09T06:00:00Z""}"
3595,normalize,date_normalized,"{""event_date"": ""2013-06-28T06:00:00Z""}"
3596,normalize,date_normalized,"{""event_date"": ""2008-06-09T06:00:00Z""}"
3597,normalize,date_normalized,"{""event_date"": ""2008-06-09T06:00:00Z""}"
3598,normalize,date_normalized,"{""event_date"": ""2009-09-29T06:00:00Z""}"
3599,normalize,date_normalized,"{""event_date"": ""2008-12-29T07:00:00Z""}"
3600,normalize,date_normalized,"{""event_date"": ""2009-12-07T07:00:00Z""}"
3601,normalize,date_normalized,"{""event_date"": ""2011-12-15T07:00:00Z""}"
3602,normalize,date_normalized,"{""event_date"": ""2009-09-14T06:00:00Z""}"
3603,normalize,date_normalized,"{""event_date"": ""2008-05-05T06:00:00Z""}"
3604,normalize,date_normalized,"{""event_date"": ""2008-03-27T06:00:00Z""}"
3605,normalize,date_normalized,"{""event_date"": ""2009-09-14T06:00:00Z""}"
3606,normalize,date_normalized,"{""event_date"": ""2015-01-16T07:00:00Z""}"
3607,normalize,date_normalized,"{""event_date"": ""2015-05-05T06:00:00Z""}"
3608,normalize,date_normalized,"{""event_date"": ""2009-05-09T06:00:00Z""}"
3609,normalize,date_normalized,"{""event_date"": ""2015-05-27T06:00:00Z""}"
3610,normalize,date_normalized,"{""event_date"": ""2013-12-07T07:00:00Z""}"
3611,normalize,date_normalized,"{""event_date"": ""2013-01-25T07:00:00Z""}"
3612,normalize,date_normalized,"{""event_date"": ""2009-03-10T06:00:00Z""}"
3613,normalize,date_normalized,"{""event_date"": ""2018-04-13T06:00:00Z""}"
3614,normalize,date_normalized,"{""event_date"": ""2013-12-20T07:00:00Z""}"
3615,normalize,date_normalized,"{""event_date"": ""2014-01-07T07:00:00Z""}"
3616,normalize,date_normalized,"{""event_date"": ""2014-05-23T06:00:00Z""}"
3617,normalize,date_normalized,"{""event_date"": ""2015-02-27T07:00:00Z""}"
3618,normalize,date_normalized,"{""event_date"": ""2015-07-27T06:00:00Z""}"
3619,normalize,date_normalized,"{""event_date"": ""2015-03-12T06:00:00Z""}"
3620,normalize,date_normalized,"{""event_date"": ""2015-02-21T07:00:00Z""}"
3621,normalize,date_normalized,"{""event_date"": ""2015-02-21T07:00:00Z""}"
3622,normalize,date_normalized,"{""event_date"": ""2015-03-16T06:00:00Z""}"
3623,normalize,date_normalized,"{""event_date"": ""2015-01-18T07:00:00Z""}"
3624,normalize,date_normalized,"{""event_date"": ""2011-07-16T06:00:00Z""}"
3625,normalize,date_normalized,"{""event_date"": ""2015-02-21T07:00:00Z""}"
3626,normalize,date_normalized,"{""event_date"": ""2015-02-21T07:00:00Z""}"
3627,normalize,date_normalized,"{""event_date"": ""2015-03-12T06:00:00Z""}"
3628,normalize,date_normalized,"{""event_date"": ""2015-03-30T06:00:00Z""}"
3629,normalize,date_normalized,"{""event_date"": ""2015-03-17T06:00:00Z""}"
3630,normalize,date_normalized,"{""event_date"": ""2015-03-01T07:00:00Z""}"
3631,normalize,date_normalized,"{""event_date"": ""2014-06-04T06:00:00Z""}"
3632,normalize,date_normalized,"{""event_date"": ""2015-03-03T07:00:00Z""}"
3633,normalize,date_normalized,"{""event_date"": ""2015-03-23T06:00:00Z""}"
3634,normalize,date_normalized,"{""event_date"": ""2012-03-24T06:00:00Z""}"
3635,normalize,date_normalized,"{""event_date"": ""2014-11-27T07:00:00Z""}"
3636,normalize,date_normalized,"{""event_date"": ""2014-11-02T06:00:00Z""}"
3637,normalize,date_normalized,"{""event_date"": ""2015-03-01T07:00:00Z""}"
3638,normalize,date_normalized,"{""event_date"": ""2015-02-15T07:00:00Z""}"
3639,normalize,date_normalized,"{""event_date"": ""2015-03-23T06:00:00Z""}"
3640,normalize,date_normalized,"{""event_date"": ""2015-02-15T07:00:00Z""}"
3641,normalize,date_normalized,"{""event_date"": ""2014-06-04T06:00:00Z""}"
3642,normalize,date_normalized,"{""event_date"": ""2014-09-03T06:00:00Z""}"
3643,normalize,date_normalized,"{""event_date"": ""2015-03-12T06:00:00Z""}"
3644,normalize,date_normalized,"{""event_date"": ""2014-09-17T06:00:00Z""}"
3645,normalize,date_normalized,"{""event_date"": ""2033-07-08T06:00:00Z""}"
3646,normalize,date_normalized,"{""event_date"": ""2018-04-14T06:00:00Z""}"
3647,normalize,date_normalized,"{""event_date"": ""2015-04-27T06:00:00Z""}"
3648,normalize,date_normalized,"{""event_date"": ""2015-01-29T07:00:00Z""}"
3649,normalize,date_normalized,"{""event_date"": ""2013-12-13T07:00:00Z""}"
3650,normalize,date_normalized,"{""event_date"": ""2013-01-09T07:00:00Z""}"
3651,normalize,date_normalized,"{""event_date"": ""2012-04-26T06:00:00Z""}"
3652,normalize,date_normalized,"{""event_date"": ""2012-11-30T07:00:00Z""}"
3653,normalize,date_normalized,"{""event_date"": ""2012-09-27T06:00:00Z""}"
3654,normalize,date_normalized,"{""event_date"": ""2012-04-26T06:00:00Z""}"
3655,normalize,date_normalized,"{""event_date"": ""2013-10-23T06:00:00Z""}"
3656,normalize,date_normalized,"{""event_date"": ""2012-04-26T06:00:00Z""}"
3657,normalize,date_normalized,"{""event_date"": ""2014-07-11T06:00:00Z""}"
3658,normalize,date_normalized,"{""event_date"": ""2012-04-26T06:00:00Z""}"
3659,normalize,date_normalized,"{""event_date"": ""2013-11-19T07:00:00Z""}"
3660,normalize,date_normalized,"{""event_date"": ""2012-04-20T06:00:00Z""}"
3661,normalize,date_normalized,"{""event_date"": ""2012-11-29T07:00:00Z""}"
3662,normalize,date_normalized,"{""event_date"": ""2014-02-25T07:00:00Z""}"
3663,normalize,date_normalized,"{""event_date"": ""2014-10-27T06:00:00Z""}"
3664,normalize,date_normalized,"{""event_date"": ""2014-06-20T06:00:00Z""}"
3665,normalize,date_normalized,"{""event_date"": ""2012-04-26T06:00:00Z""}"
3666,normalize,date_normalized,"{""event_date"": ""2015-01-25T07:00:00Z""}"
3667,normalize,date_normalized,"{""event_date"": ""2014-02-25T07:00:00Z""}"
3668,normalize,date_normalized,"{""event_date"": ""2013-08-02T06:00:00Z""}"
3669,normalize,date_normalized,"{""event_date"": ""2014-06-20T06:00:00Z""}"
3670,normalize,date_normalized,"{""event_date"": ""2012-04-26T06:00:00Z""}"
3671,normalize,date_normalized,"{""event_date"": ""2014-06-20T06:00:00Z""}"
3672,normalize,date_normalized,"{""event_date"": ""2014-07-02T06:00:00Z""}"
3673,normalize,date_normalized,"{""event_date"": ""2013-08-02T06:00:00Z""}"
3674,normalize,date_normalized,"{""event_date"": ""2013-08-02T06:00:00Z""}"
3675,normalize,date_normalized,"{""event_date"": ""2011-09-05T06:00:00Z""}"
3676,normalize,date_normalized,"{""event_date"": ""2014-08-27T06:00:00Z""}"
3677,normalize,date_normalized,"{""event_date"": ""2011-12-15T07:00:00Z""}"
3678,normalize,date_normalized,"{""event_date"": ""2012-04-26T06:00:00Z""}"
3679,normalize,date_normalized,"{""event_date"": ""2014-02-24T07:00:00Z""}"
3680,normalize,date_normalized,"{""event_date"": ""2014-09-28T06:00:00Z""}"
3681,normalize,date_normalized,"{""event_date"": ""2012-04-26T06:00:00Z""}"
3682,normalize,date_normalized,"{""event_date"": ""2014-04-17T06:00:00Z""}"
3683,normalize,date_normalized,"{""event_date"": ""2012-11-27T07:00:00Z""}"
3684,normalize,date_normalized,"{""event_date"": ""2015-07-09T06:00:00Z""}"
3685,normalize,date_normalized,"{""event_date"": ""2014-05-15T06:00:00Z""}"
3686,normalize,date_normalized,"{""event_date"": ""2013-08-17T06:00:00Z""}"
3687,normalize,date_normalized,"{""event_date"": ""2011-12-15T07:00:00Z""}"
3688,normalize,date_normalized,"{""event_date"": ""2014-05-30T06:00:00Z""}"
3689,normalize,date_normalized,"{""event_date"": ""2014-06-30T06:00:00Z""}"
3690,normalize,date_normalized,"{""event_date"": ""2014-07-01T06:00:00Z""}"
3691,normalize,date_normalized,"{""event_date"": ""2014-06-26T06:00:00Z""}"
3692,normalize,date_normalized,"{""event_date"": ""2014-11-18T07:00:00Z""}"
3693,normalize,date_normalized,"{""event_date"": ""2014-04-14T06:00:00Z""}"
3694,normalize,date_normalized,"{""event_date"": ""2015-01-15T07:00:00Z""}"
3695,normalize,date_normalized,"{""event_date"": ""2014-08-17T06:00:00Z""}"
3696,normalize,date_normalized,"{""event_date"": ""2018-04-14T06:00:00Z""}"
3697,normalize,date_normalized,"{""event_date"": ""2011-01-14T07:00:00Z""}"
3698,normalize,date_normalized,"{""event_date"": ""2014-08-02T06:00:00Z""}"
3699,normalize,date_normalized,"{""event_date"": ""2014-07-29T06:00:00Z""}"
3700,normalize,date_normalized,"{""event_date"": ""2014-05-15T06:00:00Z""}"
3701,normalize,date_normalized,"{""event_date"": ""2014-08-22T06:00:00Z""}"
3702,normalize,date_normalized,"{""event_date"": ""2014-07-13T06:00:00Z""}"
3703,normalize,date_normalized,"{""event_date"": ""2014-06-07T06:00:00Z""}"
3704,normalize,date_normalized,"{""event_date"": ""2014-05-15T06:00:00Z""}"
3705,normalize,date_normalized,"{""event_date"": ""2014-05-15T06:00:00Z""}"
3706,normalize,date_normalized,"{""event_date"": ""2014-05-15T06:00:00Z""}"
3707,normalize,date_normalized,"{""event_date"": ""2014-09-07T06:00:00Z""}"
3708,normalize,date_normalized,"{""event_date"": ""2012-03-24T06:00:00Z""}"
3709,normalize,date_normalized,"{""event_date"": ""2014-08-01T06:00:00Z""}"
3710,normalize,date_normalized,"{""event_date"": ""2014-07-01T06:00:00Z""}"
3711,normalize,date_normalized,"{""event_date"": ""2014-09-22T06:00:00Z""}"
3712,normalize,date_normalized,"{""event_date"": ""2014-08-01T06:00:00Z""}"
3713,normalize,date_normalized,"{""event_date"": ""2014-08-01T06:00:00Z""}"
3714,normalize,date_normalized,"{""event_date"": ""2014-05-15T06:00:00Z""}"
3715,normalize,date_normalized,"{""event_date"": ""2013-08-17T06:00:00Z""}"
3716,normalize,date_normalized,"{""event_date"": ""2014-08-17T06:00:00Z""}"
3717,normalize,date_normalized,"{""event_date"": ""2014-05-25T06:00:00Z""}"
3718,normalize,date_normalized,"{""event_date"": ""2014-08-01T06:00:00Z""}"
3719,normalize,date_normalized,"{""event_date"": ""2018-04-13T06:00:00Z""}"
3720,normalize,date_normalized,"{""event_date"": ""2011-04-02T06:00:00Z""}"
3721,normalize,date_normalized,"{""event_date"": ""2014-08-04T06:00:00Z""}"
3722,normalize,date_normalized,"{""event_date"": ""2014-07-01T06:00:00Z""}"
3723,normalize,date_normalized,"{""event_date"": ""2014-07-01T06:00:00Z""}"
3724,normalize,date_normalized,"{""event_date"": ""2014-08-07T06:00:00Z""}"
3725,normalize,date_normalized,"{""event_date"": ""2014-07-04T06:00:00Z""}"
3726,normalize,date_normalized,"{""event_date"": ""2014-09-29T06:00:00Z""}"
3727,normalize,date_normalized,"{""event_date"": ""2014-05-15T06:00:00Z""}"
3728,normalize,date_normalized,"{""event_date"": ""2037-09-12T06:00:00Z""}"
3729,normalize,date_normalized,"{""event_date"": ""2011-04-05T06:00:00Z""}"
3730,normalize,date_normalized,"{""event_date"": ""2011-07-24T06:00:00Z""}"
3731,normalize,date_normalized,"{""event_date"": ""2014-07-01T06:00:00Z""}"
3732,normalize,date_normalized,"{""event_date"": ""2014-05-23T06:00:00Z""}"
3733,normalize,date_normalized,"{""event_date"": ""2013-08-17T06:00:00Z""}"
3734,normalize,date_normalized,"{""event_date"": ""2014-05-15T06:00:00Z""}"
3735,normalize,date_normalized,"{""event_date"": ""2014-05-15T06:00:00Z""}"
3736,normalize,date_normalized,"{""event_date"": ""2013-08-17T06:00:00Z""}"
3737,normalize,date_normalized,"{""event_date"": ""2014-05-15T06:00:00Z""}"
3738,normalize,date_normalized,"{""event_date"": ""2014-08-03T06:00:00Z""}"
3739,normalize,date_normalized,"{""event_date"": ""2031-02-28T07:00:00Z""}"
3740,normalize,date_normalized,"{""event_date"": ""2014-03-04T07:00:00Z""}"
3741,normalize,date_normalized,"{""event_date"": ""2014-08-01T06:00:00Z""}"
3742,normalize,date_normalized,"{""event_date"": ""2014-05-15T06:00:00Z""}"
3743,normalize,date_normalized,"{""event_date"": ""2014-05-25T06:00:00Z""}"
3744,normalize,date_normalized,"{""event_date"": ""2014-06-30T06:00:00Z""}"
3745,normalize,date_normalized,"{""event_date"": ""2014-08-17T06:00:00Z""}"
3746,normalize,date_normalized,"{""event_date"": ""2014-08-07T06:00:00Z""}"
3747,normalize,date_normalized,"{""event_date"": ""2014-04-08T06:00:00Z""}"
3748,normalize,date_normalized,"{""event_date"": ""2014-08-28T06:00:00Z""}"
3749,normalize,date_normalized,"{""event_date"": ""2014-12-09T07:00:00Z""}"
3750,normalize,date_normalized,"{""event_date"": ""2014-06-13T06:00:00Z""}"
3751,normalize,date_normalized,"{""event_date"": ""2014-08-11T06:00:00Z""}"
3752,normalize,date_normalized,"{""event_date"": ""2011-04-19T06:00:00Z""}"
3753,normalize,date_normalized,"{""event_date"": ""2014-06-26T06:00:00Z""}"
3754,normalize,date_normalized,"{""event_date"": ""2014-05-15T06:00:00Z""}"
3755,normalize,date_normalized,"{""event_date"": ""2014-03-30T06:00:00Z""}"
3756,normalize,date_normalized,"{""event_date"": ""2014-07-02T06:00:00Z""}"
3757,normalize,date_normalized,"{""event_date"": ""2014-05-15T06:00:00Z""}"
3758,normalize,date_normalized,"{""event_date"": ""2013-12-05T07:00:00Z""}"
3759,normalize,date_normalized,"{""event_date"": ""2014-05-15T06:00:00Z""}"
3760,normalize,date_normalized,"{""event_date"": ""2014-04-20T06:00:00Z""}"
3761,normalize,date_normalized,"{""event_date"": ""2015-01-21T07:00:00Z""}"
3762,normalize,date_normalized,"{""event_date"": ""2014-09-15T06:00:00Z""}"
3763,normalize,date_normalized,"{""event_date"": ""2014-09-12T06:00:00Z""}"
3764,normalize,date_normalized,"{""event_date"": ""2014-07-04T06:00:00Z""}"
3765,normalize,date_normalized,"{""event_date"": ""2014-04-08T06:00:00Z""}"
3766,normalize,date_normalized,"{""event_date"": ""2013-08-17T06:00:00Z""}"
3767,normalize,date_normalized,"{""event_date"": ""2018-04-14T06:00:00Z""}"
3768,normalize,date_normalized,"{""event_date"": ""2018-04-13T06:00:00Z""}"
3769,normalize,date_normalized,"{""event_date"": ""2014-05-15T06:00:00Z""}"
3770,normalize,date_normalized,"{""event_date"": ""2014-04-08T06:00:00Z""}"
3771,normalize,date_normalized,"{""event_date"": ""2014-05-15T06:00:00Z""}"
3772,normalize,date_normalized,"{""event_date"": ""2014-07-13T06:00:00Z""}"
3773,normalize,date_normalized,"{""event_date"": ""2014-05-23T06:00:00Z""}"
3774,normalize,date_normalized,"{""event_date"": ""2014-05-15T06:00:00Z""}"
3775,normalize,date_normalized,"{""event_date"": ""2014-08-07T06:00:00Z""}"
3776,normalize,date_normalized,"{""event_date"": ""2014-05-15T06:00:00Z""}"
3777,normalize,date_normalized,"{""event_date"": ""2014-05-15T06:00:00Z""}"
3778,normalize,date_normalized,"{""event_date"": ""2011-12-15T07:00:00Z""}"
3779,normalize,date_normalized,"{""event_date"": ""2014-02-26T07:00:00Z""}"
3780,normalize,date_normalized,"{""event_date"": ""2011-04-05T06:00:00Z""}"
3781,normalize,date_normalized,"{""event_date"": ""2014-04-08T06:00:00Z""}"
3782,normalize,date_normalized,"{""event_date"": ""2014-10-17T06:00:00Z""}"
3783,normalize,date_normalized,"{""event_date"": ""2014-12-19T07:00:00Z""}"
3784,normalize,date_normalized,"{""event_date"": ""2014-05-20T06:00:00Z""}"
3785,normalize,date_normalized,"{""event_date"": ""2018-04-14T06:00:00Z""}"
3786,normalize,date_normalized,"{""event_date"": ""2014-05-15T06:00:00Z""}"
3787,normalize,date_normalized,"{""event_date"": ""2014-05-22T06:00:00Z""}"
3788,normalize,date_normalized,"{""event_date"": ""2014-04-08T06:00:00Z""}"
3789,normalize,date_normalized,"{""event_date"": ""2018-04-13T06:00:00Z""}"
3790,normalize,date_normalized,"{""event_date"": ""2013-08-20T06:00:00Z""}"
3791,normalize,date_normalized,"{""event_date"": ""2014-05-15T06:00:00Z""}"
3792,normalize,date_normalized,"{""event_date"": ""2014-07-10T06:00:00Z""}"
3793,normalize,date_normalized,"{""event_date"": ""2014-03-08T07:00:00Z""}"
3794,normalize,date_normalized,"{""event_date"": ""2014-05-15T06:00:00Z""}"
3795,normalize,date_normalized,"{""event_date"": ""2015-02-16T07:00:00Z""}"
3796,normalize,date_normalized,"{""event_date"": ""2018-04-14T06:00:00Z""}"
3797,normalize,date_normalized,"{""event_date"": ""2014-12-02T07:00:00Z""}"
3798,normalize,date_normalized,"{""event_date"": ""2013-10-30T06:00:00Z""}"
3799,normalize,date_normalized,"{""event_date"": ""2012-03-24T06:00:00Z""}"
3800,normalize,date_normalized,"{""event_date"": ""2012-11-22T07:00:00Z""}"
3801,normalize,date_normalized,"{""event_date"": ""2014-12-02T07:00:00Z""}"
3802,normalize,date_normalized,"{""event_date"": ""2015-07-23T06:00:00Z""}"
3803,normalize,date_normalized,"{""event_date"": ""2014-09-30T06:00:00Z""}"
3804,normalize,date_normalized,"{""event_date"": ""2014-11-22T07:00:00Z""}"
3805,normalize,date_normalized,"{""event_date"": ""2014-11-22T07:00:00Z""}"
3806,normalize,date_normalized,"{""event_date"": ""2012-11-22T07:00:00Z""}"
3807,normalize,date_normalized,"{""event_date"": ""2018-04-14T06:00:00Z""}"
3808,normalize,date_normalized,"{""event_date"": ""2018-04-14T06:00:00Z""}"
3809,normalize,date_normalized,"{""event_date"": ""2014-11-18T07:00:00Z""}"
3810,normalize,date_normalized,"{""event_date"": ""2014-08-15T06:00:00Z""}"
3811,normalize,date_normalized,"{""event_date"": ""2018-04-14T06:00:00Z""}"
3812,normalize,date_normalized,"{""event_date"": ""2014-11-25T07:00:00Z""}"
3813,normalize,date_normalized,"{""event_date"": ""2018-04-14T06:00:00Z""}"
3814,normalize,date_normalized,"{""event_date"": ""2018-04-14T06:00:00Z""}"
3815,normalize,date_normalized,"{""event_date"": ""2018-04-14T06:00:00Z""}"
3816,normalize,date_normalized,"{""event_date"": ""2014-01-14T07:00:00Z""}"
3817,normalize,date_normalized,"{""event_date"": ""2018-04-14T06:00:00Z""}"
3818,normalize,date_normalized,"{""event_date"": ""2015-05-31T06:00:00Z""}"
3819,normalize,date_normalized,"{""event_date"": ""2012-11-22T07:00:00Z""}"
3820,normalize,date_normalized,"{""event_date"": ""2010-06-24T06:00:00Z""}"
3821,normalize,date_normalized,"{""event_date"": ""2011-12-15T07:00:00Z""}"
3822,normalize,date_normalized,"{""event_date"": ""2018-04-14T06:00:00Z""}"
3823,normalize,date_normalized,"{""event_date"": ""2014-01-14T07:00:00Z""}"
3824,normalize,date_normalized,"{""event_date"": ""2018-04-14T06:00:00Z""}"
3825,normalize,date_normalized,"{""event_date"": ""2014-09-30T06:00:00Z""}"
3826,normalize,date_normalized,"{""event_date"": ""2013-05-21T06:00:00Z""}"
3827,normalize,date_normalized,"{""event_date"": ""2015-08-01T06:00:00Z""}"
3828,normalize,date_normalized,"{""event_date"": ""2014-10-28T06:00:00Z""}"
3829,normalize,date_normalized,"{""event_date"": ""2013-05-21T06:00:00Z""}"
3830,normalize,date_normalized,"{""event_date"": ""2014-09-30T06:00:00Z""}"
3831,normalize,date_normalized,"{""event_date"": ""2015-06-21T06:00:00Z""}"
3832,normalize,date_normalized,"{""event_date"": ""2014-09-30T06:00:00Z""}"
3833,normalize,date_normalized,"{""event_date"": ""2014-01-14T07:00:00Z""}"
3834,normalize,date_normalized,"{""event_date"": ""2018-04-14T06:00:00Z""}"
3835,normalize,date_normalized,"{""event_date"": ""2014-01-14T07:00:00Z""}"
3836,normalize,date_normalized,"{""event_date"": ""2014-01-14T07:00:00Z""}"
3837,normalize,date_normalized,"{""event_date"": ""2018-04-14T06:00:00Z""}"
3838,normalize,date_normalized,"{""event_date"": ""2014-09-30T06:00:00Z""}"
3839,normalize,date_normalized,"{""event_date"": ""2012-11-22T07:00:00Z""}"
3840,normalize,date_normalized,"{""event_date"": ""2018-04-14T06:00:00Z""}"
3841,normalize,date_normalized,"{""event_date"": ""2018-04-14T06:00:00Z""}"
3842,normalize,date_normalized,"{""event_date"": ""2011-01-14T07:00:00Z""}"
3843,normalize,date_normalized,"{""event_date"": ""2018-04-14T06:00:00Z""}"
3844,normalize,date_normalized,"{""event_date"": ""2015-06-02T06:00:00Z""}"
3845,normalize,date_normalized,"{""event_date"": ""2012-11-22T07:00:00Z""}"
3846,normalize,date_normalized,"{""event_date"": ""2014-01-14T07:00:00Z""}"
3847,normalize,date_normalized,"{""event_date"": ""2014-01-14T07:00:00Z""}"
3848,normalize,date_normalized,"{""event_date"": ""2014-09-30T06:00:00Z""}"
3849,normalize,date_normalized,"{""event_date"": ""2013-10-30T06:00:00Z""}"
3850,normalize,date_normalized,"{""event_date"": ""2015-07-20T06:00:00Z""}"
3851,normalize,date_normalized,"{""event_date"": ""2014-12-28T07:00:00Z""}"
3852,normalize,date_normalized,"{""event_date"": ""2014-01-14T07:00:00Z""}"
3853,normalize,date_normalized,"{""event_date"": ""2011-12-15T07:00:00Z""}"
3854,normalize,date_normalized,"{""event_date"": ""2012-11-22T07:00:00Z""}"
3855,normalize,date_normalized,"{""event_date"": ""2015-05-18T06:00:00Z""}"
3856,normalize,date_normalized,"{""event_date"": ""2018-04-14T06:00:00Z""}"
3857,normalize,date_normalized,"{""event_date"": ""2015-01-07T07:00:00Z""}"
3858,normalize,date_normalized,"{""event_date"": ""2012-11-22T07:00:00Z""}"
3859,normalize,date_normalized,"{""event_date"": ""2018-04-14T06:00:00Z""}"
3860,normalize,date_normalized,"{""event_date"": ""2015-06-21T06:00:00Z""}"
3861,normalize,date_normalized,"{""event_date"": ""2014-04-26T06:00:00Z""}"
3862,normalize,date_normalized,"{""event_date"": ""2012-11-22T07:00:00Z""}"
3863,normalize,date_normalized,"{""event_date"": ""2015-11-09T07:00:00Z""}"
3864,normalize,date_normalized,"{""event_date"": ""2014-11-12T07:00:00Z""}"
3865,normalize,date_normalized,"{""event_date"": ""2015-07-13T06:00:00Z""}"
3866,normalize,date_normalized,"{""event_date"": ""2015-07-07T06:00:00Z""}"
3867,normalize,date_normalized,"{""event_date"": ""2013-11-18T07:00:00Z""}"
3868,normalize,date_normalized,"{""event_date"": ""2015-07-20T06:00:00Z""}"
3869,normalize,date_normalized,"{""event_date"": ""2018-04-14T06:00:00Z""}"
3870,normalize,date_normalized,"{""event_date"": ""2018-04-14T06:00:00Z""}"
3871,normalize,date_normalized,"{""event_date"": ""2018-04-14T06:00:00Z""}"
3872,normalize,date_normalized,"{""event_date"": ""2015-04-19T06:00:00Z""}"
3873,normalize,date_normalized,"{""event_date"": ""2014-04-28T06:00:00Z""}"
3874,normalize,date_normalized,"{""event_date"": ""2011-04-02T06:00:00Z""}"
3875,normalize,date_normalized,"{""event_date"": ""2014-02-14T07:00:00Z""}"
3876,normalize,date_normalized,"{""event_date"": ""2018-04-14T06:00:00Z""}"
3877,normalize,date_normalized,"{""event_date"": ""2018-04-14T06:00:00Z""}"
3878,normalize,date_normalized,"{""event_date"": ""2015-10-16T06:00:00Z""}"
3879,normalize,date_normalized,"{""event_date"": ""2015-02-26T07:00:00Z""}"
3880,normalize,date_normalized,"{""event_date"": ""2012-11-23T07:00:00Z""}"
3881,normalize,date_normalized,"{""event_date"": ""2015-03-31T06:00:00Z""}"
3882,normalize,date_normalized,"{""event_date"": ""2012-11-23T07:00:00Z""}"
3883,normalize,date_normalized,"{""event_date"": ""2015-03-31T06:00:00Z""}"
3884,normalize,date_normalized,"{""event_date"": ""2012-11-23T07:00:00Z""}"
3885,normalize,date_normalized,"{""event_date"": ""2015-02-26T07:00:00Z""}"
3886,normalize,date_normalized,"{""event_date"": ""2012-11-23T07:00:00Z""}"
3887,normalize,date_normalized,"{""event_date"": ""2012-11-23T07:00:00Z""}"
3888,normalize,date_normalized,"{""event_date"": ""2015-02-26T07:00:00Z""}"
3889,normalize,date_normalized,"{""event_date"": ""2015-01-23T07:00:00Z""}"
3890,normalize,date_normalized,"{""event_date"": ""2012-11-23T07:00:00Z""}"
3891,normalize,date_normalized,"{""event_date"": ""2018-04-14T06:00:00Z""}"
3892,normalize,date_normalized,"{""event_date"": ""2012-03-27T06:00:00Z""}"
3893,normalize,date_normalized,"{""event_date"": ""2015-01-23T07:00:00Z""}"
3894,normalize,date_normalized,"{""event_date"": ""2010-06-11T06:00:00Z""}"
3895,normalize,date_normalized,"{""event_date"": ""2009-07-22T06:00:00Z""}"
3896,normalize,date_normalized,"{""event_date"": ""2012-11-23T07:00:00Z""}"
3897,normalize,date_normalized,"{""event_date"": ""2015-04-16T06:00:00Z""}"
3898,normalize,date_normalized,"{""event_date"": ""2015-03-31T06:00:00Z""}"
3899,normalize,date_normalized,"{""event_date"": ""2012-11-23T07:00:00Z""}"
3900,normalize,date_normalized,"{""event_date"": ""2015-05-04T06:00:00Z""}"
3901,normalize,date_normalized,"{""event_date"": ""2012-11-23T07:00:00Z""}"
3902,normalize,date_normalized,"{""event_date"": ""2015-03-31T06:00:00Z""}"
3903,normalize,date_normalized,"{""event_date"": ""2015-02-26T07:00:00Z""}"
3904,normalize,date_normalized,"{""event_date"": ""2012-11-23T07:00:00Z""}"
3905,normalize,date_normalized,"{""event_date"": ""2015-02-26T07:00:00Z""}"
3906,normalize,date_normalized,"{""event_date"": ""2012-11-23T07:00:00Z""}"
3907,normalize,date_normalized,"{""event_date"": ""2015-01-23T07:00:00Z""}"
3908,normalize,date_normalized,"{""event_date"": ""2015-05-18T06:00:00Z""}"
3909,normalize,date_normalized,"{""event_date"": ""2013-07-26T06:00:00Z""}"
3910,normalize,date_normalized,"{""event_date"": ""2015-01-28T07:00:00Z""}"
3911,normalize,date_normalized,"{""event_date"": ""2013-07-26T06:00:00Z""}"
3912,normalize,date_normalized,"{""event_date"": ""2015-01-28T07:00:00Z""}"
3913,normalize,date_normalized,"{""event_date"": ""2015-01-20T07:00:00Z""}"
3914,normalize,date_normalized,"{""event_date"": ""2015-02-23T07:00:00Z""}"
3915,normalize,date_normalized,"{""event_date"": ""2010-01-07T07:00:00Z""}"
3916,normalize,date_normalized,"{""event_date"": ""2012-06-09T06:00:00Z""}"
3917,normalize,date_normalized,"{""event_date"": ""2014-07-01T06:00:00Z""}"
3918,normalize,date_normalized,"{""event_date"": ""2013-07-26T06:00:00Z""}"
3919,normalize,date_normalized,"{""event_date"": ""2015-02-24T07:00:00Z""}"
3920,normalize,date_normalized,"{""event_date"": ""2013-07-26T06:00:00Z""}"
3921,normalize,date_normalized,"{""event_date"": ""2013-07-26T06:00:00Z""}"
3922,normalize,date_normalized,"{""event_date"": ""2015-02-26T07:00:00Z""}"
3923,normalize,date_normalized,"{""event_date"": ""2015-02-24T07:00:00Z""}"
3924,normalize,date_normalized,"{""event_date"": ""2013-07-26T06:00:00Z""}"
3925,normalize,date_normalized,"{""event_date"": ""2013-07-26T06:00:00Z""}"
3926,normalize,date_normalized,"{""event_date"": ""2008-04-01T06:00:00Z""}"
3927,normalize,date_normalized,"{""event_date"": ""2018-04-13T06:00:00Z""}"
3928,normalize,date_normalized,"{""event_date"": ""2015-02-23T07:00:00Z""}"
3929,normalize,date_normalized,"{""event_date"": ""2015-02-24T07:00:00Z""}"
3930,normalize,date_normalized,"{""event_date"": ""2015-01-28T07:00:00Z""}"
3931,normalize,date_normalized,"{""event_date"": ""2015-02-24T07:00:00Z""}"
3932,normalize,date_normalized,"{""event_date"": ""2013-07-26T06:00:00Z""}"
3933,normalize,date_normalized,"{""event_date"": ""2014-07-02T06:00:00Z""}"
3934,normalize,date_normalized,"{""event_date"": ""2013-07-26T06:00:00Z""}"
3935,normalize,date_normalized,"{""event_date"": ""2013-07-26T06:00:00Z""}"
3936,normalize,date_normalized,"{""event_date"": ""2015-02-23T07:00:00Z""}"
3937,normalize,date_normalized,"{""event_date"": ""2013-07-26T06:00:00Z""}"
3938,normalize,date_normalized,"{""event_date"": ""2011-01-26T07:00:00Z""}"
3939,normalize,date_normalized,"{""event_date"": ""2015-02-24T07:00:00Z""}"
3940,normalize,date_normalized,"{""event_date"": ""2014-07-02T06:00:00Z""}"
3941,normalize,date_normalized,"{""event_date"": ""2015-02-25T07:00:00Z""}"
3942,normalize,date_normalized,"{""event_date"": ""2015-02-23T07:00:00Z""}"
3943,normalize,date_normalized,"{""event_date"": ""2013-07-26T06:00:00Z""}"
3944,normalize,date_normalized,"{""event_date"": ""2013-07-26T06:00:00Z""}"
3945,normalize,date_normalized,"{""event_date"": ""2015-02-25T07:00:00Z""}"
3946,normalize,date_normalized,"{""event_date"": ""2013-07-26T06:00:00Z""}"
3947,normalize,date_normalized,"{""event_date"": ""2013-07-26T06:00:00Z""}"
3948,normalize,date_normalized,"{""event_date"": ""2015-02-25T07:00:00Z""}"
3949,normalize,date_normalized,"{""event_date"": ""2012-06-25T06:00:00Z""}"
3950,normalize,date_normalized,"{""event_date"": ""2015-02-25T07:00:00Z""}"
3951,normalize,date_normalized,"{""event_date"": ""2014-07-02T06:00:00Z""}"
3952,normalize,date_normalized,"{""event_date"": ""2015-02-23T07:00:00Z""}"
3953,normalize,date_normalized,"{""event_date"": ""2015-01-20T07:00:00Z""}"
3954,normalize,date_normalized,"{""event_date"": ""2015-02-25T07:00:00Z""}"
3955,normalize,date_normalized,"{""event_date"": ""2013-07-26T06:00:00Z""}"
3956,normalize,date_normalized,"{""event_date"": ""2014-06-10T06:00:00Z""}"
3957,normalize,date_normalized,"{""event_date"": ""2015-04-22T06:00:00Z""}"
3958,normalize,date_normalized,"{""event_date"": ""2014-11-12T07:00:00Z""}"
3959,normalize,date_normalized,"{""event_date"": ""2015-02-24T07:00:00Z""}"
3960,normalize,date_normalized,"{""event_date"": ""2015-02-10T07:00:00Z""}"
3961,normalize,date_normalized,"{""event_date"": ""2015-04-20T06:00:00Z""}"
3962,normalize,date_normalized,"{""event_date"": ""2013-09-26T06:00:00Z""}"
3963,normalize,date_normalized,"{""event_date"": ""2015-02-04T07:00:00Z""}"
3964,normalize,date_normalized,"{""event_date"": ""2013-09-26T06:00:00Z""}"
3965,normalize,date_normalized,"{""event_date"": ""2015-05-13T06:00:00Z""}"
3966,normalize,date_normalized,"{""event_date"": ""2018-04-14T06:00:00Z""}"
3967,normalize,date_normalized,"{""event_date"": ""2014-09-03T06:00:00Z""}"
3968,normalize,date_normalized,"{""event_date"": ""2013-12-20T07:00:00Z""}"
3969,normalize,date_normalized,"{""event_date"": ""2015-03-19T06:00:00Z""}"
3970,normalize,date_normalized,"{""event_date"": ""2011-09-26T06:00:00Z""}"
3971,normalize,date_normalized,"{""event_date"": ""2014-09-03T06:00:00Z""}"
3972,normalize,date_normalized,"{""event_date"": ""2014-07-06T06:00:00Z""}"
3973,normalize,date_normalized,"{""event_date"": ""2015-05-20T06:00:00Z""}"
3974,normalize,date_normalized,"{""event_date"": ""2013-10-21T06:00:00Z""}"
3975,normalize,date_normalized,"{""event_date"": ""2013-03-10T07:00:00Z""}"
3976,normalize,date_normalized,"{""event_date"": ""2015-05-19T06:00:00Z""}"
3977,normalize,date_normalized,"{""event_date"": ""2014-07-02T06:00:00Z""}"
3978,normalize,date_normalized,"{""event_date"": ""2015-04-14T06:00:00Z""}"
3979,normalize,date_normalized,"{""event_date"": ""2013-10-21T06:00:00Z""}"
3980,normalize,date_normalized,"{""event_date"": ""2015-01-29T07:00:00Z""}"
3981,normalize,date_normalized,"{""event_date"": ""2011-07-24T06:00:00Z""}"
3982,normalize,date_normalized,"{""event_date"": ""2014-07-10T06:00:00Z""}"
3983,normalize,date_normalized,"{""event_date"": ""2013-11-28T07:00:00Z""}"
3984,normalize,date_normalized,"{""event_date"": ""2015-08-10T06:00:00Z""}"
3985,normalize,date_normalized,"{""event_date"": ""2018-04-14T06:00:00Z""}"
3986,normalize,date_normalized,"{""event_date"": ""2018-04-14T06:00:00Z""}"
3987,normalize,date_normalized,"{""event_date"": ""2018-04-14T06:00:00Z""}"
3988,normalize,date_normalized,"{""event_date"": ""2018-04-14T06:00:00Z""}"
3989,normalize,date_normalized,"{""event_date"": ""2018-04-14T06:00:00Z""}"
3990,normalize,date_normalized,"{""event_date"": ""2018-04-14T06:00:00Z""}"
3991,normalize,date_normalized,"{""event_date"": ""2018-04-14T06:00:00Z""}"
3992,normalize,date_normalized,"{""event_date"": ""2012-03-24T06:00:00Z""}"
3993,normalize,date_normalized,"{""event_date"": ""2015-05-26T06:00:00Z""}"
3994,normalize,date_normalized,"{""event_date"": ""2015-02-07T07:00:00Z""}"
3995,normalize,date_normalized,"{""event_date"": ""2015-05-07T06:00:00Z""}"
3996,normalize,date_normalized,"{""event_date"": ""2014-12-12T07:00:00Z""}"
3997,normalize,date_normalized,"{""event_date"": ""2018-04-14T06:00:00Z""}"
3998,normalize,date_normalized,"{""event_date"": ""2014-12-12T07:00:00Z""}"
3999,normalize,date_normalized,"{""event_date"": ""2014-12-03T07:00:00Z""}"
4000,normalize,date_normalized,"{""event_date"": ""2015-01-12T07:00:00Z""}"
4001,normalize,date_normalized,"{""event_date"": ""2018-04-14T06:00:00Z""}"
4002,normalize,date_normalized,"{""event_date"": ""2018-04-14T06:00:00Z""}"
4003,normalize,date_normalized,"{""event_date"": ""2011-12-15T07:00:00Z""}"
4004,normalize,date_normalized,"{""event_date"": ""2018-04-14T06:00:00Z""}"
4005,normalize,date_normalized,"{""event_date"": ""2015-07-22T06:00:00Z""}"
4006,normalize,date_normalized,"{""event_date"": ""2015-06-10T06:00:00Z""}"
4007,normalize,date_normalized,"{""event_date"": ""2011-08-29T06:00:00Z""}"
4008,normalize,date_normalized,"{""event_date"": ""2011-08-29T06:00:00Z""}"
4009,normalize,date_normalized,"{""event_date"": ""2015-02-18T07:00:00Z""}"
4010,normalize,date_normalized,"{""event_date"": ""2011-07-24T06:00:00Z""}"
4011,normalize,date_normalized,"{""event_date"": ""2010-06-15T06:00:00Z""}"
4012,normalize,date_normalized,"{""event_date"": ""2011-08-19T06:00:00Z""}"
4013,normalize,date_normalized,"{""event_date"": ""2015-06-30T06:00:00Z""}"
4014,normalize,date_normalized,"{""event_date"": ""2015-10-28T06:00:00Z""}"
4015,normalize,date_normalized,"{""event_date"": ""2018-04-14T06:00:00Z""}"
4016,normalize,date_normalized,"{""event_date"": ""2015-07-16T06:00:00Z""}"
4017,normalize,date_normalized,"{""event_date"": ""2015-04-22T06:00:00Z""}"
4018,normalize,date_normalized,"{""event_date"": ""2018-04-14T06:00:00Z""}"
4019,normalize,date_normalized,"{""event_date"": ""2015-04-22T06:00:00Z""}"
4020,normalize,date_normalized,"{""event_date"": ""2015-08-06T06:00:00Z""}"
4021,normalize,date_normalized,"{""event_date"": ""2015-09-07T06:00:00Z""}"
4022,normalize,date_normalized,"{""event_date"": ""2009-03-06T07:00:00Z""}"
4023,normalize,date_normalized,"{""event_date"": ""2011-02-22T07:00:00Z""}"
4024,normalize,date_normalized,"{""event_date"": ""2010-03-01T07:00:00Z""}"
4025,normalize,date_normalized,"{""event_date"": ""2015-08-06T06:00:00Z""}"
4026,normalize,date_normalized,"{""event_date"": ""2015-12-16T07:00:00Z""}"
4027,normalize,date_normalized,"{""event_date"": ""2015-07-13T06:00:00Z""}"
4028,normalize,date_normalized,"{""event_date"": ""2015-02-09T07:00:00Z""}"
4029,normalize,date_normalized,"{""event_date"": ""2014-04-14T06:00:00Z""}"
4030,normalize,date_normalized,"{""event_date"": ""2015-05-10T06:00:00Z""}"
4031,normalize,date_normalized,"{""event_date"": ""2015-03-09T06:00:00Z""}"
4032,normalize,date_normalized,"{""event_date"": ""2015-03-09T06:00:00Z""}"
4033,normalize,date_normalized,"{""event_date"": ""2015-03-08T07:00:00Z""}"
4034,normalize,date_normalized,"{""event_date"": ""2012-06-09T06:00:00Z""}"
4035,normalize,date_normalized,"{""event_date"": ""2015-03-08T07:00:00Z""}"
4036,normalize,date_normalized,"{""event_date"": ""2015-03-06T07:00:00Z""}"
4037,normalize,date_normalized,"{""event_date"": ""2015-02-18T07:00:00Z""}"
4038,normalize,date_normalized,"{""event_date"": ""2015-03-09T06:00:00Z""}"
4039,normalize,date_normalized,"{""event_date"": ""2015-03-08T07:00:00Z""}"
4040,normalize,date_normalized,"{""event_date"": ""2015-03-07T07:00:00Z""}"
4041,normalize,date_normalized,"{""event_date"": ""2015-03-07T07:00:00Z""}"
4042,normalize,date_normalized,"{""event_date"": ""2015-03-08T07:00:00Z""}"
4043,normalize,date_normalized,"{""event_date"": ""2015-03-09T06:00:00Z""}"
4044,normalize,date_normalized,"{""event_date"": ""2015-03-07T07:00:00Z""}"
4045,normalize,date_normalized,"{""event_date"": ""2011-09-26T06:00:00Z""}"
4046,normalize,date_normalized,"{""event_date"": ""2015-03-08T07:00:00Z""}"
4047,normalize,date_normalized,"{""event_date"": ""2015-03-08T07:00:00Z""}"
4048,normalize,date_normalized,"{""event_date"": ""2015-05-28T06:00:00Z""}"
4049,normalize,date_normalized,"{""event_date"": ""2012-08-06T06:00:00Z""}"
4050,normalize,date_normalized,"{""event_date"": ""2015-10-06T06:00:00Z""}"
4051,normalize,date_normalized,"{""event_date"": ""2012-05-21T06:00:00Z""}"
4052,normalize,date_normalized,"{""event_date"": ""2014-11-12T07:00:00Z""}"
4053,normalize,date_normalized,"{""event_date"": ""2013-11-18T07:00:00Z""}"
4054,normalize,date_normalized,"{""event_date"": ""2013-02-22T07:00:00Z""}"
4055,normalize,date_normalized,"{""event_date"": ""2011-07-24T06:00:00Z""}"
4056,normalize,date_normalized,"{""event_date"": ""2013-11-18T07:00:00Z""}"
4057,normalize,date_normalized,"{""event_date"": ""2011-05-26T06:00:00Z""}"
4058,normalize,date_normalized,"{""event_date"": ""2012-06-12T06:00:00Z""}"
4059,normalize,date_normalized,"{""event_date"": ""2012-05-21T06:00:00Z""}"
4060,normalize,date_normalized,"{""event_date"": ""2013-11-18T07:00:00Z""}"
4061,normalize,date_normalized,"{""event_date"": ""2013-02-22T07:00:00Z""}"
4062,normalize,date_normalized,"{""event_date"": ""2012-12-20T07:00:00Z""}"
4063,normalize,date_normalized,"{""event_date"": ""2015-10-13T06:00:00Z""}"
4064,normalize,date_normalized,"{""event_date"": ""2015-01-20T07:00:00Z""}"
4065,normalize,date_normalized,"{""event_date"": ""2012-08-24T06:00:00Z""}"
4066,normalize,date_normalized,"{""event_date"": ""2012-06-09T06:00:00Z""}"
4067,normalize,date_normalized,"{""event_date"": ""2013-02-22T07:00:00Z""}"
4068,normalize,date_normalized,"{""event_date"": ""2012-08-21T06:00:00Z""}"
4069,normalize,date_normalized,"{""event_date"": ""2014-03-31T06:00:00Z""}"
4070,normalize,date_normalized,"{""event_date"": ""2012-10-30T06:00:00Z""}"
4071,normalize,date_normalized,"{""event_date"": ""2012-10-30T06:00:00Z""}"
4072,normalize,date_normalized,"{""event_date"": ""2012-08-24T06:00:00Z""}"
4073,normalize,date_normalized,"{""event_date"": ""2015-04-16T06:00:00Z""}"
4074,normalize,date_normalized,"{""event_date"": ""2008-01-24T07:00:00Z""}"
4075,normalize,date_normalized,"{""event_date"": ""2008-01-23T07:00:00Z""}"
4076,normalize,date_normalized,"{""event_date"": ""2012-11-03T06:00:00Z""}"
4077,normalize,date_normalized,"{""event_date"": ""2009-06-05T06:00:00Z""}"
4078,normalize,date_normalized,"{""event_date"": ""2008-01-23T07:00:00Z""}"
4079,normalize,date_normalized,"{""event_date"": ""2008-09-17T06:00:00Z""}"
4080,normalize,date_normalized,"{""event_date"": ""2009-06-05T06:00:00Z""}"
4081,normalize,date_normalized,"{""event_date"": ""2009-04-16T06:00:00Z""}"
4082,normalize,date_normalized,"{""event_date"": ""2008-01-23T07:00:00Z""}"
4083,normalize,date_normalized,"{""event_date"": ""2008-05-07T06:00:00Z""}"
4084,normalize,date_normalized,"{""event_date"": ""2010-02-19T07:00:00Z""}"
4085,normalize,date_normalized,"{""event_date"": ""2011-09-14T06:00:00Z""}"
4086,normalize,date_normalized,"{""event_date"": ""2015-03-11T06:00:00Z""}"
4087,normalize,date_normalized,"{""event_date"": ""2014-07-15T06:00:00Z""}"
4088,normalize,date_normalized,"{""event_date"": ""2015-02-09T07:00:00Z""}"
4089,normalize,date_normalized,"{""event_date"": ""2018-04-14T06:00:00Z""}"
4090,normalize,date_normalized,"{""event_date"": ""2014-11-10T07:00:00Z""}"
4090,content,invalid_url_like,"{""context"": ""messages[1].assistant"", ""values"": [""city4_806.13-MWS04.c.mswordupdate17.com"", ""end_121.13-MWS04.c.mswordupdate17.com"", ""init_169.13-MWS04.c.mswordupdate17.com""]}"
4091,normalize,date_normalized,"{""event_date"": ""2015-02-09T07:00:00Z""}"
4092,normalize,date_normalized,"{""event_date"": ""2015-02-04T07:00:00Z""}"
4093,normalize,date_normalized,"{""event_date"": ""2015-04-07T06:00:00Z""}"
4094,normalize,date_normalized,"{""event_date"": ""2015-02-09T07:00:00Z""}"
4095,normalize,date_normalized,"{""event_date"": ""2011-11-19T07:00:00Z""}"
4096,normalize,date_normalized,"{""event_date"": ""2014-10-13T06:00:00Z""}"
4097,normalize,date_normalized,"{""event_date"": ""2018-04-14T06:00:00Z""}"
4098,normalize,date_normalized,"{""event_date"": ""2015-11-23T07:00:00Z""}"
4099,normalize,date_normalized,"{""event_date"": ""2013-07-26T06:00:00Z""}"
4100,normalize,date_normalized,"{""event_date"": ""2013-07-26T06:00:00Z""}"
4101,normalize,date_normalized,"{""event_date"": ""2013-07-26T06:00:00Z""}"
4102,normalize,date_normalized,"{""event_date"": ""2013-07-26T06:00:00Z""}"
4103,normalize,date_normalized,"{""event_date"": ""2015-07-01T06:00:00Z""}"
4104,normalize,date_normalized,"{""event_date"": ""2013-07-26T06:00:00Z""}"
4105,normalize,date_normalized,"{""event_date"": ""2013-07-26T06:00:00Z""}"
4106,normalize,date_normalized,"{""event_date"": ""2011-09-08T06:00:00Z""}"
4107,normalize,date_normalized,"{""event_date"": ""2013-07-26T06:00:00Z""}"
4108,normalize,date_normalized,"{""event_date"": ""2013-07-26T06:00:00Z""}"
4109,normalize,date_normalized,"{""event_date"": ""2015-07-14T06:00:00Z""}"
4110,normalize,date_normalized,"{""event_date"": ""2008-05-10T06:00:00Z""}"
4111,normalize,date_normalized,"{""event_date"": ""2010-04-24T06:00:00Z""}"
4112,normalize,date_normalized,"{""event_date"": ""2018-04-14T06:00:00Z""}"
4113,normalize,date_normalized,"{""event_date"": ""2015-05-29T06:00:00Z""}"
4114,normalize,date_normalized,"{""event_date"": ""2015-05-19T06:00:00Z""}"
4115,normalize,date_normalized,"{""event_date"": ""2015-12-18T07:00:00Z""}"
4116,normalize,date_normalized,"{""event_date"": ""2014-10-07T06:00:00Z""}"
4117,normalize,date_normalized,"{""event_date"": ""2011-03-08T07:00:00Z""}"
4118,normalize,date_normalized,"{""event_date"": ""2015-07-13T06:00:00Z""}"
4119,normalize,date_normalized,"{""event_date"": ""2015-05-23T06:00:00Z""}"
4120,normalize,date_normalized,"{""event_date"": ""2015-09-03T06:00:00Z""}"
4121,normalize,date_normalized,"{""event_date"": ""2015-07-13T06:00:00Z""}"
4122,normalize,date_normalized,"{""event_date"": ""2015-07-13T06:00:00Z""}"
4123,normalize,date_normalized,"{""event_date"": ""2015-08-14T06:00:00Z""}"
4124,normalize,date_normalized,"{""event_date"": ""2015-09-07T06:00:00Z""}"
4125,normalize,date_normalized,"{""event_date"": ""2015-08-17T06:00:00Z""}"
4126,normalize,date_normalized,"{""event_date"": ""2015-08-21T06:00:00Z""}"
4127,normalize,date_normalized,"{""event_date"": ""2015-08-17T06:00:00Z""}"
4128,normalize,date_normalized,"{""event_date"": ""2010-06-24T06:00:00Z""}"
4129,normalize,date_normalized,"{""event_date"": ""2010-07-14T06:00:00Z""}"
4130,normalize,date_normalized,"{""event_date"": ""2015-07-13T06:00:00Z""}"
4131,normalize,date_normalized,"{""event_date"": ""2015-07-13T06:00:00Z""}"
4132,normalize,date_normalized,"{""event_date"": ""2015-07-13T06:00:00Z""}"
4133,normalize,date_normalized,"{""event_date"": ""2015-10-28T06:00:00Z""}"
4134,normalize,date_normalized,"{""event_date"": ""2015-10-23T06:00:00Z""}"
4135,normalize,date_normalized,"{""event_date"": ""2015-08-10T06:00:00Z""}"
4136,normalize,date_normalized,"{""event_date"": ""2013-10-30T06:00:00Z""}"
4137,normalize,date_normalized,"{""event_date"": ""2013-01-30T07:00:00Z""}"
4138,normalize,date_normalized,"{""event_date"": ""2015-10-17T06:00:00Z""}"
4139,normalize,date_normalized,"{""event_date"": ""2011-06-14T06:00:00Z""}"
4140,normalize,date_normalized,"{""event_date"": ""2014-10-07T06:00:00Z""}"
4141,normalize,date_normalized,"{""event_date"": ""2010-10-12T06:00:00Z""}"
4142,normalize,date_normalized,"{""event_date"": ""2010-09-18T06:00:00Z""}"
4143,normalize,date_normalized,"{""event_date"": ""2015-07-13T06:00:00Z""}"
4144,normalize,date_normalized,"{""event_date"": ""2015-06-10T06:00:00Z""}"
4145,normalize,date_normalized,"{""event_date"": ""2015-07-13T06:00:00Z""}"
4146,normalize,date_normalized,"{""event_date"": ""2015-08-13T06:00:00Z""}"
4147,normalize,date_normalized,"{""event_date"": ""2008-05-01T06:00:00Z""}"
4148,normalize,date_normalized,"{""event_date"": ""2008-04-21T06:00:00Z""}"
4149,normalize,date_normalized,"{""event_date"": ""2008-04-04T06:00:00Z""}"
4150,normalize,date_normalized,"{""event_date"": ""2011-06-12T06:00:00Z""}"
4151,normalize,date_normalized,"{""event_date"": ""2015-07-13T06:00:00Z""}"
4152,normalize,date_normalized,"{""event_date"": ""2012-01-29T07:00:00Z""}"
4153,normalize,date_normalized,"{""event_date"": ""2011-11-03T06:00:00Z""}"
4154,normalize,date_normalized,"{""event_date"": ""2009-05-18T06:00:00Z""}"
4155,normalize,date_normalized,"{""event_date"": ""2015-05-11T06:00:00Z""}"
4156,normalize,date_normalized,"{""event_date"": ""2015-09-17T06:00:00Z""}"
4157,normalize,date_normalized,"{""event_date"": ""2015-03-18T06:00:00Z""}"
4158,normalize,date_normalized,"{""event_date"": ""2015-08-31T06:00:00Z""}"
4159,normalize,date_normalized,"{""event_date"": ""2015-09-28T06:00:00Z""}"
4160,normalize,date_normalized,"{""event_date"": ""2015-09-15T06:00:00Z""}"
4161,normalize,date_normalized,"{""event_date"": ""2011-09-14T06:00:00Z""}"
4162,normalize,date_normalized,"{""event_date"": ""2011-11-03T06:00:00Z""}"
4163,normalize,date_normalized,"{""event_date"": ""2013-01-30T07:00:00Z""}"
4164,normalize,date_normalized,"{""event_date"": ""2015-05-23T06:00:00Z""}"
4165,normalize,date_normalized,"{""event_date"": ""2015-06-10T06:00:00Z""}"
4166,normalize,date_normalized,"{""event_date"": ""2015-02-15T07:00:00Z""}"
4167,normalize,date_normalized,"{""event_date"": ""2015-09-07T06:00:00Z""}"
4168,normalize,date_normalized,"{""event_date"": ""2015-08-26T06:00:00Z""}"
4169,normalize,date_normalized,"{""event_date"": ""2015-08-10T06:00:00Z""}"
4170,normalize,date_normalized,"{""event_date"": ""2015-07-27T06:00:00Z""}"
4171,normalize,date_normalized,"{""event_date"": ""2015-09-03T06:00:00Z""}"
4172,normalize,date_normalized,"{""event_date"": ""2009-06-27T06:00:00Z""}"
4173,normalize,date_normalized,"{""event_date"": ""2012-07-16T06:00:00Z""}"
4174,normalize,date_normalized,"{""event_date"": ""2015-09-01T06:00:00Z""}"
4175,normalize,date_normalized,"{""event_date"": ""2015-08-17T06:00:00Z""}"
4176,normalize,date_normalized,"{""event_date"": ""2011-03-11T07:00:00Z""}"
4177,normalize,date_normalized,"{""event_date"": ""2015-10-26T06:00:00Z""}"
4178,normalize,date_normalized,"{""event_date"": ""2015-12-18T07:00:00Z""}"
4179,normalize,date_normalized,"{""event_date"": ""2015-04-18T06:00:00Z""}"
4180,normalize,date_normalized,"{""event_date"": ""2013-10-14T06:00:00Z""}"
4181,normalize,date_normalized,"{""event_date"": ""2014-09-24T06:00:00Z""}"
4182,normalize,date_normalized,"{""event_date"": ""2015-01-21T07:00:00Z""}"
4183,normalize,date_normalized,"{""event_date"": ""2014-05-14T06:00:00Z""}"
4184,normalize,date_normalized,"{""event_date"": ""2014-02-17T07:00:00Z""}"
4185,normalize,date_normalized,"{""event_date"": ""2013-12-24T07:00:00Z""}"
4186,normalize,date_normalized,"{""event_date"": ""2014-09-24T06:00:00Z""}"
4187,normalize,date_normalized,"{""event_date"": ""2014-09-28T06:00:00Z""}"
4188,normalize,date_normalized,"{""event_date"": ""2014-11-05T07:00:00Z""}"
4189,normalize,date_normalized,"{""event_date"": ""2014-11-15T07:00:00Z""}"
4190,normalize,date_normalized,"{""event_date"": ""2014-12-16T07:00:00Z""}"
4191,normalize,date_normalized,"{""event_date"": ""2014-12-15T07:00:00Z""}"
4192,normalize,date_normalized,"{""event_date"": ""2013-09-01T06:00:00Z""}"
4193,normalize,date_normalized,"{""event_date"": ""2018-04-13T06:00:00Z""}"
4194,normalize,date_normalized,"{""event_date"": ""2014-10-21T06:00:00Z""}"
4195,normalize,date_normalized,"{""event_date"": ""2014-11-15T07:00:00Z""}"
4196,normalize,date_normalized,"{""event_date"": ""2014-11-15T07:00:00Z""}"
4197,normalize,date_normalized,"{""event_date"": ""2008-04-13T06:00:00Z""}"
4198,normalize,date_normalized,"{""event_date"": ""2014-12-29T07:00:00Z""}"
4199,normalize,date_normalized,"{""event_date"": ""2014-10-22T06:00:00Z""}"
4200,normalize,date_normalized,"{""event_date"": ""2014-05-27T06:00:00Z""}"
4201,normalize,date_normalized,"{""event_date"": ""2014-11-05T07:00:00Z""}"
4202,normalize,date_normalized,"{""event_date"": ""2014-05-27T06:00:00Z""}"
4203,normalize,date_normalized,"{""event_date"": ""2014-06-18T06:00:00Z""}"
4204,normalize,date_normalized,"{""event_date"": ""2014-04-24T06:00:00Z""}"
4205,normalize,date_normalized,"{""event_date"": ""2014-05-18T06:00:00Z""}"
4206,normalize,date_normalized,"{""event_date"": ""2013-12-24T07:00:00Z""}"
4207,normalize,date_normalized,"{""event_date"": ""2013-05-14T06:00:00Z""}"
4208,normalize,date_normalized,"{""event_date"": ""2013-08-01T06:00:00Z""}"
4209,normalize,date_normalized,"{""event_date"": ""2013-12-15T07:00:00Z""}"
4210,normalize,date_normalized,"{""event_date"": ""2014-05-08T06:00:00Z""}"
4211,normalize,date_normalized,"{""event_date"": ""2014-02-19T07:00:00Z""}"
4212,normalize,date_normalized,"{""event_date"": ""2014-10-22T06:00:00Z""}"
4213,normalize,date_normalized,"{""event_date"": ""2015-01-27T07:00:00Z""}"
4214,normalize,date_normalized,"{""event_date"": ""2018-04-13T06:00:00Z""}"
4215,normalize,date_normalized,"{""event_date"": ""2014-03-05T07:00:00Z""}"
4216,normalize,date_normalized,"{""event_date"": ""2014-05-13T06:00:00Z""}"
4217,normalize,date_normalized,"{""event_date"": ""2013-05-14T06:00:00Z""}"
4218,normalize,date_normalized,"{""event_date"": ""2011-04-19T06:00:00Z""}"
4219,normalize,date_normalized,"{""event_date"": ""2014-05-13T06:00:00Z""}"
4220,normalize,date_normalized,"{""event_date"": ""2013-05-14T06:00:00Z""}"
4221,normalize,date_normalized,"{""event_date"": ""2014-08-26T06:00:00Z""}"
4222,normalize,date_normalized,"{""event_date"": ""2014-04-07T06:00:00Z""}"
4223,normalize,date_normalized,"{""event_date"": ""2014-05-08T06:00:00Z""}"
4224,normalize,date_normalized,"{""event_date"": ""2013-03-11T06:00:00Z""}"
4225,normalize,date_normalized,"{""event_date"": ""2012-11-30T07:00:00Z""}"
4226,normalize,date_normalized,"{""event_date"": ""2014-04-24T06:00:00Z""}"
4227,normalize,date_normalized,"{""event_date"": ""2014-05-09T06:00:00Z""}"
4228,normalize,date_normalized,"{""event_date"": ""2014-06-01T06:00:00Z""}"
4229,normalize,date_normalized,"{""event_date"": ""2014-01-11T07:00:00Z""}"
4230,normalize,date_normalized,"{""event_date"": ""2014-11-05T07:00:00Z""}"
4231,normalize,date_normalized,"{""event_date"": ""2014-06-19T06:00:00Z""}"
4232,normalize,date_normalized,"{""event_date"": ""2014-06-11T06:00:00Z""}"
4233,normalize,date_normalized,"{""event_date"": ""2014-09-24T06:00:00Z""}"
4234,normalize,date_normalized,"{""event_date"": ""2014-02-17T07:00:00Z""}"
4235,normalize,date_normalized,"{""event_date"": ""2014-11-05T07:00:00Z""}"
4236,normalize,date_normalized,"{""event_date"": ""2010-09-20T06:00:00Z""}"
4237,normalize,date_normalized,"{""event_date"": ""2011-07-16T06:00:00Z""}"
4238,normalize,date_normalized,"{""event_date"": ""2014-05-18T06:00:00Z""}"
4239,normalize,date_normalized,"{""event_date"": ""2014-04-20T06:00:00Z""}"
4240,normalize,date_normalized,"{""event_date"": ""2014-01-20T07:00:00Z""}"
4241,normalize,date_normalized,"{""event_date"": ""2014-10-23T06:00:00Z""}"
4242,normalize,date_normalized,"{""event_date"": ""2014-09-24T06:00:00Z""}"
4243,normalize,date_normalized,"{""event_date"": ""2014-09-24T06:00:00Z""}"
4244,normalize,date_normalized,"{""event_date"": ""2013-07-09T06:00:00Z""}"
4245,normalize,date_normalized,"{""event_date"": ""2009-07-13T06:00:00Z""}"
4246,normalize,date_normalized,"{""event_date"": ""2008-08-29T06:00:00Z""}"
4247,normalize,date_normalized,"{""event_date"": ""2008-08-29T06:00:00Z""}"
4248,normalize,date_normalized,"{""event_date"": ""2018-04-13T06:00:00Z""}"
4249,normalize,date_normalized,"{""event_date"": ""2014-06-18T06:00:00Z""}"
4250,normalize,date_normalized,"{""event_date"": ""2014-03-10T06:00:00Z""}"
4251,normalize,date_normalized,"{""event_date"": ""2013-07-16T06:00:00Z""}"
4252,normalize,date_normalized,"{""event_date"": ""2014-11-05T07:00:00Z""}"
4253,normalize,date_normalized,"{""event_date"": ""2014-06-19T06:00:00Z""}"
4254,normalize,date_normalized,"{""event_date"": ""2014-12-15T07:00:00Z""}"
4255,normalize,date_normalized,"{""event_date"": ""2014-11-27T07:00:00Z""}"
4256,normalize,date_normalized,"{""event_date"": ""2014-06-01T06:00:00Z""}"
4257,normalize,date_normalized,"{""event_date"": ""2014-10-22T06:00:00Z""}"
4258,normalize,date_normalized,"{""event_date"": ""2014-12-16T07:00:00Z""}"
4259,normalize,date_normalized,"{""event_date"": ""2018-04-13T06:00:00Z""}"
4260,normalize,date_normalized,"{""event_date"": ""2015-01-27T07:00:00Z""}"
4261,normalize,date_normalized,"{""event_date"": ""2014-04-08T06:00:00Z""}"
4262,normalize,date_normalized,"{""event_date"": ""2014-06-17T06:00:00Z""}"
4263,normalize,date_normalized,"{""event_date"": ""2014-03-08T07:00:00Z""}"
4264,normalize,date_normalized,"{""event_date"": ""2014-12-29T07:00:00Z""}"
4265,normalize,date_normalized,"{""event_date"": ""2014-09-17T06:00:00Z""}"
4266,normalize,date_normalized,"{""event_date"": ""2014-02-08T07:00:00Z""}"
4267,normalize,date_normalized,"{""event_date"": ""2014-02-22T07:00:00Z""}"
4268,normalize,date_normalized,"{""event_date"": ""2014-10-16T06:00:00Z""}"
4269,normalize,date_normalized,"{""event_date"": ""2018-04-13T06:00:00Z""}"
4270,normalize,date_normalized,"{""event_date"": ""2014-06-21T06:00:00Z""}"
4271,normalize,date_normalized,"{""event_date"": ""2013-04-13T06:00:00Z""}"
4272,normalize,date_normalized,"{""event_date"": ""2014-06-22T06:00:00Z""}"
4273,normalize,date_normalized,"{""event_date"": ""2014-12-29T07:00:00Z""}"
4274,normalize,date_normalized,"{""event_date"": ""2013-05-14T06:00:00Z""}"
4275,normalize,date_normalized,"{""event_date"": ""2010-10-24T06:00:00Z""}"
4276,normalize,date_normalized,"{""event_date"": ""2013-12-15T07:00:00Z""}"
4277,normalize,date_normalized,"{""event_date"": ""2015-02-16T07:00:00Z""}"
4278,normalize,date_normalized,"{""event_date"": ""2014-08-21T06:00:00Z""}"
4279,normalize,date_normalized,"{""event_date"": ""2018-04-13T06:00:00Z""}"
4280,normalize,date_normalized,"{""event_date"": ""2014-11-20T07:00:00Z""}"
4281,normalize,date_normalized,"{""event_date"": ""2015-04-16T06:00:00Z""}"
4282,normalize,date_normalized,"{""event_date"": ""2013-07-02T06:00:00Z""}"
4283,normalize,date_normalized,"{""event_date"": ""2012-10-04T06:00:00Z""}"
4284,normalize,date_normalized,"{""event_date"": ""2014-04-08T06:00:00Z""}"
4285,normalize,date_normalized,"{""event_date"": ""2014-10-15T06:00:00Z""}"
4286,normalize,date_normalized,"{""event_date"": ""2014-10-31T06:00:00Z""}"
4287,normalize,date_normalized,"{""event_date"": ""2012-04-03T06:00:00Z""}"
4288,normalize,date_normalized,"{""event_date"": ""2014-10-15T06:00:00Z""}"
4289,normalize,date_normalized,"{""event_date"": ""2014-11-10T07:00:00Z""}"
4290,normalize,date_normalized,"{""event_date"": ""2018-04-13T06:00:00Z""}"
4291,normalize,date_normalized,"{""event_date"": ""2013-10-22T06:00:00Z""}"
4292,normalize,date_normalized,"{""event_date"": ""2013-11-19T07:00:00Z""}"
4293,normalize,date_normalized,"{""event_date"": ""2013-11-19T07:00:00Z""}"
4294,normalize,date_normalized,"{""event_date"": ""2015-02-09T07:00:00Z""}"
4295,normalize,date_normalized,"{""event_date"": ""2013-10-16T06:00:00Z""}"
4296,normalize,date_normalized,"{""event_date"": ""2013-08-27T06:00:00Z""}"
4297,normalize,date_normalized,"{""event_date"": ""2013-11-19T07:00:00Z""}"
4298,normalize,date_normalized,"{""event_date"": ""2013-11-19T07:00:00Z""}"
4299,normalize,date_normalized,"{""event_date"": ""2014-10-10T06:00:00Z""}"
4300,normalize,date_normalized,"{""event_date"": ""2012-07-25T06:00:00Z""}"
4301,normalize,date_normalized,"{""event_date"": ""2012-04-03T06:00:00Z""}"
4302,normalize,date_normalized,"{""event_date"": ""2015-02-17T07:00:00Z""}"
4303,normalize,date_normalized,"{""event_date"": ""2015-01-20T07:00:00Z""}"
4304,normalize,date_normalized,"{""event_date"": ""2015-05-20T06:00:00Z""}"
4305,normalize,date_normalized,"{""event_date"": ""2012-10-04T06:00:00Z""}"
4306,normalize,date_normalized,"{""event_date"": ""2011-08-17T06:00:00Z""}"
4307,normalize,date_normalized,"{""event_date"": ""2014-11-20T07:00:00Z""}"
4308,normalize,date_normalized,"{""event_date"": ""2014-08-21T06:00:00Z""}"
4309,normalize,date_normalized,"{""event_date"": ""2015-01-20T07:00:00Z""}"
4310,normalize,date_normalized,"{""event_date"": ""2012-11-01T06:00:00Z""}"
4311,normalize,date_normalized,"{""event_date"": ""2012-06-13T06:00:00Z""}"
4312,normalize,date_normalized,"{""event_date"": ""2015-05-20T06:00:00Z""}"
4313,normalize,date_normalized,"{""event_date"": ""2015-05-20T06:00:00Z""}"
4314,normalize,date_normalized,"{""event_date"": ""2014-10-15T06:00:00Z""}"
4315,normalize,date_normalized,"{""event_date"": ""2014-10-15T06:00:00Z""}"
4316,normalize,date_normalized,"{""event_date"": ""2015-04-23T06:00:00Z""}"
4317,normalize,date_normalized,"{""event_date"": ""2015-07-20T06:00:00Z""}"
4318,normalize,date_normalized,"{""event_date"": ""2015-07-20T06:00:00Z""}"
4319,normalize,date_normalized,"{""event_date"": ""2012-10-04T06:00:00Z""}"
4320,normalize,date_normalized,"{""event_date"": ""2014-09-02T06:00:00Z""}"
4321,normalize,date_normalized,"{""event_date"": ""2010-07-06T06:00:00Z""}"
4322,normalize,date_normalized,"{""event_date"": ""2014-12-06T07:00:00Z""}"
4323,normalize,date_normalized,"{""event_date"": ""2013-09-12T06:00:00Z""}"
4324,normalize,date_normalized,"{""event_date"": ""2012-10-22T06:00:00Z""}"
4325,normalize,date_normalized,"{""event_date"": ""2012-04-27T06:00:00Z""}"
4326,normalize,date_normalized,"{""event_date"": ""2014-11-11T07:00:00Z""}"
4327,normalize,date_normalized,"{""event_date"": ""2015-04-29T06:00:00Z""}"
4328,normalize,date_normalized,"{""event_date"": ""2015-04-28T06:00:00Z""}"
4329,normalize,date_normalized,"{""event_date"": ""2014-11-07T07:00:00Z""}"
4330,normalize,date_normalized,"{""event_date"": ""2013-09-13T06:00:00Z""}"
4331,normalize,date_normalized,"{""event_date"": ""2011-05-16T06:00:00Z""}"
4332,normalize,date_normalized,"{""event_date"": ""2011-09-27T06:00:00Z""}"
4333,normalize,date_normalized,"{""event_date"": ""2012-05-17T06:00:00Z""}"
4334,normalize,date_normalized,"{""event_date"": ""2012-05-12T06:00:00Z""}"
4335,normalize,date_normalized,"{""event_date"": ""2014-08-21T06:00:00Z""}"
4336,normalize,date_normalized,"{""event_date"": ""2014-04-28T06:00:00Z""}"
4337,normalize,date_normalized,"{""event_date"": ""2015-03-05T07:00:00Z""}"
4338,normalize,date_normalized,"{""event_date"": ""2015-03-03T07:00:00Z""}"
4339,normalize,date_normalized,"{""event_date"": ""2013-10-15T06:00:00Z""}"
4340,normalize,date_normalized,"{""event_date"": ""2013-10-15T06:00:00Z""}"
4341,normalize,date_normalized,"{""event_date"": ""2012-10-04T06:00:00Z""}"
4342,normalize,date_normalized,"{""event_date"": ""2018-04-13T06:00:00Z""}"
4343,normalize,date_normalized,"{""event_date"": ""2011-06-09T06:00:00Z""}"
4344,normalize,date_normalized,"{""event_date"": ""2012-10-04T06:00:00Z""}"
4345,normalize,date_normalized,"{""event_date"": ""2011-08-01T06:00:00Z""}"
4346,normalize,date_normalized,"{""event_date"": ""2015-03-13T06:00:00Z""}"
4347,normalize,date_normalized,"{""event_date"": ""2015-03-13T06:00:00Z""}"
4348,normalize,date_normalized,"{""event_date"": ""2015-03-05T07:00:00Z""}"
4349,normalize,date_normalized,"{""event_date"": ""2013-09-13T06:00:00Z""}"
4350,normalize,date_normalized,"{""event_date"": ""2011-08-03T06:00:00Z""}"
4351,normalize,date_normalized,"{""event_date"": ""2012-11-13T07:00:00Z""}"
4352,normalize,date_normalized,"{""event_date"": ""2010-10-21T06:00:00Z""}"
4353,normalize,date_normalized,"{""event_date"": ""2012-10-04T06:00:00Z""}"
4354,normalize,date_normalized,"{""event_date"": ""2015-07-31T06:00:00Z""}"
4355,normalize,date_normalized,"{""event_date"": ""2009-04-16T06:00:00Z""}"
4356,normalize,date_normalized,"{""event_date"": ""2015-08-22T06:00:00Z""}"
4357,normalize,date_normalized,"{""event_date"": ""2014-10-07T06:00:00Z""}"
4358,normalize,date_normalized,"{""event_date"": ""2010-04-16T06:00:00Z""}"
4359,normalize,date_normalized,"{""event_date"": ""2015-12-18T07:00:00Z""}"
4360,normalize,date_normalized,"{""event_date"": ""2013-12-01T07:00:00Z""}"
4361,normalize,date_normalized,"{""event_date"": ""2011-03-02T07:00:00Z""}"
4362,normalize,date_normalized,"{""event_date"": ""2014-11-17T07:00:00Z""}"
4363,normalize,date_normalized,"{""event_date"": ""2010-12-17T07:00:00Z""}"
4364,normalize,date_normalized,"{""event_date"": ""2015-01-29T07:00:00Z""}"
4365,normalize,date_normalized,"{""event_date"": ""2014-12-26T07:00:00Z""}"
4366,normalize,date_normalized,"{""event_date"": ""2015-08-25T06:00:00Z""}"
4367,normalize,date_normalized,"{""event_date"": ""2015-11-04T07:00:00Z""}"
4368,normalize,date_normalized,"{""event_date"": ""2014-12-26T07:00:00Z""}"
4369,normalize,date_normalized,"{""event_date"": ""2015-11-04T07:00:00Z""}"
4370,normalize,date_normalized,"{""event_date"": ""2014-12-26T07:00:00Z""}"
4371,normalize,date_normalized,"{""event_date"": ""2014-12-26T07:00:00Z""}"
4372,normalize,date_normalized,"{""event_date"": ""2015-09-22T06:00:00Z""}"
4373,normalize,date_normalized,"{""event_date"": ""2015-08-25T06:00:00Z""}"
4374,normalize,date_normalized,"{""event_date"": ""2018-04-13T06:00:00Z""}"
4375,normalize,date_normalized,"{""event_date"": ""2014-12-26T07:00:00Z""}"
4376,normalize,date_normalized,"{""event_date"": ""2015-09-21T06:00:00Z""}"
4377,normalize,date_normalized,"{""event_date"": ""2014-12-26T07:00:00Z""}"
4378,normalize,date_normalized,"{""event_date"": ""2014-12-26T07:00:00Z""}"
4379,normalize,date_normalized,"{""event_date"": ""2015-08-25T06:00:00Z""}"
4380,normalize,date_normalized,"{""event_date"": ""2015-11-04T07:00:00Z""}"
4381,normalize,date_normalized,"{""event_date"": ""2015-12-22T07:00:00Z""}"
4382,normalize,date_normalized,"{""event_date"": ""2012-09-07T06:00:00Z""}"
4383,normalize,date_normalized,"{""event_date"": ""2015-01-20T07:00:00Z""}"
4384,normalize,date_normalized,"{""event_date"": ""2015-12-03T07:00:00Z""}"
4385,normalize,date_normalized,"{""event_date"": ""2015-11-24T07:00:00Z""}"
4386,normalize,date_normalized,"{""event_date"": ""2015-12-23T07:00:00Z""}"
4387,normalize,date_normalized,"{""event_date"": ""2015-01-22T07:00:00Z""}"
4388,normalize,date_normalized,"{""event_date"": ""2011-10-26T06:00:00Z""}"
4389,normalize,date_normalized,"{""event_date"": ""2014-08-26T06:00:00Z""}"
4390,normalize,date_normalized,"{""event_date"": ""2008-09-13T06:00:00Z""}"
4391,normalize,date_normalized,"{""event_date"": ""2011-05-09T06:00:00Z""}"
4392,normalize,date_normalized,"{""event_date"": ""2012-05-09T06:00:00Z""}"
4393,normalize,date_normalized,"{""event_date"": ""2014-11-05T07:00:00Z""}"
4394,normalize,date_normalized,"{""event_date"": ""2012-05-11T06:00:00Z""}"
4395,normalize,date_normalized,"{""event_date"": ""2010-05-11T06:00:00Z""}"
4396,normalize,date_normalized,"{""event_date"": ""2011-11-01T06:00:00Z""}"
4397,normalize,date_normalized,"{""event_date"": ""2013-04-23T06:00:00Z""}"
4398,normalize,date_normalized,"{""event_date"": ""2018-04-14T06:00:00Z""}"
4399,normalize,date_normalized,"{""event_date"": ""2008-10-04T06:00:00Z""}"
4400,normalize,date_normalized,"{""event_date"": ""2013-04-22T06:00:00Z""}"
4401,normalize,date_normalized,"{""event_date"": ""2013-01-04T07:00:00Z""}"
4402,normalize,date_normalized,"{""event_date"": ""2013-01-04T07:00:00Z""}"
4403,normalize,date_normalized,"{""event_date"": ""2013-01-04T07:00:00Z""}"
4404,normalize,date_normalized,"{""event_date"": ""2013-01-05T07:00:00Z""}"
4405,normalize,date_normalized,"{""event_date"": ""2018-04-14T06:00:00Z""}"
4406,normalize,date_normalized,"{""event_date"": ""2013-04-23T06:00:00Z""}"
4407,normalize,date_normalized,"{""event_date"": ""2011-10-17T06:00:00Z""}"
4408,normalize,date_normalized,"{""event_date"": ""2010-04-30T06:00:00Z""}"
4409,normalize,date_normalized,"{""event_date"": ""2013-01-04T07:00:00Z""}"
4410,normalize,date_normalized,"{""event_date"": ""2009-02-17T07:00:00Z""}"
4411,normalize,date_normalized,"{""event_date"": ""2013-01-05T07:00:00Z""}"
4412,normalize,date_normalized,"{""event_date"": ""2012-06-26T06:00:00Z""}"
4413,normalize,date_normalized,"{""event_date"": ""2009-12-23T07:00:00Z""}"
4414,normalize,date_normalized,"{""event_date"": ""2011-08-08T06:00:00Z""}"
4415,normalize,date_normalized,"{""event_date"": ""2011-04-07T06:00:00Z""}"
4416,normalize,date_normalized,"{""event_date"": ""2012-08-23T06:00:00Z""}"
4417,normalize,date_normalized,"{""event_date"": ""2013-01-04T07:00:00Z""}"
4418,normalize,date_normalized,"{""event_date"": ""2008-08-25T06:00:00Z""}"
4419,normalize,date_normalized,"{""event_date"": ""2013-04-23T06:00:00Z""}"
4420,normalize,date_normalized,"{""event_date"": ""2011-05-16T06:00:00Z""}"
4421,normalize,date_normalized,"{""event_date"": ""2011-10-26T06:00:00Z""}"
4422,normalize,date_normalized,"{""event_date"": ""2012-12-20T07:00:00Z""}"
4423,normalize,date_normalized,"{""event_date"": ""2011-09-27T06:00:00Z""}"
4424,normalize,date_normalized,"{""event_date"": ""2013-01-08T07:00:00Z""}"
4425,normalize,date_normalized,"{""event_date"": ""2013-01-05T07:00:00Z""}"
4426,normalize,date_normalized,"{""event_date"": ""2013-04-22T06:00:00Z""}"
4427,normalize,date_normalized,"{""event_date"": ""2013-01-04T07:00:00Z""}"
4428,normalize,date_normalized,"{""event_date"": ""2008-07-15T06:00:00Z""}"
4429,normalize,date_normalized,"{""event_date"": ""2013-04-22T06:00:00Z""}"
4430,normalize,date_normalized,"{""event_date"": ""2013-01-05T07:00:00Z""}"
4431,normalize,date_normalized,"{""event_date"": ""2011-02-25T07:00:00Z""}"
4432,normalize,date_normalized,"{""event_date"": ""2009-03-17T06:00:00Z""}"
4433,normalize,date_normalized,"{""event_date"": ""2011-07-15T06:00:00Z""}"
4434,normalize,date_normalized,"{""event_date"": ""2009-02-15T07:00:00Z""}"
4435,normalize,date_normalized,"{""event_date"": ""2013-04-22T06:00:00Z""}"
4436,normalize,date_normalized,"{""event_date"": ""2013-04-22T06:00:00Z""}"
4437,normalize,date_normalized,"{""event_date"": ""2010-06-17T06:00:00Z""}"
4438,normalize,date_normalized,"{""event_date"": ""2010-03-22T06:00:00Z""}"
4439,normalize,date_normalized,"{""event_date"": ""2013-01-04T07:00:00Z""}"
4440,normalize,date_normalized,"{""event_date"": ""2013-04-23T06:00:00Z""}"
4441,normalize,date_normalized,"{""event_date"": ""2013-04-23T06:00:00Z""}"
4442,normalize,date_normalized,"{""event_date"": ""2011-11-29T07:00:00Z""}"
4443,normalize,date_normalized,"{""event_date"": ""2011-05-05T06:00:00Z""}"
4444,normalize,date_normalized,"{""event_date"": ""2009-12-23T07:00:00Z""}"
4445,normalize,date_normalized,"{""event_date"": ""2010-04-13T06:00:00Z""}"
4446,normalize,date_normalized,"{""event_date"": ""2012-06-28T06:00:00Z""}"
4447,normalize,date_normalized,"{""event_date"": ""2008-07-10T06:00:00Z""}"
4448,normalize,date_normalized,"{""event_date"": ""2014-06-09T06:00:00Z""}"
4449,normalize,date_normalized,"{""event_date"": ""2013-04-23T06:00:00Z""}"
4450,normalize,date_normalized,"{""event_date"": ""2011-07-16T06:00:00Z""}"
4451,normalize,date_normalized,"{""event_date"": ""2012-08-23T06:00:00Z""}"
4452,normalize,date_normalized,"{""event_date"": ""2012-06-26T06:00:00Z""}"
4453,normalize,date_normalized,"{""event_date"": ""2012-05-10T06:00:00Z""}"
4454,normalize,date_normalized,"{""event_date"": ""2011-05-05T06:00:00Z""}"
4455,normalize,date_normalized,"{""event_date"": ""2013-04-23T06:00:00Z""}"
4456,normalize,date_normalized,"{""event_date"": ""2009-04-09T06:00:00Z""}"
4457,normalize,date_normalized,"{""event_date"": ""2013-01-04T07:00:00Z""}"
4458,normalize,date_normalized,"{""event_date"": ""2011-06-02T06:00:00Z""}"
4459,normalize,date_normalized,"{""event_date"": ""2013-01-05T07:00:00Z""}"
4460,normalize,date_normalized,"{""event_date"": ""2012-01-05T07:00:00Z""}"
4461,normalize,date_normalized,"{""event_date"": ""2013-01-04T07:00:00Z""}"
4462,normalize,date_normalized,"{""event_date"": ""2010-05-21T06:00:00Z""}"
4463,normalize,date_normalized,"{""event_date"": ""2013-04-22T06:00:00Z""}"
4464,normalize,date_normalized,"{""event_date"": ""2013-01-04T07:00:00Z""}"
4465,normalize,date_normalized,"{""event_date"": ""2013-04-23T06:00:00Z""}"
4466,normalize,date_normalized,"{""event_date"": ""2013-04-22T06:00:00Z""}"
4467,normalize,date_normalized,"{""event_date"": ""2010-11-04T06:00:00Z""}"
4468,normalize,date_normalized,"{""event_date"": ""2011-05-04T06:00:00Z""}"
4469,normalize,date_normalized,"{""event_date"": ""2011-09-16T06:00:00Z""}"
4470,normalize,date_normalized,"{""event_date"": ""2013-04-22T06:00:00Z""}"
4471,normalize,date_normalized,"{""event_date"": ""2012-05-11T06:00:00Z""}"
4472,normalize,date_normalized,"{""event_date"": ""2013-01-04T07:00:00Z""}"
4473,normalize,date_normalized,"{""event_date"": ""2013-04-23T06:00:00Z""}"
4474,normalize,date_normalized,"{""event_date"": ""2011-10-03T06:00:00Z""}"
4475,normalize,date_normalized,"{""event_date"": ""2013-04-22T06:00:00Z""}"
4476,normalize,date_normalized,"{""event_date"": ""2013-04-23T06:00:00Z""}"
4477,normalize,date_normalized,"{""event_date"": ""2015-04-12T06:00:00Z""}"
4478,normalize,date_normalized,"{""event_date"": ""2013-08-22T06:00:00Z""}"
4479,normalize,date_normalized,"{""event_date"": ""2013-09-17T06:00:00Z""}"
4480,normalize,date_normalized,"{""event_date"": ""2013-08-22T06:00:00Z""}"
4481,normalize,date_normalized,"{""event_date"": ""2014-06-25T06:00:00Z""}"
4482,normalize,date_normalized,"{""event_date"": ""2013-09-21T06:00:00Z""}"
4483,normalize,date_normalized,"{""event_date"": ""2013-08-22T06:00:00Z""}"
4484,normalize,date_normalized,"{""event_date"": ""2011-10-20T06:00:00Z""}"
4485,normalize,date_normalized,"{""event_date"": ""2013-08-22T06:00:00Z""}"
4486,normalize,date_normalized,"{""event_date"": ""2013-08-22T06:00:00Z""}"
4487,normalize,date_normalized,"{""event_date"": ""2013-03-20T06:00:00Z""}"
4488,normalize,date_normalized,"{""event_date"": ""2013-09-12T06:00:00Z""}"
4489,normalize,date_normalized,"{""event_date"": ""2018-04-14T06:00:00Z""}"
4490,normalize,date_normalized,"{""event_date"": ""2009-07-13T06:00:00Z""}"
4491,normalize,date_normalized,"{""event_date"": ""2013-10-05T06:00:00Z""}"
4492,normalize,date_normalized,"{""event_date"": ""2013-08-22T06:00:00Z""}"
4493,normalize,date_normalized,"{""event_date"": ""2015-02-02T07:00:00Z""}"
4494,normalize,date_normalized,"{""event_date"": ""2012-12-28T07:00:00Z""}"
4495,normalize,date_normalized,"{""event_date"": ""2011-07-18T06:00:00Z""}"
4496,normalize,date_normalized,"{""event_date"": ""2009-07-29T06:00:00Z""}"
4497,normalize,date_normalized,"{""event_date"": ""2012-12-28T07:00:00Z""}"
4498,normalize,date_normalized,"{""event_date"": ""2012-06-17T06:00:00Z""}"
4499,normalize,date_normalized,"{""event_date"": ""2012-12-28T07:00:00Z""}"
4500,normalize,date_normalized,"{""event_date"": ""2013-07-10T06:00:00Z""}"
4501,normalize,date_normalized,"{""event_date"": ""2013-01-28T07:00:00Z""}"
4502,normalize,date_normalized,"{""event_date"": ""2012-12-03T07:00:00Z""}"
4503,normalize,date_normalized,"{""event_date"": ""2012-06-27T06:00:00Z""}"
4504,normalize,date_normalized,"{""event_date"": ""2012-02-27T07:00:00Z""}"
4505,normalize,date_normalized,"{""event_date"": ""2012-03-20T06:00:00Z""}"
4506,normalize,date_normalized,"{""event_date"": ""2012-03-19T06:00:00Z""}"
4507,normalize,date_normalized,"{""event_date"": ""2013-07-10T06:00:00Z""}"
4508,normalize,date_normalized,"{""event_date"": ""2012-12-28T07:00:00Z""}"
4509,normalize,date_normalized,"{""event_date"": ""2013-07-10T06:00:00Z""}"
4510,normalize,date_normalized,"{""event_date"": ""2012-03-20T06:00:00Z""}"
4511,normalize,date_normalized,"{""event_date"": ""2012-07-25T06:00:00Z""}"
4512,normalize,date_normalized,"{""event_date"": ""2012-01-11T07:00:00Z""}"
4513,normalize,date_normalized,"{""event_date"": ""2012-12-03T07:00:00Z""}"
4514,normalize,date_normalized,"{""event_date"": ""2012-07-07T06:00:00Z""}"
4515,normalize,date_normalized,"{""event_date"": ""2012-12-28T07:00:00Z""}"
4516,normalize,date_normalized,"{""event_date"": ""2012-12-03T07:00:00Z""}"
4517,normalize,date_normalized,"{""event_date"": ""2011-06-01T06:00:00Z""}"
4518,normalize,date_normalized,"{""event_date"": ""2015-04-08T06:00:00Z""}"
4519,normalize,date_normalized,"{""event_date"": ""2012-09-14T06:00:00Z""}"
4520,normalize,date_normalized,"{""event_date"": ""2012-12-20T07:00:00Z""}"
4521,normalize,date_normalized,"{""event_date"": ""2015-09-08T06:00:00Z""}"
4522,normalize,date_normalized,"{""event_date"": ""2015-09-03T06:00:00Z""}"
4523,normalize,date_normalized,"{""event_date"": ""2012-06-04T06:00:00Z""}"
4524,normalize,date_normalized,"{""event_date"": ""2013-03-01T07:00:00Z""}"
4525,normalize,date_normalized,"{""event_date"": ""2012-09-14T06:00:00Z""}"
4526,normalize,date_normalized,"{""event_date"": ""2015-11-23T07:00:00Z""}"
4527,normalize,date_normalized,"{""event_date"": ""2009-04-27T06:00:00Z""}"
4528,normalize,date_normalized,"{""event_date"": ""2011-09-28T06:00:00Z""}"
4529,normalize,date_normalized,"{""event_date"": ""2013-05-22T06:00:00Z""}"
4530,normalize,date_normalized,"{""event_date"": ""2013-02-03T07:00:00Z""}"
4531,normalize,date_normalized,"{""event_date"": ""2013-04-01T06:00:00Z""}"
4532,normalize,date_normalized,"{""event_date"": ""2014-01-24T07:00:00Z""}"
4533,normalize,date_normalized,"{""event_date"": ""2015-09-09T06:00:00Z""}"
4534,normalize,date_normalized,"{""event_date"": ""2015-01-22T07:00:00Z""}"
4535,normalize,date_normalized,"{""event_date"": ""2015-01-12T07:00:00Z""}"
4536,normalize,date_normalized,"{""event_date"": ""2015-12-07T07:00:00Z""}"
4537,normalize,date_normalized,"{""event_date"": ""2018-04-14T06:00:00Z""}"
4538,normalize,date_normalized,"{""event_date"": ""2012-08-09T06:00:00Z""}"
4539,normalize,date_normalized,"{""event_date"": ""2018-04-14T06:00:00Z""}"
4540,normalize,date_normalized,"{""event_date"": ""2008-03-25T06:00:00Z""}"
4541,normalize,date_normalized,"{""event_date"": ""2015-03-25T06:00:00Z""}"
4542,normalize,date_normalized,"{""event_date"": ""2018-04-14T06:00:00Z""}"
4543,normalize,date_normalized,"{""event_date"": ""2015-04-21T06:00:00Z""}"
4544,normalize,date_normalized,"{""event_date"": ""2015-06-16T06:00:00Z""}"
4545,normalize,date_normalized,"{""event_date"": ""2014-05-03T06:00:00Z""}"
4546,normalize,date_normalized,"{""event_date"": ""2010-07-14T06:00:00Z""}"
4547,normalize,date_normalized,"{""event_date"": ""2010-07-14T06:00:00Z""}"
4548,normalize,date_normalized,"{""event_date"": ""2010-07-14T06:00:00Z""}"
4549,normalize,date_normalized,"{""event_date"": ""2018-04-13T06:00:00Z""}"
4550,normalize,date_normalized,"{""event_date"": ""2012-10-16T06:00:00Z""}"
4551,normalize,date_normalized,"{""event_date"": ""2013-06-09T06:00:00Z""}"
4552,normalize,date_normalized,"{""event_date"": ""2014-08-25T06:00:00Z""}"
4553,normalize,date_normalized,"{""event_date"": ""2013-08-07T06:00:00Z""}"
4554,normalize,date_normalized,"{""event_date"": ""2013-07-28T06:00:00Z""}"
4555,normalize,date_normalized,"{""event_date"": ""2015-02-14T07:00:00Z""}"
4556,normalize,date_normalized,"{""event_date"": ""2015-08-04T06:00:00Z""}"
4557,normalize,date_normalized,"{""event_date"": ""2015-06-03T06:00:00Z""}"
4558,normalize,date_normalized,"{""event_date"": ""2014-05-12T06:00:00Z""}"
4559,normalize,date_normalized,"{""event_date"": ""2012-03-27T06:00:00Z""}"
4560,normalize,date_normalized,"{""event_date"": ""2012-04-16T06:00:00Z""}"
4561,normalize,date_normalized,"{""event_date"": ""2013-11-08T07:00:00Z""}"
4562,normalize,date_normalized,"{""event_date"": ""2012-05-10T06:00:00Z""}"
4563,normalize,date_normalized,"{""event_date"": ""2014-04-02T06:00:00Z""}"
4564,normalize,date_normalized,"{""event_date"": ""2015-04-16T06:00:00Z""}"
4565,normalize,date_normalized,"{""event_date"": ""2018-04-14T06:00:00Z""}"
4566,normalize,date_normalized,"{""event_date"": ""2015-04-22T06:00:00Z""}"
4567,normalize,date_normalized,"{""event_date"": ""2012-08-23T06:00:00Z""}"
4568,normalize,date_normalized,"{""event_date"": ""2015-06-16T06:00:00Z""}"
4569,normalize,date_normalized,"{""event_date"": ""2013-02-05T07:00:00Z""}"
4570,normalize,date_normalized,"{""event_date"": ""2013-02-05T07:00:00Z""}"
4571,normalize,date_normalized,"{""event_date"": ""2018-04-13T06:00:00Z""}"
4572,normalize,date_normalized,"{""event_date"": ""2012-12-26T07:00:00Z""}"
4573,normalize,date_normalized,"{""event_date"": ""2013-04-02T06:00:00Z""}"
4574,normalize,date_normalized,"{""event_date"": ""2014-02-08T07:00:00Z""}"
4575,normalize,date_normalized,"{""event_date"": ""2013-02-05T07:00:00Z""}"
4576,normalize,date_normalized,"{""event_date"": ""2013-02-05T07:00:00Z""}"
4577,normalize,date_normalized,"{""event_date"": ""2013-02-05T07:00:00Z""}"
4578,normalize,date_normalized,"{""event_date"": ""2012-12-26T07:00:00Z""}"
4579,normalize,date_normalized,"{""event_date"": ""2012-12-26T07:00:00Z""}"
4580,normalize,date_normalized,"{""event_date"": ""2012-12-26T07:00:00Z""}"
4581,normalize,date_normalized,"{""event_date"": ""2013-04-02T06:00:00Z""}"
4582,normalize,date_normalized,"{""event_date"": ""2012-06-13T06:00:00Z""}"
4583,normalize,date_normalized,"{""event_date"": ""2012-12-26T07:00:00Z""}"
4584,normalize,date_normalized,"{""event_date"": ""2013-02-05T07:00:00Z""}"
4585,normalize,date_normalized,"{""event_date"": ""2013-04-02T06:00:00Z""}"
4586,normalize,date_normalized,"{""event_date"": ""2014-08-19T06:00:00Z""}"
4587,normalize,date_normalized,"{""event_date"": ""2014-07-09T06:00:00Z""}"
4588,normalize,date_normalized,"{""event_date"": ""2013-02-05T07:00:00Z""}"
4589,normalize,date_normalized,"{""event_date"": ""2013-02-05T07:00:00Z""}"
4590,normalize,date_normalized,"{""event_date"": ""2013-02-05T07:00:00Z""}"
4591,normalize,date_normalized,"{""event_date"": ""2013-02-05T07:00:00Z""}"
4592,normalize,date_normalized,"{""event_date"": ""2012-12-26T07:00:00Z""}"
4593,normalize,date_normalized,"{""event_date"": ""2008-07-30T06:00:00Z""}"
4594,normalize,date_normalized,"{""event_date"": ""2013-02-05T07:00:00Z""}"
4595,normalize,date_normalized,"{""event_date"": ""2013-07-16T06:00:00Z""}"
4596,normalize,date_normalized,"{""event_date"": ""2013-02-05T07:00:00Z""}"
4597,normalize,date_normalized,"{""event_date"": ""2012-12-26T07:00:00Z""}"
4598,normalize,date_normalized,"{""event_date"": ""2013-02-05T07:00:00Z""}"
4599,normalize,date_normalized,"{""event_date"": ""2013-02-05T07:00:00Z""}"
4600,normalize,date_normalized,"{""event_date"": ""2013-02-05T07:00:00Z""}"
4601,normalize,date_normalized,"{""event_date"": ""2012-12-26T07:00:00Z""}"
4602,normalize,date_normalized,"{""event_date"": ""2012-12-26T07:00:00Z""}"
4603,normalize,date_normalized,"{""event_date"": ""2012-12-26T07:00:00Z""}"
4604,normalize,date_normalized,"{""event_date"": ""2018-04-13T06:00:00Z""}"
4605,normalize,date_normalized,"{""event_date"": ""2013-03-26T06:00:00Z""}"
4606,normalize,date_normalized,"{""event_date"": ""2013-02-05T07:00:00Z""}"
4607,normalize,date_normalized,"{""event_date"": ""2013-02-05T07:00:00Z""}"
4608,normalize,date_normalized,"{""event_date"": ""2013-02-05T07:00:00Z""}"
4609,normalize,date_normalized,"{""event_date"": ""2013-02-05T07:00:00Z""}"
4610,normalize,date_normalized,"{""event_date"": ""2013-02-05T07:00:00Z""}"
4611,normalize,date_normalized,"{""event_date"": ""2013-02-05T07:00:00Z""}"
4612,normalize,date_normalized,"{""event_date"": ""2013-07-16T06:00:00Z""}"
4613,normalize,date_normalized,"{""event_date"": ""2012-12-26T07:00:00Z""}"
4614,normalize,date_normalized,"{""event_date"": ""2013-02-05T07:00:00Z""}"
4615,normalize,date_normalized,"{""event_date"": ""2018-04-13T06:00:00Z""}"
4616,normalize,date_normalized,"{""event_date"": ""2013-07-11T06:00:00Z""}"
4617,normalize,date_normalized,"{""event_date"": ""2013-02-05T07:00:00Z""}"
4618,normalize,date_normalized,"{""event_date"": ""2013-02-05T07:00:00Z""}"
4619,normalize,date_normalized,"{""event_date"": ""2012-12-26T07:00:00Z""}"
4620,normalize,date_normalized,"{""event_date"": ""2012-12-26T07:00:00Z""}"
4621,normalize,date_normalized,"{""event_date"": ""2013-02-05T07:00:00Z""}"
4622,normalize,date_normalized,"{""event_date"": ""2013-08-13T06:00:00Z""}"
4623,normalize,date_normalized,"{""event_date"": ""2013-02-05T07:00:00Z""}"
4624,normalize,date_normalized,"{""event_date"": ""2013-02-05T07:00:00Z""}"
4625,normalize,date_normalized,"{""event_date"": ""2013-04-02T06:00:00Z""}"
4626,normalize,date_normalized,"{""event_date"": ""2012-12-26T07:00:00Z""}"
4627,normalize,date_normalized,"{""event_date"": ""2013-02-05T07:00:00Z""}"
4628,normalize,date_normalized,"{""event_date"": ""2013-02-05T07:00:00Z""}"
4629,normalize,date_normalized,"{""event_date"": ""2012-12-26T07:00:00Z""}"
4630,normalize,date_normalized,"{""event_date"": ""2013-02-05T07:00:00Z""}"
4631,normalize,date_normalized,"{""event_date"": ""2013-02-05T07:00:00Z""}"
4632,normalize,date_normalized,"{""event_date"": ""2013-02-05T07:00:00Z""}"
4633,normalize,date_normalized,"{""event_date"": ""2013-02-05T07:00:00Z""}"
4634,normalize,date_normalized,"{""event_date"": ""2013-07-16T06:00:00Z""}"
4635,normalize,date_normalized,"{""event_date"": ""2009-03-03T07:00:00Z""}"
4636,normalize,date_normalized,"{""event_date"": ""2012-12-26T07:00:00Z""}"
4637,normalize,date_normalized,"{""event_date"": ""2012-12-26T07:00:00Z""}"
4638,normalize,date_normalized,"{""event_date"": ""2013-02-05T07:00:00Z""}"
4639,normalize,date_normalized,"{""event_date"": ""2013-02-05T07:00:00Z""}"
4640,normalize,date_normalized,"{""event_date"": ""2013-04-02T06:00:00Z""}"
4641,normalize,date_normalized,"{""event_date"": ""2013-02-05T07:00:00Z""}"
4642,normalize,date_normalized,"{""event_date"": ""2012-12-26T07:00:00Z""}"
4643,normalize,date_normalized,"{""event_date"": ""2013-02-05T07:00:00Z""}"
4644,normalize,date_normalized,"{""event_date"": ""2012-12-26T07:00:00Z""}"
4645,normalize,date_normalized,"{""event_date"": ""2013-02-05T07:00:00Z""}"
4646,normalize,date_normalized,"{""event_date"": ""2013-02-05T07:00:00Z""}"
4647,normalize,date_normalized,"{""event_date"": ""2013-04-02T06:00:00Z""}"
4648,normalize,date_normalized,"{""event_date"": ""2013-04-02T06:00:00Z""}"
4649,normalize,date_normalized,"{""event_date"": ""2012-12-26T07:00:00Z""}"
4650,normalize,date_normalized,"{""event_date"": ""2013-02-05T07:00:00Z""}"
4651,normalize,date_normalized,"{""event_date"": ""2013-01-30T07:00:00Z""}"
4652,normalize,date_normalized,"{""event_date"": ""2013-02-05T07:00:00Z""}"
4653,normalize,date_normalized,"{""event_date"": ""2013-02-05T07:00:00Z""}"
4654,normalize,date_normalized,"{""event_date"": ""2012-12-26T07:00:00Z""}"
4655,normalize,date_normalized,"{""event_date"": ""2013-02-05T07:00:00Z""}"
4656,normalize,date_normalized,"{""event_date"": ""2013-02-05T07:00:00Z""}"
4657,normalize,date_normalized,"{""event_date"": ""2013-02-05T07:00:00Z""}"
4658,normalize,date_normalized,"{""event_date"": ""2012-12-26T07:00:00Z""}"
4659,normalize,date_normalized,"{""event_date"": ""2013-02-05T07:00:00Z""}"
4660,normalize,date_normalized,"{""event_date"": ""2013-07-11T06:00:00Z""}"
4661,normalize,date_normalized,"{""event_date"": ""2013-02-05T07:00:00Z""}"
4662,normalize,date_normalized,"{""event_date"": ""2012-12-26T07:00:00Z""}"
4663,normalize,date_normalized,"{""event_date"": ""2013-02-05T07:00:00Z""}"
4664,normalize,date_normalized,"{""event_date"": ""2013-04-02T06:00:00Z""}"
4665,normalize,date_normalized,"{""event_date"": ""2013-02-05T07:00:00Z""}"
4666,normalize,date_normalized,"{""event_date"": ""2013-02-05T07:00:00Z""}"
4667,normalize,date_normalized,"{""event_date"": ""2013-02-05T07:00:00Z""}"
4668,normalize,date_normalized,"{""event_date"": ""2012-12-26T07:00:00Z""}"
4669,normalize,date_normalized,"{""event_date"": ""2012-12-26T07:00:00Z""}"
4670,normalize,date_normalized,"{""event_date"": ""2012-12-26T07:00:00Z""}"
4671,normalize,date_normalized,"{""event_date"": ""2013-02-05T07:00:00Z""}"
4672,normalize,date_normalized,"{""event_date"": ""2013-02-05T07:00:00Z""}"
4673,normalize,date_normalized,"{""event_date"": ""2012-12-12T07:00:00Z""}"
4674,normalize,date_normalized,"{""event_date"": ""2012-12-26T07:00:00Z""}"
4675,normalize,date_normalized,"{""event_date"": ""2013-04-02T06:00:00Z""}"
4676,normalize,date_normalized,"{""event_date"": ""2012-12-26T07:00:00Z""}"
4677,normalize,date_normalized,"{""event_date"": ""2013-02-05T07:00:00Z""}"
4678,normalize,date_normalized,"{""event_date"": ""2012-12-26T07:00:00Z""}"
4679,normalize,date_normalized,"{""event_date"": ""2012-12-26T07:00:00Z""}"
4680,normalize,date_normalized,"{""event_date"": ""2012-12-26T07:00:00Z""}"
4681,normalize,date_normalized,"{""event_date"": ""2012-12-26T07:00:00Z""}"
4682,normalize,date_normalized,"{""event_date"": ""2013-02-05T07:00:00Z""}"
4683,normalize,date_normalized,"{""event_date"": ""2013-02-05T07:00:00Z""}"
4684,normalize,date_normalized,"{""event_date"": ""2013-02-05T07:00:00Z""}"
4685,normalize,date_normalized,"{""event_date"": ""2013-02-05T07:00:00Z""}"
4686,normalize,date_normalized,"{""event_date"": ""2013-02-05T07:00:00Z""}"
4687,normalize,date_normalized,"{""event_date"": ""2013-08-12T06:00:00Z""}"
4688,normalize,date_normalized,"{""event_date"": ""2013-02-05T07:00:00Z""}"
4689,normalize,date_normalized,"{""event_date"": ""2013-02-05T07:00:00Z""}"
4690,normalize,date_normalized,"{""event_date"": ""2013-02-05T07:00:00Z""}"
4691,normalize,date_normalized,"{""event_date"": ""2012-12-07T07:00:00Z""}"
4692,normalize,date_normalized,"{""event_date"": ""2013-04-02T06:00:00Z""}"
4693,normalize,date_normalized,"{""event_date"": ""2012-12-26T07:00:00Z""}"
4694,normalize,date_normalized,"{""event_date"": ""2013-02-05T07:00:00Z""}"
4695,normalize,date_normalized,"{""event_date"": ""2012-12-26T07:00:00Z""}"
4696,normalize,date_normalized,"{""event_date"": ""2012-05-31T06:00:00Z""}"
4697,normalize,date_normalized,"{""event_date"": ""2012-12-26T07:00:00Z""}"
4698,normalize,date_normalized,"{""event_date"": ""2014-07-09T06:00:00Z""}"
4699,normalize,date_normalized,"{""event_date"": ""2013-02-05T07:00:00Z""}"
4700,normalize,date_normalized,"{""event_date"": ""2014-10-27T06:00:00Z""}"
4701,normalize,date_normalized,"{""event_date"": ""2014-07-09T06:00:00Z""}"
4702,normalize,date_normalized,"{""event_date"": ""2012-12-26T07:00:00Z""}"
4703,normalize,date_normalized,"{""event_date"": ""2012-12-26T07:00:00Z""}"
4704,normalize,date_normalized,"{""event_date"": ""2013-04-02T06:00:00Z""}"
4705,normalize,date_normalized,"{""event_date"": ""2012-11-21T07:00:00Z""}"
4706,normalize,date_normalized,"{""event_date"": ""2013-02-05T07:00:00Z""}"
4707,normalize,date_normalized,"{""event_date"": ""2012-09-06T06:00:00Z""}"
4708,normalize,date_normalized,"{""event_date"": ""2012-12-26T07:00:00Z""}"
4709,normalize,date_normalized,"{""event_date"": ""2013-02-05T07:00:00Z""}"
4710,normalize,date_normalized,"{""event_date"": ""2012-12-26T07:00:00Z""}"
4711,normalize,date_normalized,"{""event_date"": ""2013-02-05T07:00:00Z""}"
4712,normalize,date_normalized,"{""event_date"": ""2012-12-26T07:00:00Z""}"
4713,normalize,date_normalized,"{""event_date"": ""2013-02-05T07:00:00Z""}"
4714,normalize,date_normalized,"{""event_date"": ""2013-02-05T07:00:00Z""}"
4715,normalize,date_normalized,"{""event_date"": ""2012-12-26T07:00:00Z""}"
4716,normalize,date_normalized,"{""event_date"": ""2013-02-05T07:00:00Z""}"
4717,normalize,date_normalized,"{""event_date"": ""2012-12-26T07:00:00Z""}"
4718,normalize,date_normalized,"{""event_date"": ""2012-07-27T06:00:00Z""}"
4719,normalize,date_normalized,"{""event_date"": ""2012-12-26T07:00:00Z""}"
4720,normalize,date_normalized,"{""event_date"": ""2013-02-05T07:00:00Z""}"
4721,normalize,date_normalized,"{""event_date"": ""2013-02-05T07:00:00Z""}"
4722,normalize,date_normalized,"{""event_date"": ""2012-12-26T07:00:00Z""}"
4723,normalize,date_normalized,"{""event_date"": ""2013-02-05T07:00:00Z""}"
4724,normalize,date_normalized,"{""event_date"": ""2012-12-26T07:00:00Z""}"
4725,normalize,date_normalized,"{""event_date"": ""2013-02-05T07:00:00Z""}"
4726,normalize,date_normalized,"{""event_date"": ""2013-02-05T07:00:00Z""}"
4727,normalize,date_normalized,"{""event_date"": ""2012-12-26T07:00:00Z""}"
4728,normalize,date_normalized,"{""event_date"": ""2012-12-26T07:00:00Z""}"
4729,normalize,date_normalized,"{""event_date"": ""2010-11-25T07:00:00Z""}"
4730,normalize,date_normalized,"{""event_date"": ""2013-02-05T07:00:00Z""}"
4731,normalize,date_normalized,"{""event_date"": ""2015-01-09T07:00:00Z""}"
4732,normalize,date_normalized,"{""event_date"": ""2013-02-05T07:00:00Z""}"
4733,normalize,date_normalized,"{""event_date"": ""2012-12-26T07:00:00Z""}"
4734,normalize,date_normalized,"{""event_date"": ""2012-12-26T07:00:00Z""}"
4735,normalize,date_normalized,"{""event_date"": ""2012-12-26T07:00:00Z""}"
4736,normalize,date_normalized,"{""event_date"": ""2013-02-05T07:00:00Z""}"
4737,normalize,date_normalized,"{""event_date"": ""2013-02-05T07:00:00Z""}"
4738,normalize,date_normalized,"{""event_date"": ""2013-04-02T06:00:00Z""}"
4739,normalize,date_normalized,"{""event_date"": ""2012-12-26T07:00:00Z""}"
4740,normalize,date_normalized,"{""event_date"": ""2009-03-29T06:00:00Z""}"
4741,normalize,date_normalized,"{""event_date"": ""2018-04-13T06:00:00Z""}"
4742,normalize,date_normalized,"{""event_date"": ""2009-02-19T07:00:00Z""}"
4743,normalize,date_normalized,"{""event_date"": ""2012-12-26T07:00:00Z""}"
4744,normalize,date_normalized,"{""event_date"": ""2012-12-26T07:00:00Z""}"
4745,normalize,date_normalized,"{""event_date"": ""2012-12-26T07:00:00Z""}"
4746,normalize,date_normalized,"{""event_date"": ""2012-12-26T07:00:00Z""}"
4747,normalize,date_normalized,"{""event_date"": ""2013-02-05T07:00:00Z""}"
4748,normalize,date_normalized,"{""event_date"": ""2013-02-05T07:00:00Z""}"
4749,normalize,date_normalized,"{""event_date"": ""2013-02-05T07:00:00Z""}"
4750,normalize,date_normalized,"{""event_date"": ""2012-12-26T07:00:00Z""}"
4751,normalize,date_normalized,"{""event_date"": ""2013-04-26T06:00:00Z""}"
4752,normalize,date_normalized,"{""event_date"": ""2013-02-05T07:00:00Z""}"
4753,normalize,date_normalized,"{""event_date"": ""2010-06-12T06:00:00Z""}"
4754,normalize,date_normalized,"{""event_date"": ""2012-12-26T07:00:00Z""}"
4755,normalize,date_normalized,"{""event_date"": ""2012-12-26T07:00:00Z""}"
4756,normalize,date_normalized,"{""event_date"": ""2012-12-26T07:00:00Z""}"
4757,normalize,date_normalized,"{""event_date"": ""2013-02-05T07:00:00Z""}"
4758,normalize,date_normalized,"{""event_date"": ""2013-02-05T07:00:00Z""}"
4759,normalize,date_normalized,"{""event_date"": ""2013-02-05T07:00:00Z""}"
4760,normalize,date_normalized,"{""event_date"": ""2012-12-26T07:00:00Z""}"
4761,normalize,date_normalized,"{""event_date"": ""2013-02-05T07:00:00Z""}"
4762,normalize,date_normalized,"{""event_date"": ""2012-12-26T07:00:00Z""}"
4763,normalize,date_normalized,"{""event_date"": ""2012-12-26T07:00:00Z""}"
4764,normalize,date_normalized,"{""event_date"": ""2012-03-05T07:00:00Z""}"
4765,normalize,date_normalized,"{""event_date"": ""2013-04-02T06:00:00Z""}"
4766,normalize,date_normalized,"{""event_date"": ""2013-02-05T07:00:00Z""}"
4767,normalize,date_normalized,"{""event_date"": ""2013-02-05T07:00:00Z""}"
4768,normalize,date_normalized,"{""event_date"": ""2013-02-05T07:00:00Z""}"
4769,normalize,date_normalized,"{""event_date"": ""2013-02-05T07:00:00Z""}"
4770,normalize,date_normalized,"{""event_date"": ""2013-02-05T07:00:00Z""}"
4771,normalize,date_normalized,"{""event_date"": ""2012-12-26T07:00:00Z""}"
4772,normalize,date_normalized,"{""event_date"": ""2012-12-26T07:00:00Z""}"
4773,normalize,date_normalized,"{""event_date"": ""2012-12-26T07:00:00Z""}"
4774,normalize,date_normalized,"{""event_date"": ""2013-07-16T06:00:00Z""}"
4775,normalize,date_normalized,"{""event_date"": ""2010-06-21T06:00:00Z""}"
4776,normalize,date_normalized,"{""event_date"": ""2013-02-05T07:00:00Z""}"
4777,normalize,date_normalized,"{""event_date"": ""2013-02-05T07:00:00Z""}"
4778,normalize,date_normalized,"{""event_date"": ""2012-12-26T07:00:00Z""}"
4779,normalize,date_normalized,"{""event_date"": ""2012-12-26T07:00:00Z""}"
4780,normalize,date_normalized,"{""event_date"": ""2013-02-05T07:00:00Z""}"
4781,normalize,date_normalized,"{""event_date"": ""2013-04-02T06:00:00Z""}"
4782,normalize,date_normalized,"{""event_date"": ""2014-01-07T07:00:00Z""}"
4783,normalize,date_normalized,"{""event_date"": ""2014-02-27T07:00:00Z""}"
4784,normalize,date_normalized,"{""event_date"": ""2012-12-26T07:00:00Z""}"
4785,normalize,date_normalized,"{""event_date"": ""2015-01-15T07:00:00Z""}"
4786,normalize,date_normalized,"{""event_date"": ""2011-06-10T06:00:00Z""}"
4787,normalize,date_normalized,"{""event_date"": ""2013-02-05T07:00:00Z""}"
4788,normalize,date_normalized,"{""event_date"": ""2012-12-26T07:00:00Z""}"
4789,normalize,date_normalized,"{""event_date"": ""2012-12-26T07:00:00Z""}"
4790,normalize,date_normalized,"{""event_date"": ""2013-02-05T07:00:00Z""}"
4791,normalize,date_normalized,"{""event_date"": ""2012-12-26T07:00:00Z""}"
4792,normalize,date_normalized,"{""event_date"": ""2013-04-02T06:00:00Z""}"
4793,normalize,date_normalized,"{""event_date"": ""2014-01-07T07:00:00Z""}"
4794,normalize,date_normalized,"{""event_date"": ""2013-02-05T07:00:00Z""}"
4795,normalize,date_normalized,"{""event_date"": ""2013-02-05T07:00:00Z""}"
4796,normalize,date_normalized,"{""event_date"": ""2013-02-05T07:00:00Z""}"
4797,normalize,date_normalized,"{""event_date"": ""2011-07-26T06:00:00Z""}"
4798,normalize,date_normalized,"{""event_date"": ""2012-12-26T07:00:00Z""}"
4799,normalize,date_normalized,"{""event_date"": ""2013-02-05T07:00:00Z""}"
4800,normalize,date_normalized,"{""event_date"": ""2012-12-26T07:00:00Z""}"
4801,normalize,date_normalized,"{""event_date"": ""2013-02-05T07:00:00Z""}"
4802,normalize,date_normalized,"{""event_date"": ""2012-12-26T07:00:00Z""}"
4803,normalize,date_normalized,"{""event_date"": ""2012-12-26T07:00:00Z""}"
4804,normalize,date_normalized,"{""event_date"": ""2013-04-02T06:00:00Z""}"
4805,normalize,date_normalized,"{""event_date"": ""2013-02-05T07:00:00Z""}"
4806,normalize,date_normalized,"{""event_date"": ""2013-02-05T07:00:00Z""}"
4807,normalize,date_normalized,"{""event_date"": ""2012-12-26T07:00:00Z""}"
4808,normalize,date_normalized,"{""event_date"": ""2013-08-12T06:00:00Z""}"
4809,normalize,date_normalized,"{""event_date"": ""2013-02-05T07:00:00Z""}"
4810,normalize,date_normalized,"{""event_date"": ""2013-02-05T07:00:00Z""}"
4811,normalize,date_normalized,"{""event_date"": ""2012-12-26T07:00:00Z""}"
4812,normalize,date_normalized,"{""event_date"": ""2013-02-05T07:00:00Z""}"
4813,normalize,date_normalized,"{""event_date"": ""2013-02-05T07:00:00Z""}"
4814,normalize,date_normalized,"{""event_date"": ""2012-12-26T07:00:00Z""}"
4815,normalize,date_normalized,"{""event_date"": ""2013-02-05T07:00:00Z""}"
4816,normalize,date_normalized,"{""event_date"": ""2012-12-26T07:00:00Z""}"
4817,normalize,date_normalized,"{""event_date"": ""2013-02-05T07:00:00Z""}"
4818,normalize,date_normalized,"{""event_date"": ""2010-05-28T06:00:00Z""}"
4819,normalize,date_normalized,"{""event_date"": ""2013-04-02T06:00:00Z""}"
4820,normalize,date_normalized,"{""event_date"": ""2013-07-16T06:00:00Z""}"
4821,normalize,date_normalized,"{""event_date"": ""2013-02-05T07:00:00Z""}"
4822,normalize,date_normalized,"{""event_date"": ""2013-09-24T06:00:00Z""}"
4823,normalize,date_normalized,"{""event_date"": ""2013-02-05T07:00:00Z""}"
4824,normalize,date_normalized,"{""event_date"": ""2013-04-02T06:00:00Z""}"
4825,normalize,date_normalized,"{""event_date"": ""2011-12-21T07:00:00Z""}"
4826,normalize,date_normalized,"{""event_date"": ""2012-12-26T07:00:00Z""}"
4827,normalize,date_normalized,"{""event_date"": ""2013-02-05T07:00:00Z""}"
4828,normalize,date_normalized,"{""event_date"": ""2013-02-05T07:00:00Z""}"
4829,normalize,date_normalized,"{""event_date"": ""2011-06-20T06:00:00Z""}"
4830,normalize,date_normalized,"{""event_date"": ""2013-02-05T07:00:00Z""}"
4831,normalize,date_normalized,"{""event_date"": ""2014-08-06T06:00:00Z""}"
4832,normalize,date_normalized,"{""event_date"": ""2014-07-09T06:00:00Z""}"
4833,normalize,date_normalized,"{""event_date"": ""2013-02-05T07:00:00Z""}"
4834,normalize,date_normalized,"{""event_date"": ""2012-12-26T07:00:00Z""}"
4835,normalize,date_normalized,"{""event_date"": ""2013-02-05T07:00:00Z""}"
4836,normalize,date_normalized,"{""event_date"": ""2012-12-26T07:00:00Z""}"
4837,normalize,date_normalized,"{""event_date"": ""2012-12-26T07:00:00Z""}"
4838,normalize,date_normalized,"{""event_date"": ""2012-12-26T07:00:00Z""}"
4839,normalize,date_normalized,"{""event_date"": ""2013-02-05T07:00:00Z""}"
4840,normalize,date_normalized,"{""event_date"": ""2011-06-28T06:00:00Z""}"
4841,normalize,date_normalized,"{""event_date"": ""2013-02-05T07:00:00Z""}"
4842,normalize,date_normalized,"{""event_date"": ""2013-02-05T07:00:00Z""}"
4843,normalize,date_normalized,"{""event_date"": ""2013-09-24T06:00:00Z""}"
4844,normalize,date_normalized,"{""event_date"": ""2013-09-24T06:00:00Z""}"
4845,normalize,date_normalized,"{""event_date"": ""2013-02-05T07:00:00Z""}"
4846,normalize,date_normalized,"{""event_date"": ""2013-02-05T07:00:00Z""}"
4847,normalize,date_normalized,"{""event_date"": ""2013-02-05T07:00:00Z""}"
4848,normalize,date_normalized,"{""event_date"": ""2012-12-26T07:00:00Z""}"
4849,normalize,date_normalized,"{""event_date"": ""2013-04-02T06:00:00Z""}"
4850,normalize,date_normalized,"{""event_date"": ""2013-11-04T07:00:00Z""}"
4851,normalize,date_normalized,"{""event_date"": ""2010-09-14T06:00:00Z""}"
4852,normalize,date_normalized,"{""event_date"": ""2008-07-08T06:00:00Z""}"
4853,normalize,date_normalized,"{""event_date"": ""2014-07-09T06:00:00Z""}"
4854,normalize,date_normalized,"{""event_date"": ""2013-02-05T07:00:00Z""}"
4855,normalize,date_normalized,"{""event_date"": ""2013-02-05T07:00:00Z""}"
4856,normalize,date_normalized,"{""event_date"": ""2012-12-26T07:00:00Z""}"
4857,normalize,date_normalized,"{""event_date"": ""2012-12-26T07:00:00Z""}"
4858,normalize,date_normalized,"{""event_date"": ""2013-04-02T06:00:00Z""}"
4859,normalize,date_normalized,"{""event_date"": ""2012-12-26T07:00:00Z""}"
4860,normalize,date_normalized,"{""event_date"": ""2014-02-02T07:00:00Z""}"
4861,normalize,date_normalized,"{""event_date"": ""2012-12-26T07:00:00Z""}"
4862,normalize,date_normalized,"{""event_date"": ""2013-02-05T07:00:00Z""}"
4863,normalize,date_normalized,"{""event_date"": ""2010-06-12T06:00:00Z""}"
4864,normalize,date_normalized,"{""event_date"": ""2013-07-17T06:00:00Z""}"
4865,normalize,date_normalized,"{""event_date"": ""2012-12-26T07:00:00Z""}"
4866,normalize,date_normalized,"{""event_date"": ""2012-12-26T07:00:00Z""}"
4867,normalize,date_normalized,"{""event_date"": ""2013-02-05T07:00:00Z""}"
4868,normalize,date_normalized,"{""event_date"": ""2012-11-24T07:00:00Z""}"
4869,normalize,date_normalized,"{""event_date"": ""2012-12-26T07:00:00Z""}"
4870,normalize,date_normalized,"{""event_date"": ""2013-02-05T07:00:00Z""}"
4871,normalize,date_normalized,"{""event_date"": ""2013-04-02T06:00:00Z""}"
4872,normalize,date_normalized,"{""event_date"": ""2012-12-26T07:00:00Z""}"
4873,normalize,date_normalized,"{""event_date"": ""2012-12-26T07:00:00Z""}"
4874,normalize,date_normalized,"{""event_date"": ""2011-06-10T06:00:00Z""}"
4875,normalize,date_normalized,"{""event_date"": ""2014-01-07T07:00:00Z""}"
4876,normalize,date_normalized,"{""event_date"": ""2013-02-05T07:00:00Z""}"
4877,normalize,date_normalized,"{""event_date"": ""2013-08-13T06:00:00Z""}"
4878,normalize,date_normalized,"{""event_date"": ""2013-07-16T06:00:00Z""}"
4879,normalize,date_normalized,"{""event_date"": ""2014-07-09T06:00:00Z""}"
4880,normalize,date_normalized,"{""event_date"": ""2013-04-02T06:00:00Z""}"
4881,normalize,date_normalized,"{""event_date"": ""2013-04-02T06:00:00Z""}"
4882,normalize,date_normalized,"{""event_date"": ""2013-02-05T07:00:00Z""}"
4883,normalize,date_normalized,"{""event_date"": ""2012-12-12T07:00:00Z""}"
4884,normalize,date_normalized,"{""event_date"": ""2013-02-05T07:00:00Z""}"
4885,normalize,date_normalized,"{""event_date"": ""2011-06-15T06:00:00Z""}"
4886,normalize,date_normalized,"{""event_date"": ""2012-12-26T07:00:00Z""}"
4887,normalize,date_normalized,"{""event_date"": ""2013-02-05T07:00:00Z""}"
4888,normalize,date_normalized,"{""event_date"": ""2012-12-26T07:00:00Z""}"
4889,normalize,date_normalized,"{""event_date"": ""2013-02-05T07:00:00Z""}"
4890,normalize,date_normalized,"{""event_date"": ""2013-02-05T07:00:00Z""}"
4891,normalize,date_normalized,"{""event_date"": ""2012-12-26T07:00:00Z""}"
4892,normalize,date_normalized,"{""event_date"": ""2014-07-28T06:00:00Z""}"
4893,normalize,date_normalized,"{""event_date"": ""2013-02-05T07:00:00Z""}"
4894,normalize,date_normalized,"{""event_date"": ""2013-04-02T06:00:00Z""}"
4895,normalize,date_normalized,"{""event_date"": ""2012-12-26T07:00:00Z""}"
4896,normalize,date_normalized,"{""event_date"": ""2009-08-02T06:00:00Z""}"
4897,normalize,date_normalized,"{""event_date"": ""2013-02-05T07:00:00Z""}"
4898,normalize,date_normalized,"{""event_date"": ""2012-12-26T07:00:00Z""}"
4899,normalize,date_normalized,"{""event_date"": ""2013-02-05T07:00:00Z""}"
4900,normalize,date_normalized,"{""event_date"": ""2012-12-26T07:00:00Z""}"
4901,normalize,date_normalized,"{""event_date"": ""2013-02-05T07:00:00Z""}"
4902,normalize,date_normalized,"{""event_date"": ""2013-02-05T07:00:00Z""}"
4903,normalize,date_normalized,"{""event_date"": ""2012-12-26T07:00:00Z""}"
4904,normalize,date_normalized,"{""event_date"": ""2013-02-05T07:00:00Z""}"
4905,normalize,date_normalized,"{""event_date"": ""2013-02-05T07:00:00Z""}"
4906,normalize,date_normalized,"{""event_date"": ""2012-12-26T07:00:00Z""}"
4907,normalize,date_normalized,"{""event_date"": ""2011-06-26T06:00:00Z""}"
4908,normalize,date_normalized,"{""event_date"": ""2013-02-05T07:00:00Z""}"
4909,normalize,date_normalized,"{""event_date"": ""2013-04-02T06:00:00Z""}"
4910,normalize,date_normalized,"{""event_date"": ""2012-12-26T07:00:00Z""}"
4911,normalize,date_normalized,"{""event_date"": ""2015-07-28T06:00:00Z""}"
4912,normalize,date_normalized,"{""event_date"": ""2014-09-24T06:00:00Z""}"
4913,normalize,date_normalized,"{""event_date"": ""2008-08-29T06:00:00Z""}"
4914,normalize,date_normalized,"{""event_date"": ""2008-08-29T06:00:00Z""}"
4915,normalize,date_normalized,"{""event_date"": ""2014-02-05T07:00:00Z""}"
4916,normalize,date_normalized,"{""event_date"": ""2008-08-29T06:00:00Z""}"
4917,normalize,date_normalized,"{""event_date"": ""2014-02-17T07:00:00Z""}"
4918,normalize,date_normalized,"{""event_date"": ""2010-04-12T06:00:00Z""}"
4919,normalize,date_normalized,"{""event_date"": ""2008-08-29T06:00:00Z""}"
4920,normalize,date_normalized,"{""event_date"": ""2013-06-18T06:00:00Z""}"
4921,normalize,date_normalized,"{""event_date"": ""2014-12-31T07:00:00Z""}"
4922,normalize,date_normalized,"{""event_date"": ""2008-08-29T06:00:00Z""}"
4923,normalize,date_normalized,"{""event_date"": ""2014-05-01T06:00:00Z""}"
4924,normalize,date_normalized,"{""event_date"": ""2008-08-29T06:00:00Z""}"
4925,normalize,date_normalized,"{""event_date"": ""2013-07-20T06:00:00Z""}"
4926,normalize,date_normalized,"{""event_date"": ""2010-11-15T07:00:00Z""}"
4927,normalize,date_normalized,"{""event_date"": ""2014-04-08T06:00:00Z""}"
4928,normalize,date_normalized,"{""event_date"": ""2010-03-25T06:00:00Z""}"
4929,normalize,date_normalized,"{""event_date"": ""2013-12-21T07:00:00Z""}"
4930,normalize,date_normalized,"{""event_date"": ""2014-02-22T07:00:00Z""}"
4931,normalize,date_normalized,"{""event_date"": ""2008-08-29T06:00:00Z""}"
4932,normalize,date_normalized,"{""event_date"": ""2008-08-29T06:00:00Z""}"
4933,normalize,date_normalized,"{""event_date"": ""2018-04-15T06:00:00Z""}"
4934,normalize,date_normalized,"{""event_date"": ""2014-12-16T07:00:00Z""}"
4935,normalize,date_normalized,"{""event_date"": ""2014-03-08T07:00:00Z""}"
4936,normalize,date_normalized,"{""event_date"": ""2008-08-29T06:00:00Z""}"
4937,normalize,date_normalized,"{""event_date"": ""2014-06-21T06:00:00Z""}"
4938,normalize,date_normalized,"{""event_date"": ""2018-04-15T06:00:00Z""}"
4939,normalize,date_normalized,"{""event_date"": ""2018-04-13T06:00:00Z""}"
4940,normalize,date_normalized,"{""event_date"": ""2011-12-15T07:00:00Z""}"
4941,normalize,date_normalized,"{""event_date"": ""2008-08-29T06:00:00Z""}"
4942,normalize,date_normalized,"{""event_date"": ""2008-08-29T06:00:00Z""}"
4943,normalize,date_normalized,"{""event_date"": ""2013-12-15T07:00:00Z""}"
4944,normalize,date_normalized,"{""event_date"": ""2008-08-29T06:00:00Z""}"
4945,normalize,date_normalized,"{""event_date"": ""2013-04-27T06:00:00Z""}"
4946,normalize,date_normalized,"{""event_date"": ""2013-12-29T07:00:00Z""}"
4947,normalize,date_normalized,"{""event_date"": ""2014-09-24T06:00:00Z""}"
4948,normalize,date_normalized,"{""event_date"": ""2013-03-12T06:00:00Z""}"
4949,normalize,date_normalized,"{""event_date"": ""2010-11-15T07:00:00Z""}"
4950,normalize,date_normalized,"{""event_date"": ""2010-06-29T06:00:00Z""}"
4951,normalize,date_normalized,"{""event_date"": ""2014-03-08T07:00:00Z""}"
4952,normalize,date_normalized,"{""event_date"": ""2018-04-15T06:00:00Z""}"
4953,normalize,date_normalized,"{""event_date"": ""2013-02-04T07:00:00Z""}"
4954,normalize,date_normalized,"{""event_date"": ""2014-04-27T06:00:00Z""}"
4955,normalize,date_normalized,"{""event_date"": ""2015-02-17T07:00:00Z""}"
4956,normalize,date_normalized,"{""event_date"": ""2014-01-26T07:00:00Z""}"
4957,normalize,date_normalized,"{""event_date"": ""2014-01-09T07:00:00Z""}"
4958,normalize,date_normalized,"{""event_date"": ""2012-08-03T06:00:00Z""}"
4959,normalize,date_normalized,"{""event_date"": ""2012-08-03T06:00:00Z""}"
4960,normalize,date_normalized,"{""event_date"": ""2012-08-21T06:00:00Z""}"
4961,normalize,date_normalized,"{""event_date"": ""2010-09-14T06:00:00Z""}"
4962,normalize,date_normalized,"{""event_date"": ""2012-03-05T07:00:00Z""}"
4963,normalize,date_normalized,"{""event_date"": ""2013-02-01T07:00:00Z""}"
4964,normalize,date_normalized,"{""event_date"": ""2012-08-21T06:00:00Z""}"
4965,normalize,date_normalized,"{""event_date"": ""2015-03-10T06:00:00Z""}"
4966,normalize,date_normalized,"{""event_date"": ""2012-08-21T06:00:00Z""}"
4967,normalize,date_normalized,"{""event_date"": ""2012-05-20T06:00:00Z""}"
4968,normalize,date_normalized,"{""event_date"": ""2012-11-01T06:00:00Z""}"
4969,normalize,date_normalized,"{""event_date"": ""2012-08-21T06:00:00Z""}"
4970,normalize,date_normalized,"{""event_date"": ""2012-08-21T06:00:00Z""}"
4971,normalize,date_normalized,"{""event_date"": ""2012-08-03T06:00:00Z""}"
4972,normalize,date_normalized,"{""event_date"": ""2012-08-03T06:00:00Z""}"
4973,normalize,date_normalized,"{""event_date"": ""2011-06-01T06:00:00Z""}"
4974,normalize,date_normalized,"{""event_date"": ""2018-04-15T06:00:00Z""}"
4975,normalize,date_normalized,"{""event_date"": ""2012-03-13T06:00:00Z""}"
4976,normalize,date_normalized,"{""event_date"": ""2012-08-02T06:00:00Z""}"
4977,normalize,date_normalized,"{""event_date"": ""2012-03-13T06:00:00Z""}"
4978,normalize,date_normalized,"{""event_date"": ""2012-11-23T07:00:00Z""}"
4979,normalize,date_normalized,"{""event_date"": ""2012-08-03T06:00:00Z""}"
4980,normalize,date_normalized,"{""event_date"": ""2012-08-21T06:00:00Z""}"
4981,normalize,date_normalized,"{""event_date"": ""2013-10-16T06:00:00Z""}"
4982,normalize,date_normalized,"{""event_date"": ""2012-08-21T06:00:00Z""}"
4983,normalize,date_normalized,"{""event_date"": ""2010-06-29T06:00:00Z""}"
4984,normalize,date_normalized,"{""event_date"": ""2012-08-21T06:00:00Z""}"
4985,normalize,date_normalized,"{""event_date"": ""2013-10-31T06:00:00Z""}"
4986,normalize,date_normalized,"{""event_date"": ""2012-08-21T06:00:00Z""}"
4987,normalize,date_normalized,"{""event_date"": ""2012-08-03T06:00:00Z""}"
4988,normalize,date_normalized,"{""event_date"": ""2011-12-19T07:00:00Z""}"
4989,normalize,date_normalized,"{""event_date"": ""2012-08-01T06:00:00Z""}"
4990,normalize,date_normalized,"{""event_date"": ""2014-11-03T07:00:00Z""}"
4991,normalize,date_normalized,"{""event_date"": ""2013-07-01T06:00:00Z""}"
4992,normalize,date_normalized,"{""event_date"": ""2012-08-21T06:00:00Z""}"
4993,normalize,date_normalized,"{""event_date"": ""2012-08-03T06:00:00Z""}"
4994,normalize,date_normalized,"{""event_date"": ""2012-03-05T07:00:00Z""}"
4995,normalize,date_normalized,"{""event_date"": ""2012-08-21T06:00:00Z""}"
4996,normalize,date_normalized,"{""event_date"": ""2013-01-31T07:00:00Z""}"
4997,normalize,date_normalized,"{""event_date"": ""2012-08-21T06:00:00Z""}"
4998,normalize,date_normalized,"{""event_date"": ""2014-01-02T07:00:00Z""}"
4999,normalize,date_normalized,"{""event_date"": ""2012-08-21T06:00:00Z""}"
5000,normalize,date_normalized,"{""event_date"": ""2012-08-03T06:00:00Z""}"
5001,normalize,date_normalized,"{""event_date"": ""2013-08-26T06:00:00Z""}"
5002,normalize,date_normalized,"{""event_date"": ""2013-03-07T07:00:00Z""}"
5003,normalize,date_normalized,"{""event_date"": ""2012-08-03T06:00:00Z""}"
5004,normalize,date_normalized,"{""event_date"": ""2015-03-13T06:00:00Z""}"
5005,normalize,date_normalized,"{""event_date"": ""2012-08-01T06:00:00Z""}"
5006,normalize,date_normalized,"{""event_date"": ""2013-08-19T06:00:00Z""}"
5007,normalize,date_normalized,"{""event_date"": ""2012-06-28T06:00:00Z""}"
5008,normalize,date_normalized,"{""event_date"": ""2015-05-21T06:00:00Z""}"
5009,normalize,date_normalized,"{""event_date"": ""2015-06-11T06:00:00Z""}"
5010,normalize,date_normalized,"{""event_date"": ""2015-01-29T07:00:00Z""}"
5011,normalize,date_normalized,"{""event_date"": ""2018-04-15T06:00:00Z""}"
5012,normalize,date_normalized,"{""event_date"": ""2018-04-15T06:00:00Z""}"
5013,normalize,date_normalized,"{""event_date"": ""2015-01-29T07:00:00Z""}"
5014,normalize,date_normalized,"{""event_date"": ""2009-12-12T07:00:00Z""}"
5015,normalize,date_normalized,"{""event_date"": ""2015-03-10T06:00:00Z""}"
5016,normalize,date_normalized,"{""event_date"": ""2018-04-15T06:00:00Z""}"
5017,normalize,date_normalized,"{""event_date"": ""2015-06-24T06:00:00Z""}"
5018,normalize,date_normalized,"{""event_date"": ""2014-06-19T06:00:00Z""}"
5019,normalize,date_normalized,"{""event_date"": ""2013-03-09T07:00:00Z""}"
5020,normalize,date_normalized,"{""event_date"": ""2014-03-24T06:00:00Z""}"
5021,normalize,date_normalized,"{""event_date"": ""2013-08-14T06:00:00Z""}"
5022,normalize,date_normalized,"{""event_date"": ""2018-04-15T06:00:00Z""}"
5023,normalize,date_normalized,"{""event_date"": ""2013-03-09T07:00:00Z""}"
5024,normalize,date_normalized,"{""event_date"": ""2014-01-22T07:00:00Z""}"
5025,normalize,date_normalized,"{""event_date"": ""2012-06-04T06:00:00Z""}"
5026,normalize,date_normalized,"{""event_date"": ""2012-11-23T07:00:00Z""}"
5027,normalize,date_normalized,"{""event_date"": ""2014-08-28T06:00:00Z""}"
5028,normalize,date_normalized,"{""event_date"": ""2018-04-15T06:00:00Z""}"
5029,normalize,date_normalized,"{""event_date"": ""2012-11-23T07:00:00Z""}"
5030,normalize,date_normalized,"{""event_date"": ""2018-04-15T06:00:00Z""}"
5031,normalize,date_normalized,"{""event_date"": ""2015-03-27T06:00:00Z""}"
5032,normalize,date_normalized,"{""event_date"": ""2014-08-28T06:00:00Z""}"
5033,normalize,date_normalized,"{""event_date"": ""2014-01-22T07:00:00Z""}"
5034,normalize,date_normalized,"{""event_date"": ""2014-11-06T07:00:00Z""}"
5035,normalize,date_normalized,"{""event_date"": ""2013-03-09T07:00:00Z""}"
5036,normalize,date_normalized,"{""event_date"": ""2011-06-13T06:00:00Z""}"
5037,normalize,date_normalized,"{""event_date"": ""2014-03-24T06:00:00Z""}"
5038,normalize,date_normalized,"{""event_date"": ""2014-03-19T06:00:00Z""}"
5039,normalize,date_normalized,"{""event_date"": ""2014-09-22T06:00:00Z""}"
5040,normalize,date_normalized,"{""event_date"": ""2012-11-23T07:00:00Z""}"
5041,normalize,date_normalized,"{""event_date"": ""2014-03-24T06:00:00Z""}"
5042,normalize,date_normalized,"{""event_date"": ""2012-11-23T07:00:00Z""}"
5043,normalize,date_normalized,"{""event_date"": ""2014-10-16T06:00:00Z""}"
5044,normalize,date_normalized,"{""event_date"": ""2015-02-16T07:00:00Z""}"
5045,normalize,date_normalized,"{""event_date"": ""2014-09-22T06:00:00Z""}"
5046,normalize,date_normalized,"{""event_date"": ""2014-07-30T06:00:00Z""}"
5047,normalize,date_normalized,"{""event_date"": ""2010-01-27T07:00:00Z""}"
5048,normalize,date_normalized,"{""event_date"": ""2014-06-19T06:00:00Z""}"
5049,normalize,date_normalized,"{""event_date"": ""2014-12-04T07:00:00Z""}"
5050,normalize,date_normalized,"{""event_date"": ""2014-11-06T07:00:00Z""}"
5051,normalize,date_normalized,"{""event_date"": ""2012-11-23T07:00:00Z""}"
5052,normalize,date_normalized,"{""event_date"": ""2014-07-28T06:00:00Z""}"
5053,normalize,date_normalized,"{""event_date"": ""2013-08-14T06:00:00Z""}"
5054,normalize,date_normalized,"{""event_date"": ""2018-04-15T06:00:00Z""}"
5055,normalize,date_normalized,"{""event_date"": ""2012-11-23T07:00:00Z""}"
5056,normalize,date_normalized,"{""event_date"": ""2012-11-23T07:00:00Z""}"
5057,normalize,date_normalized,"{""event_date"": ""2014-06-19T06:00:00Z""}"
5058,normalize,date_normalized,"{""event_date"": ""2010-11-18T07:00:00Z""}"
5059,normalize,date_normalized,"{""event_date"": ""2014-03-24T06:00:00Z""}"
5060,normalize,date_normalized,"{""event_date"": ""2013-03-09T07:00:00Z""}"
5061,normalize,date_normalized,"{""event_date"": ""2012-06-29T06:00:00Z""}"
5062,normalize,date_normalized,"{""event_date"": ""2014-07-28T06:00:00Z""}"
5063,normalize,date_normalized,"{""event_date"": ""2013-03-09T07:00:00Z""}"
5064,normalize,date_normalized,"{""event_date"": ""2015-03-27T06:00:00Z""}"
5065,normalize,date_normalized,"{""event_date"": ""2014-11-06T07:00:00Z""}"
5066,normalize,date_normalized,"{""event_date"": ""2013-08-14T06:00:00Z""}"
5067,normalize,date_normalized,"{""event_date"": ""2012-11-23T07:00:00Z""}"
5068,normalize,date_normalized,"{""event_date"": ""2012-07-17T06:00:00Z""}"
5069,normalize,date_normalized,"{""event_date"": ""2018-04-13T06:00:00Z""}"
5070,normalize,date_normalized,"{""event_date"": ""2009-02-12T07:00:00Z""}"
5071,normalize,date_normalized,"{""event_date"": ""2012-06-29T06:00:00Z""}"
5072,normalize,date_normalized,"{""event_date"": ""2014-11-06T07:00:00Z""}"
5073,normalize,date_normalized,"{""event_date"": ""2014-12-04T07:00:00Z""}"
5074,normalize,date_normalized,"{""event_date"": ""2012-07-26T06:00:00Z""}"
5075,normalize,date_normalized,"{""event_date"": ""2012-11-23T07:00:00Z""}"
5076,normalize,date_normalized,"{""event_date"": ""2014-11-06T07:00:00Z""}"
5077,normalize,date_normalized,"{""event_date"": ""2013-08-14T06:00:00Z""}"
5078,normalize,date_normalized,"{""event_date"": ""2015-06-16T06:00:00Z""}"
5079,normalize,date_normalized,"{""event_date"": ""2013-11-28T07:00:00Z""}"
5080,normalize,date_normalized,"{""event_date"": ""2014-06-11T06:00:00Z""}"
5081,normalize,date_normalized,"{""event_date"": ""2013-08-13T06:00:00Z""}"
5082,normalize,date_normalized,"{""event_date"": ""2014-06-10T06:00:00Z""}"
5083,normalize,date_normalized,"{""event_date"": ""2012-12-14T07:00:00Z""}"
5084,normalize,date_normalized,"{""event_date"": ""2013-10-23T06:00:00Z""}"
5085,normalize,date_normalized,"{""event_date"": ""2013-11-05T07:00:00Z""}"
5086,normalize,date_normalized,"{""event_date"": ""2014-02-23T07:00:00Z""}"
5087,normalize,date_normalized,"{""event_date"": ""2013-10-23T06:00:00Z""}"
5088,normalize,date_normalized,"{""event_date"": ""2013-08-13T06:00:00Z""}"
5089,normalize,date_normalized,"{""event_date"": ""2012-11-22T07:00:00Z""}"
5090,normalize,date_normalized,"{""event_date"": ""2013-10-23T06:00:00Z""}"
5091,normalize,date_normalized,"{""event_date"": ""2011-10-12T06:00:00Z""}"
5092,normalize,date_normalized,"{""event_date"": ""2013-12-26T07:00:00Z""}"
5093,normalize,date_normalized,"{""event_date"": ""2013-12-23T07:00:00Z""}"
5094,normalize,date_normalized,"{""event_date"": ""2013-10-23T06:00:00Z""}"
5095,normalize,date_normalized,"{""event_date"": ""2014-01-01T07:00:00Z""}"
5096,normalize,date_normalized,"{""event_date"": ""2013-12-25T07:00:00Z""}"
5097,normalize,date_normalized,"{""event_date"": ""2013-08-13T06:00:00Z""}"
5098,normalize,date_normalized,"{""event_date"": ""2013-06-29T06:00:00Z""}"
5099,normalize,date_normalized,"{""event_date"": ""2012-12-12T07:00:00Z""}"
5100,normalize,date_normalized,"{""event_date"": ""2013-10-23T06:00:00Z""}"
5101,normalize,date_normalized,"{""event_date"": ""2014-03-17T06:00:00Z""}"
5102,normalize,date_normalized,"{""event_date"": ""2010-03-05T07:00:00Z""}"
5103,normalize,date_normalized,"{""event_date"": ""2014-01-10T07:00:00Z""}"
5104,normalize,date_normalized,"{""event_date"": ""2013-12-26T07:00:00Z""}"
5105,normalize,date_normalized,"{""event_date"": ""2013-10-23T06:00:00Z""}"
5106,normalize,date_normalized,"{""event_date"": ""2014-02-22T07:00:00Z""}"
5107,normalize,date_normalized,"{""event_date"": ""2013-12-26T07:00:00Z""}"
5108,normalize,date_normalized,"{""event_date"": ""2014-01-03T07:00:00Z""}"
5109,normalize,date_normalized,"{""event_date"": ""2014-02-23T07:00:00Z""}"
5110,normalize,date_normalized,"{""event_date"": ""2012-11-22T07:00:00Z""}"
5111,normalize,date_normalized,"{""event_date"": ""2013-12-26T07:00:00Z""}"
5112,normalize,date_normalized,"{""event_date"": ""2013-11-05T07:00:00Z""}"
5113,normalize,date_normalized,"{""event_date"": ""2011-06-20T06:00:00Z""}"
5114,normalize,date_normalized,"{""event_date"": ""2013-05-15T06:00:00Z""}"
5115,normalize,date_normalized,"{""event_date"": ""2014-02-23T07:00:00Z""}"
5116,normalize,date_normalized,"{""event_date"": ""2013-05-14T06:00:00Z""}"
5117,normalize,date_normalized,"{""event_date"": ""2015-03-31T06:00:00Z""}"
5118,normalize,date_normalized,"{""event_date"": ""2010-11-20T07:00:00Z""}"
5119,normalize,date_normalized,"{""event_date"": ""2013-02-04T07:00:00Z""}"
5120,normalize,date_normalized,"{""event_date"": ""2009-07-13T06:00:00Z""}"
5121,normalize,date_normalized,"{""event_date"": ""2013-02-08T07:00:00Z""}"
5122,normalize,date_normalized,"{""event_date"": ""2011-11-11T07:00:00Z""}"
5123,normalize,date_normalized,"{""event_date"": ""2013-02-08T07:00:00Z""}"
5124,normalize,date_normalized,"{""event_date"": ""2009-12-12T07:00:00Z""}"
5125,normalize,date_normalized,"{""event_date"": ""2013-02-04T07:00:00Z""}"
5126,normalize,date_normalized,"{""event_date"": ""2012-03-12T06:00:00Z""}"
5127,normalize,date_normalized,"{""event_date"": ""2013-02-08T07:00:00Z""}"
5128,normalize,date_normalized,"{""event_date"": ""2012-11-15T07:00:00Z""}"
5129,normalize,date_normalized,"{""event_date"": ""2013-02-04T07:00:00Z""}"
5130,normalize,date_normalized,"{""event_date"": ""2013-01-15T07:00:00Z""}"
5131,normalize,date_normalized,"{""event_date"": ""2013-02-04T07:00:00Z""}"
5132,normalize,date_normalized,"{""event_date"": ""2013-02-04T07:00:00Z""}"
5133,normalize,date_normalized,"{""event_date"": ""2013-02-08T07:00:00Z""}"
5134,normalize,date_normalized,"{""event_date"": ""2011-10-11T06:00:00Z""}"
5135,normalize,date_normalized,"{""event_date"": ""2010-12-22T07:00:00Z""}"
5136,normalize,date_normalized,"{""event_date"": ""2013-05-31T06:00:00Z""}"
5137,normalize,date_normalized,"{""event_date"": ""2013-05-14T06:00:00Z""}"
5138,normalize,date_normalized,"{""event_date"": ""2013-02-04T07:00:00Z""}"
5139,normalize,date_normalized,"{""event_date"": ""2013-02-04T07:00:00Z""}"
5140,normalize,date_normalized,"{""event_date"": ""2013-02-08T07:00:00Z""}"
5141,normalize,date_normalized,"{""event_date"": ""2013-02-04T07:00:00Z""}"
5142,normalize,date_normalized,"{""event_date"": ""2011-10-26T06:00:00Z""}"
5143,normalize,date_normalized,"{""event_date"": ""2009-02-13T07:00:00Z""}"
5144,normalize,date_normalized,"{""event_date"": ""2012-04-23T06:00:00Z""}"
5145,normalize,date_normalized,"{""event_date"": ""2013-02-08T07:00:00Z""}"
5146,normalize,date_normalized,"{""event_date"": ""2013-02-08T07:00:00Z""}"
5147,normalize,date_normalized,"{""event_date"": ""2013-01-03T07:00:00Z""}"
5148,normalize,date_normalized,"{""event_date"": ""2010-09-16T06:00:00Z""}"
5149,normalize,date_normalized,"{""event_date"": ""2013-02-04T07:00:00Z""}"
5150,normalize,date_normalized,"{""event_date"": ""2013-11-12T07:00:00Z""}"
5151,normalize,date_normalized,"{""event_date"": ""2013-02-08T07:00:00Z""}"
5152,normalize,date_normalized,"{""event_date"": ""2013-02-08T07:00:00Z""}"
5153,normalize,date_normalized,"{""event_date"": ""2010-06-08T06:00:00Z""}"
5154,normalize,date_normalized,"{""event_date"": ""2011-11-28T07:00:00Z""}"
5155,normalize,date_normalized,"{""event_date"": ""2009-02-13T07:00:00Z""}"
5156,normalize,date_normalized,"{""event_date"": ""2011-06-24T06:00:00Z""}"
5157,normalize,date_normalized,"{""event_date"": ""2009-01-28T07:00:00Z""}"
5158,normalize,date_normalized,"{""event_date"": ""2013-02-04T07:00:00Z""}"
5159,normalize,date_normalized,"{""event_date"": ""2009-10-02T06:00:00Z""}"
5160,normalize,date_normalized,"{""event_date"": ""2013-02-04T07:00:00Z""}"
5161,normalize,date_normalized,"{""event_date"": ""2009-06-22T06:00:00Z""}"
5162,normalize,date_normalized,"{""event_date"": ""2018-04-15T06:00:00Z""}"
5163,normalize,date_normalized,"{""event_date"": ""2013-02-08T07:00:00Z""}"
5164,normalize,date_normalized,"{""event_date"": ""2010-12-22T07:00:00Z""}"
5165,normalize,date_normalized,"{""event_date"": ""2011-06-24T06:00:00Z""}"
5166,normalize,date_normalized,"{""event_date"": ""2011-10-26T06:00:00Z""}"
5167,normalize,date_normalized,"{""event_date"": ""2013-02-04T07:00:00Z""}"
5168,normalize,date_normalized,"{""event_date"": ""2012-12-26T07:00:00Z""}"
5169,normalize,date_normalized,"{""event_date"": ""2009-11-04T07:00:00Z""}"
5170,normalize,date_normalized,"{""event_date"": ""2013-02-04T07:00:00Z""}"
5171,normalize,date_normalized,"{""event_date"": ""2013-02-08T07:00:00Z""}"
5172,normalize,date_normalized,"{""event_date"": ""2013-02-04T07:00:00Z""}"
5173,normalize,date_normalized,"{""event_date"": ""2008-05-31T06:00:00Z""}"
5174,normalize,date_normalized,"{""event_date"": ""2009-02-13T07:00:00Z""}"
5175,normalize,date_normalized,"{""event_date"": ""2018-04-13T06:00:00Z""}"
5176,normalize,date_normalized,"{""event_date"": ""2010-11-19T07:00:00Z""}"
5177,normalize,date_normalized,"{""event_date"": ""2018-04-15T06:00:00Z""}"
5178,normalize,date_normalized,"{""event_date"": ""2013-10-15T06:00:00Z""}"
5179,normalize,date_normalized,"{""event_date"": ""2011-06-24T06:00:00Z""}"
5180,normalize,date_normalized,"{""event_date"": ""2013-02-08T07:00:00Z""}"
5181,normalize,date_normalized,"{""event_date"": ""2013-02-04T07:00:00Z""}"
5182,normalize,date_normalized,"{""event_date"": ""2013-02-08T07:00:00Z""}"
5183,normalize,date_normalized,"{""event_date"": ""2013-02-04T07:00:00Z""}"
5184,normalize,date_normalized,"{""event_date"": ""2013-02-04T07:00:00Z""}"
5185,normalize,date_normalized,"{""event_date"": ""2013-02-08T07:00:00Z""}"
5186,normalize,date_normalized,"{""event_date"": ""2012-04-13T06:00:00Z""}"
5187,normalize,date_normalized,"{""event_date"": ""2018-04-13T06:00:00Z""}"
5188,normalize,date_normalized,"{""event_date"": ""2009-09-23T06:00:00Z""}"
5189,normalize,date_normalized,"{""event_date"": ""2018-04-15T06:00:00Z""}"
5190,normalize,date_normalized,"{""event_date"": ""2012-01-13T07:00:00Z""}"
5191,normalize,date_normalized,"{""event_date"": ""2013-02-04T07:00:00Z""}"
5192,normalize,date_normalized,"{""event_date"": ""2014-04-07T06:00:00Z""}"
5193,normalize,date_normalized,"{""event_date"": ""2013-02-04T07:00:00Z""}"
5194,normalize,date_normalized,"{""event_date"": ""2009-06-22T06:00:00Z""}"
5195,normalize,date_normalized,"{""event_date"": ""2013-02-08T07:00:00Z""}"
5196,normalize,date_normalized,"{""event_date"": ""2013-02-04T07:00:00Z""}"
5197,normalize,date_normalized,"{""event_date"": ""2010-11-19T07:00:00Z""}"
5198,normalize,date_normalized,"{""event_date"": ""2013-07-25T06:00:00Z""}"
5199,normalize,date_normalized,"{""event_date"": ""2009-12-07T07:00:00Z""}"
5200,normalize,date_normalized,"{""event_date"": ""2013-02-04T07:00:00Z""}"
5201,normalize,date_normalized,"{""event_date"": ""2014-08-12T06:00:00Z""}"
5202,normalize,date_normalized,"{""event_date"": ""2015-01-22T07:00:00Z""}"
5203,normalize,date_normalized,"{""event_date"": ""2014-04-21T06:00:00Z""}"
5204,normalize,date_normalized,"{""event_date"": ""2014-04-20T06:00:00Z""}"
5205,normalize,date_normalized,"{""event_date"": ""2014-05-06T06:00:00Z""}"
5206,normalize,date_normalized,"{""event_date"": ""2015-07-20T06:00:00Z""}"
5207,normalize,date_normalized,"{""event_date"": ""2014-01-07T07:00:00Z""}"
5208,normalize,date_normalized,"{""event_date"": ""2010-04-12T06:00:00Z""}"
5209,normalize,date_normalized,"{""event_date"": ""2012-09-28T06:00:00Z""}"
5210,normalize,date_normalized,"{""event_date"": ""2013-04-12T06:00:00Z""}"
5211,normalize,date_normalized,"{""event_date"": ""2015-07-08T06:00:00Z""}"
5212,normalize,date_normalized,"{""event_date"": ""2018-04-15T06:00:00Z""}"
5213,normalize,date_normalized,"{""event_date"": ""2014-08-22T06:00:00Z""}"
5214,normalize,date_normalized,"{""event_date"": ""2015-06-22T06:00:00Z""}"
5215,normalize,date_normalized,"{""event_date"": ""2012-10-12T06:00:00Z""}"
5216,normalize,date_normalized,"{""event_date"": ""2013-05-27T06:00:00Z""}"
5217,normalize,date_normalized,"{""event_date"": ""2014-11-21T07:00:00Z""}"
5218,normalize,date_normalized,"{""event_date"": ""2013-05-27T06:00:00Z""}"
5219,normalize,date_normalized,"{""event_date"": ""2010-12-08T07:00:00Z""}"
5220,normalize,date_normalized,"{""event_date"": ""2013-12-18T07:00:00Z""}"
5221,normalize,date_normalized,"{""event_date"": ""2013-05-27T06:00:00Z""}"
5222,normalize,date_normalized,"{""event_date"": ""2014-11-21T07:00:00Z""}"
5223,normalize,date_normalized,"{""event_date"": ""2014-07-25T06:00:00Z""}"
5224,normalize,date_normalized,"{""event_date"": ""2012-07-30T06:00:00Z""}"
5225,normalize,date_normalized,"{""event_date"": ""2014-09-29T06:00:00Z""}"
5226,normalize,date_normalized,"{""event_date"": ""2012-10-12T06:00:00Z""}"
5227,normalize,date_normalized,"{""event_date"": ""2014-07-25T06:00:00Z""}"
5228,normalize,date_normalized,"{""event_date"": ""2014-04-18T06:00:00Z""}"
5229,normalize,date_normalized,"{""event_date"": ""2013-02-25T07:00:00Z""}"
5230,normalize,date_normalized,"{""event_date"": ""2010-06-29T06:00:00Z""}"
5231,normalize,date_normalized,"{""event_date"": ""2014-03-04T07:00:00Z""}"
5232,normalize,date_normalized,"{""event_date"": ""2012-11-23T07:00:00Z""}"
5233,normalize,date_normalized,"{""event_date"": ""2012-11-23T07:00:00Z""}"
5234,normalize,date_normalized,"{""event_date"": ""2014-07-18T06:00:00Z""}"
5235,normalize,date_normalized,"{""event_date"": ""2015-01-02T07:00:00Z""}"
5236,normalize,date_normalized,"{""event_date"": ""2014-09-16T06:00:00Z""}"
5237,normalize,date_normalized,"{""event_date"": ""2015-01-24T07:00:00Z""}"
5238,normalize,date_normalized,"{""event_date"": ""2012-10-12T06:00:00Z""}"
5239,normalize,date_normalized,"{""event_date"": ""2014-05-23T06:00:00Z""}"
5240,normalize,date_normalized,"{""event_date"": ""2015-01-24T07:00:00Z""}"
5241,normalize,date_normalized,"{""event_date"": ""2014-11-04T07:00:00Z""}"
5242,normalize,date_normalized,"{""event_date"": ""2014-05-23T06:00:00Z""}"
5243,normalize,date_normalized,"{""event_date"": ""2012-07-30T06:00:00Z""}"
5244,normalize,date_normalized,"{""event_date"": ""2014-11-04T07:00:00Z""}"
5245,normalize,date_normalized,"{""event_date"": ""2013-05-27T06:00:00Z""}"
5246,normalize,date_normalized,"{""event_date"": ""2015-03-04T07:00:00Z""}"
5247,normalize,date_normalized,"{""event_date"": ""2012-10-12T06:00:00Z""}"
5248,normalize,date_normalized,"{""event_date"": ""2015-05-14T06:00:00Z""}"
5249,normalize,date_normalized,"{""event_date"": ""2011-10-27T06:00:00Z""}"
5250,normalize,date_normalized,"{""event_date"": ""2018-04-15T06:00:00Z""}"
5251,normalize,date_normalized,"{""event_date"": ""2013-11-20T07:00:00Z""}"
5252,normalize,date_normalized,"{""event_date"": ""2011-03-02T07:00:00Z""}"
5253,normalize,date_normalized,"{""event_date"": ""2016-01-07T07:00:00Z""}"
5254,normalize,date_normalized,"{""event_date"": ""2018-04-15T06:00:00Z""}"
5255,normalize,date_normalized,"{""event_date"": ""2018-04-15T06:00:00Z""}"
5256,normalize,date_normalized,"{""event_date"": ""2018-04-15T06:00:00Z""}"
5257,normalize,date_normalized,"{""event_date"": ""2018-04-15T06:00:00Z""}"
5258,normalize,date_normalized,"{""event_date"": ""2014-10-22T06:00:00Z""}"
5259,normalize,date_normalized,"{""event_date"": ""2011-02-25T07:00:00Z""}"
5260,normalize,date_normalized,"{""event_date"": ""2015-12-25T07:00:00Z""}"
5261,normalize,date_normalized,"{""event_date"": ""2015-04-27T06:00:00Z""}"
5262,normalize,date_normalized,"{""event_date"": ""2013-11-20T07:00:00Z""}"
5263,normalize,date_normalized,"{""event_date"": ""2015-03-18T06:00:00Z""}"
5264,normalize,date_normalized,"{""event_date"": ""2015-03-18T06:00:00Z""}"
5265,normalize,date_normalized,"{""event_date"": ""2012-12-18T07:00:00Z""}"
5266,normalize,date_normalized,"{""event_date"": ""2013-11-20T07:00:00Z""}"
5267,normalize,date_normalized,"{""event_date"": ""2018-04-15T06:00:00Z""}"
5268,normalize,date_normalized,"{""event_date"": ""2015-03-18T06:00:00Z""}"
5269,normalize,date_normalized,"{""event_date"": ""2013-11-20T07:00:00Z""}"
5270,normalize,date_normalized,"{""event_date"": ""2018-04-15T06:00:00Z""}"
5271,normalize,date_normalized,"{""event_date"": ""2018-04-15T06:00:00Z""}"
5272,normalize,date_normalized,"{""event_date"": ""2013-12-03T07:00:00Z""}"
5273,normalize,date_normalized,"{""event_date"": ""2010-03-31T06:00:00Z""}"
5274,normalize,date_normalized,"{""event_date"": ""2013-11-20T07:00:00Z""}"
5275,normalize,date_normalized,"{""event_date"": ""2015-03-24T06:00:00Z""}"
5276,normalize,date_normalized,"{""event_date"": ""2018-04-15T06:00:00Z""}"
5277,normalize,date_normalized,"{""event_date"": ""2016-01-06T07:00:00Z""}"
5278,normalize,date_normalized,"{""event_date"": ""2018-04-15T06:00:00Z""}"
5279,normalize,date_normalized,"{""event_date"": ""2015-01-05T07:00:00Z""}"
5280,normalize,date_normalized,"{""event_date"": ""2018-04-13T06:00:00Z""}"
5281,normalize,date_normalized,"{""event_date"": ""2009-03-10T06:00:00Z""}"
5282,normalize,date_normalized,"{""event_date"": ""2015-10-16T06:00:00Z""}"
5283,normalize,date_normalized,"{""event_date"": ""2018-04-15T06:00:00Z""}"
5284,normalize,date_normalized,"{""event_date"": ""2015-11-18T07:00:00Z""}"
5285,normalize,date_normalized,"{""event_date"": ""2013-06-03T06:00:00Z""}"
5286,normalize,date_normalized,"{""event_date"": ""2016-01-07T07:00:00Z""}"
5287,normalize,date_normalized,"{""event_date"": ""2012-12-04T07:00:00Z""}"
5288,normalize,date_normalized,"{""event_date"": ""2009-02-02T07:00:00Z""}"
5289,normalize,date_normalized,"{""event_date"": ""2013-11-20T07:00:00Z""}"
5290,normalize,date_normalized,"{""event_date"": ""2018-04-15T06:00:00Z""}"
5291,normalize,date_normalized,"{""event_date"": ""2018-04-15T06:00:00Z""}"
5292,normalize,date_normalized,"{""event_date"": ""2010-06-21T06:00:00Z""}"
5293,normalize,date_normalized,"{""event_date"": ""2018-04-15T06:00:00Z""}"
5294,normalize,date_normalized,"{""event_date"": ""2009-08-16T06:00:00Z""}"
5295,normalize,date_normalized,"{""event_date"": ""2018-04-15T06:00:00Z""}"
5296,normalize,date_normalized,"{""event_date"": ""2018-04-15T06:00:00Z""}"
5297,normalize,date_normalized,"{""event_date"": ""2018-04-15T06:00:00Z""}"
5298,normalize,date_normalized,"{""event_date"": ""2011-05-01T06:00:00Z""}"
5299,normalize,date_normalized,"{""event_date"": ""2013-11-20T07:00:00Z""}"
5300,normalize,date_normalized,"{""event_date"": ""2015-01-04T07:00:00Z""}"
5301,normalize,date_normalized,"{""event_date"": ""2018-04-15T06:00:00Z""}"
5302,normalize,date_normalized,"{""event_date"": ""2011-04-21T06:00:00Z""}"
5303,normalize,date_normalized,"{""event_date"": ""2013-11-20T07:00:00Z""}"
5304,normalize,date_normalized,"{""event_date"": ""2014-11-12T07:00:00Z""}"
5305,normalize,date_normalized,"{""event_date"": ""2015-09-22T06:00:00Z""}"
5306,normalize,date_normalized,"{""event_date"": ""2016-04-13T06:00:00Z""}"
5307,normalize,date_normalized,"{""event_date"": ""2018-04-15T06:00:00Z""}"
5308,normalize,date_normalized,"{""event_date"": ""2018-04-15T06:00:00Z""}"
5309,normalize,date_normalized,"{""event_date"": ""2018-04-15T06:00:00Z""}"
5310,normalize,date_normalized,"{""event_date"": ""2018-04-15T06:00:00Z""}"
5311,normalize,date_normalized,"{""event_date"": ""2015-09-22T06:00:00Z""}"
5312,normalize,date_normalized,"{""event_date"": ""2015-08-05T06:00:00Z""}"
5313,normalize,date_normalized,"{""event_date"": ""2010-05-07T06:00:00Z""}"
5314,normalize,date_normalized,"{""event_date"": ""2015-08-05T06:00:00Z""}"
5315,normalize,date_normalized,"{""event_date"": ""2018-04-15T06:00:00Z""}"
5316,normalize,date_normalized,"{""event_date"": ""2014-10-14T06:00:00Z""}"
5317,normalize,date_normalized,"{""event_date"": ""2012-05-02T06:00:00Z""}"
5318,normalize,date_normalized,"{""event_date"": ""2014-03-11T06:00:00Z""}"
5319,normalize,date_normalized,"{""event_date"": ""2018-04-15T06:00:00Z""}"
5320,normalize,date_normalized,"{""event_date"": ""2018-04-15T06:00:00Z""}"
5321,normalize,date_normalized,"{""event_date"": ""2008-06-12T06:00:00Z""}"
5322,normalize,date_normalized,"{""event_date"": ""2012-12-18T07:00:00Z""}"
5323,normalize,date_normalized,"{""event_date"": ""2013-03-08T07:00:00Z""}"
5324,normalize,date_normalized,"{""event_date"": ""2010-03-25T06:00:00Z""}"
5325,normalize,date_normalized,"{""event_date"": ""2016-01-11T07:00:00Z""}"
5326,normalize,date_normalized,"{""event_date"": ""2009-07-15T06:00:00Z""}"
5327,normalize,date_normalized,"{""event_date"": ""2012-01-22T07:00:00Z""}"
5328,normalize,date_normalized,"{""event_date"": ""2010-03-27T06:00:00Z""}"
5329,normalize,date_normalized,"{""event_date"": ""2015-06-18T06:00:00Z""}"
5330,normalize,date_normalized,"{""event_date"": ""2014-06-10T06:00:00Z""}"
5331,normalize,date_normalized,"{""event_date"": ""2015-06-18T06:00:00Z""}"
5332,normalize,date_normalized,"{""event_date"": ""2009-07-15T06:00:00Z""}"
5333,normalize,date_normalized,"{""event_date"": ""2015-08-27T06:00:00Z""}"
5334,normalize,date_normalized,"{""event_date"": ""2011-06-15T06:00:00Z""}"
5335,normalize,date_normalized,"{""event_date"": ""2015-06-18T06:00:00Z""}"
5336,normalize,date_normalized,"{""event_date"": ""2012-01-22T07:00:00Z""}"
5337,normalize,date_normalized,"{""event_date"": ""2010-03-27T06:00:00Z""}"
5338,normalize,date_normalized,"{""event_date"": ""2015-07-01T06:00:00Z""}"
5339,normalize,date_normalized,"{""event_date"": ""2015-06-18T06:00:00Z""}"
5340,normalize,date_normalized,"{""event_date"": ""2012-01-22T07:00:00Z""}"
5341,normalize,date_normalized,"{""event_date"": ""2015-08-27T06:00:00Z""}"
5342,normalize,date_normalized,"{""event_date"": ""2015-11-25T07:00:00Z""}"
5343,normalize,date_normalized,"{""event_date"": ""2015-06-18T06:00:00Z""}"
5344,normalize,date_normalized,"{""event_date"": ""2009-07-15T06:00:00Z""}"
5345,normalize,date_normalized,"{""event_date"": ""2010-06-21T06:00:00Z""}"
5346,normalize,date_normalized,"{""event_date"": ""2010-03-27T06:00:00Z""}"
5347,normalize,date_normalized,"{""event_date"": ""2012-01-22T07:00:00Z""}"
5348,normalize,date_normalized,"{""event_date"": ""2015-08-27T06:00:00Z""}"
5349,normalize,date_normalized,"{""event_date"": ""2012-01-22T07:00:00Z""}"
5350,normalize,date_normalized,"{""event_date"": ""2012-01-22T07:00:00Z""}"
5351,normalize,date_normalized,"{""event_date"": ""2015-07-02T06:00:00Z""}"
5352,normalize,date_normalized,"{""event_date"": ""2015-07-01T06:00:00Z""}"
5353,normalize,date_normalized,"{""event_date"": ""2009-07-15T06:00:00Z""}"
5354,normalize,date_normalized,"{""event_date"": ""2015-06-18T06:00:00Z""}"
5355,normalize,date_normalized,"{""event_date"": ""2009-07-15T06:00:00Z""}"
5356,normalize,date_normalized,"{""event_date"": ""2009-07-22T06:00:00Z""}"
5357,normalize,date_normalized,"{""event_date"": ""2015-07-01T06:00:00Z""}"
5358,normalize,date_normalized,"{""event_date"": ""2015-06-18T06:00:00Z""}"
5359,normalize,date_normalized,"{""event_date"": ""2015-08-27T06:00:00Z""}"
5360,normalize,date_normalized,"{""event_date"": ""2012-01-22T07:00:00Z""}"
5361,normalize,date_normalized,"{""event_date"": ""2010-03-27T06:00:00Z""}"
5362,normalize,date_normalized,"{""event_date"": ""2009-07-15T06:00:00Z""}"
5363,normalize,date_normalized,"{""event_date"": ""2009-07-15T06:00:00Z""}"
5364,normalize,date_normalized,"{""event_date"": ""2015-08-27T06:00:00Z""}"
5365,normalize,date_normalized,"{""event_date"": ""2010-06-12T06:00:00Z""}"
5366,normalize,date_normalized,"{""event_date"": ""2009-07-15T06:00:00Z""}"
5367,normalize,date_normalized,"{""event_date"": ""2009-07-15T06:00:00Z""}"
5368,normalize,date_normalized,"{""event_date"": ""2009-07-15T06:00:00Z""}"
5369,normalize,date_normalized,"{""event_date"": ""2015-08-27T06:00:00Z""}"
5370,normalize,date_normalized,"{""event_date"": ""2015-07-01T06:00:00Z""}"
5371,normalize,date_normalized,"{""event_date"": ""2009-07-15T06:00:00Z""}"
5372,normalize,date_normalized,"{""event_date"": ""2014-06-10T06:00:00Z""}"
5373,normalize,date_normalized,"{""event_date"": ""2015-04-09T06:00:00Z""}"
5374,normalize,date_normalized,"{""event_date"": ""2010-06-21T06:00:00Z""}"
5375,normalize,date_normalized,"{""event_date"": ""2010-03-27T06:00:00Z""}"
5376,normalize,date_normalized,"{""event_date"": ""2016-04-06T06:00:00Z""}"
5377,normalize,date_normalized,"{""event_date"": ""2014-06-10T06:00:00Z""}"
5378,normalize,date_normalized,"{""event_date"": ""2012-01-22T07:00:00Z""}"
5379,normalize,date_normalized,"{""event_date"": ""2015-07-01T06:00:00Z""}"
5380,normalize,date_normalized,"{""event_date"": ""2012-01-22T07:00:00Z""}"
5381,normalize,date_normalized,"{""event_date"": ""2015-07-01T06:00:00Z""}"
5382,normalize,date_normalized,"{""event_date"": ""2012-01-22T07:00:00Z""}"
5383,normalize,date_normalized,"{""event_date"": ""2012-01-22T07:00:00Z""}"
5384,normalize,date_normalized,"{""event_date"": ""2015-08-27T06:00:00Z""}"
5385,normalize,date_normalized,"{""event_date"": ""2008-01-02T07:00:00Z""}"
5386,normalize,date_normalized,"{""event_date"": ""2008-05-04T06:00:00Z""}"
5387,normalize,date_normalized,"{""event_date"": ""2014-06-10T06:00:00Z""}"
5388,normalize,date_normalized,"{""event_date"": ""2009-07-15T06:00:00Z""}"
5389,normalize,date_normalized,"{""event_date"": ""2009-07-15T06:00:00Z""}"
5390,normalize,date_normalized,"{""event_date"": ""2009-07-15T06:00:00Z""}"
5391,normalize,date_normalized,"{""event_date"": ""2015-08-27T06:00:00Z""}"
5392,normalize,date_normalized,"{""event_date"": ""2015-07-01T06:00:00Z""}"
5393,normalize,date_normalized,"{""event_date"": ""2015-06-16T06:00:00Z""}"
5394,normalize,date_normalized,"{""event_date"": ""2015-06-18T06:00:00Z""}"
5395,normalize,date_normalized,"{""event_date"": ""2010-03-27T06:00:00Z""}"
5396,normalize,date_normalized,"{""event_date"": ""2015-06-18T06:00:00Z""}"
5397,normalize,date_normalized,"{""event_date"": ""2010-02-02T07:00:00Z""}"
5398,normalize,date_normalized,"{""event_date"": ""2015-08-27T06:00:00Z""}"
5399,normalize,date_normalized,"{""event_date"": ""2015-11-24T07:00:00Z""}"
5400,normalize,date_normalized,"{""event_date"": ""2014-06-10T06:00:00Z""}"
5401,normalize,date_normalized,"{""event_date"": ""2009-07-15T06:00:00Z""}"
5402,normalize,date_normalized,"{""event_date"": ""2012-01-22T07:00:00Z""}"
5403,normalize,date_normalized,"{""event_date"": ""2009-07-15T06:00:00Z""}"
5404,normalize,date_normalized,"{""event_date"": ""2015-07-01T06:00:00Z""}"
5405,normalize,date_normalized,"{""event_date"": ""2015-08-27T06:00:00Z""}"
5406,normalize,date_normalized,"{""event_date"": ""2015-08-27T06:00:00Z""}"
5407,normalize,date_normalized,"{""event_date"": ""2012-01-22T07:00:00Z""}"
5408,normalize,date_normalized,"{""event_date"": ""2008-03-29T06:00:00Z""}"
5409,normalize,date_normalized,"{""event_date"": ""2009-07-15T06:00:00Z""}"
5410,normalize,date_normalized,"{""event_date"": ""2010-03-27T06:00:00Z""}"
5411,normalize,date_normalized,"{""event_date"": ""2009-07-15T06:00:00Z""}"
5412,normalize,date_normalized,"{""event_date"": ""2015-04-09T06:00:00Z""}"
5413,normalize,date_normalized,"{""event_date"": ""2009-07-15T06:00:00Z""}"
5414,normalize,date_normalized,"{""event_date"": ""2012-01-22T07:00:00Z""}"
5415,normalize,date_normalized,"{""event_date"": ""2014-11-23T07:00:00Z""}"
5416,normalize,date_normalized,"{""event_date"": ""2012-01-22T07:00:00Z""}"
5417,normalize,date_normalized,"{""event_date"": ""2009-03-27T06:00:00Z""}"
5418,normalize,date_normalized,"{""event_date"": ""2014-11-23T07:00:00Z""}"
5419,normalize,date_normalized,"{""event_date"": ""2014-06-10T06:00:00Z""}"
5420,normalize,date_normalized,"{""event_date"": ""2015-08-27T06:00:00Z""}"
5421,normalize,date_normalized,"{""event_date"": ""2009-07-15T06:00:00Z""}"
5422,normalize,date_normalized,"{""event_date"": ""2009-07-15T06:00:00Z""}"
5423,normalize,date_normalized,"{""event_date"": ""2015-04-15T06:00:00Z""}"
5424,normalize,date_normalized,"{""event_date"": ""2015-06-17T06:00:00Z""}"
5425,normalize,date_normalized,"{""event_date"": ""2010-03-05T07:00:00Z""}"
5426,normalize,date_normalized,"{""event_date"": ""2010-03-27T06:00:00Z""}"
5427,normalize,date_normalized,"{""event_date"": ""2015-08-27T06:00:00Z""}"
5428,normalize,date_normalized,"{""event_date"": ""2010-03-27T06:00:00Z""}"
5429,normalize,date_normalized,"{""event_date"": ""2014-06-10T06:00:00Z""}"
5430,normalize,date_normalized,"{""event_date"": ""2010-03-27T06:00:00Z""}"
5431,normalize,date_normalized,"{""event_date"": ""2012-01-22T07:00:00Z""}"
5432,normalize,date_normalized,"{""event_date"": ""2012-01-22T07:00:00Z""}"
5433,normalize,date_normalized,"{""event_date"": ""2010-03-27T06:00:00Z""}"
5434,normalize,date_normalized,"{""event_date"": ""2009-07-15T06:00:00Z""}"
5435,normalize,date_normalized,"{""event_date"": ""2009-07-15T06:00:00Z""}"
5436,normalize,date_normalized,"{""event_date"": ""2011-06-10T06:00:00Z""}"
5437,normalize,date_normalized,"{""event_date"": ""2015-07-01T06:00:00Z""}"
5438,normalize,date_normalized,"{""event_date"": ""2012-01-22T07:00:00Z""}"
5439,normalize,date_normalized,"{""event_date"": ""2015-08-27T06:00:00Z""}"
5440,normalize,date_normalized,"{""event_date"": ""2015-11-19T07:00:00Z""}"
5441,normalize,date_normalized,"{""event_date"": ""2015-08-27T06:00:00Z""}"
5442,normalize,date_normalized,"{""event_date"": ""2012-01-22T07:00:00Z""}"
5443,normalize,date_normalized,"{""event_date"": ""2012-01-22T07:00:00Z""}"
5444,normalize,date_normalized,"{""event_date"": ""2015-08-27T06:00:00Z""}"
5445,normalize,date_normalized,"{""event_date"": ""2015-08-27T06:00:00Z""}"
5446,normalize,date_normalized,"{""event_date"": ""2011-02-24T07:00:00Z""}"
5447,normalize,date_normalized,"{""event_date"": ""2015-06-18T06:00:00Z""}"
5448,normalize,date_normalized,"{""event_date"": ""2016-07-01T06:00:00Z""}"
5449,normalize,date_normalized,"{""event_date"": ""2014-07-07T06:00:00Z""}"
5450,normalize,date_normalized,"{""event_date"": ""2010-11-19T07:00:00Z""}"
5451,normalize,date_normalized,"{""event_date"": ""2015-05-20T06:00:00Z""}"
5452,normalize,date_normalized,"{""event_date"": ""2011-06-20T06:00:00Z""}"
5453,normalize,date_normalized,"{""event_date"": ""2012-03-20T06:00:00Z""}"
5454,normalize,date_normalized,"{""event_date"": ""2009-03-04T07:00:00Z""}"
5455,normalize,date_normalized,"{""event_date"": ""2011-03-17T06:00:00Z""}"
5456,normalize,date_normalized,"{""event_date"": ""2018-04-13T06:00:00Z""}"
5457,normalize,date_normalized,"{""event_date"": ""2010-11-17T07:00:00Z""}"
5458,normalize,date_normalized,"{""event_date"": ""2018-04-13T06:00:00Z""}"
5459,normalize,date_normalized,"{""event_date"": ""2011-12-02T07:00:00Z""}"
5460,normalize,date_normalized,"{""event_date"": ""2012-08-18T06:00:00Z""}"
5461,normalize,date_normalized,"{""event_date"": ""2010-11-18T07:00:00Z""}"
5462,normalize,date_normalized,"{""event_date"": ""2009-03-09T06:00:00Z""}"
5463,normalize,date_normalized,"{""event_date"": ""2011-08-02T06:00:00Z""}"
5464,normalize,date_normalized,"{""event_date"": ""2015-11-05T07:00:00Z""}"
5465,normalize,date_normalized,"{""event_date"": ""2011-05-20T06:00:00Z""}"
5466,normalize,date_normalized,"{""event_date"": ""2011-03-14T06:00:00Z""}"
5467,normalize,date_normalized,"{""event_date"": ""2018-04-15T06:00:00Z""}"
5468,normalize,date_normalized,"{""event_date"": ""2016-05-29T06:00:00Z""}"
5469,normalize,date_normalized,"{""event_date"": ""2018-04-15T06:00:00Z""}"
5470,normalize,date_normalized,"{""event_date"": ""2008-04-13T06:00:00Z""}"
5471,normalize,date_normalized,"{""event_date"": ""2015-03-13T06:00:00Z""}"
5472,normalize,date_normalized,"{""event_date"": ""2010-07-13T06:00:00Z""}"
5473,normalize,date_normalized,"{""event_date"": ""2016-09-29T06:00:00Z""}"
5474,normalize,date_normalized,"{""event_date"": ""2016-05-09T06:00:00Z""}"
5475,normalize,date_normalized,"{""event_date"": ""2018-04-15T06:00:00Z""}"
5476,normalize,date_normalized,"{""event_date"": ""2015-11-09T07:00:00Z""}"
5477,normalize,date_normalized,"{""event_date"": ""2015-11-09T07:00:00Z""}"
5478,normalize,date_normalized,"{""event_date"": ""2016-09-29T06:00:00Z""}"
5479,normalize,date_normalized,"{""event_date"": ""2016-05-09T06:00:00Z""}"
5480,normalize,date_normalized,"{""event_date"": ""2015-11-09T07:00:00Z""}"
5481,normalize,date_normalized,"{""event_date"": ""2016-11-17T07:00:00Z""}"
5482,normalize,date_normalized,"{""event_date"": ""2016-08-24T06:00:00Z""}"
5483,normalize,date_normalized,"{""event_date"": ""2010-09-08T06:00:00Z""}"
5484,normalize,date_normalized,"{""event_date"": ""2015-09-30T06:00:00Z""}"
5485,normalize,date_normalized,"{""event_date"": ""2015-12-27T07:00:00Z""}"
5486,normalize,date_normalized,"{""event_date"": ""2015-11-08T07:00:00Z""}"
5487,normalize,date_normalized,"{""event_date"": ""2015-09-27T06:00:00Z""}"
5488,normalize,date_normalized,"{""event_date"": ""2015-11-03T07:00:00Z""}"
5489,normalize,date_normalized,"{""event_date"": ""2015-07-04T06:00:00Z""}"
5490,normalize,date_normalized,"{""event_date"": ""2015-10-03T06:00:00Z""}"
5491,normalize,date_normalized,"{""event_date"": ""2015-07-13T06:00:00Z""}"
5492,normalize,date_normalized,"{""event_date"": ""2015-07-13T06:00:00Z""}"
5493,normalize,date_normalized,"{""event_date"": ""2011-12-08T07:00:00Z""}"
5494,normalize,date_normalized,"{""event_date"": ""2015-10-22T06:00:00Z""}"
5495,normalize,date_normalized,"{""event_date"": ""2015-10-22T06:00:00Z""}"
5496,normalize,date_normalized,"{""event_date"": ""2015-07-19T06:00:00Z""}"
5497,normalize,date_normalized,"{""event_date"": ""2015-12-31T07:00:00Z""}"
5498,normalize,date_normalized,"{""event_date"": ""2015-08-30T06:00:00Z""}"
5499,normalize,date_normalized,"{""event_date"": ""2015-11-08T07:00:00Z""}"
5500,normalize,date_normalized,"{""event_date"": ""2015-05-15T06:00:00Z""}"
5501,normalize,date_normalized,"{""event_date"": ""2015-10-20T06:00:00Z""}"
5502,normalize,date_normalized,"{""event_date"": ""2018-04-15T06:00:00Z""}"
5503,normalize,date_normalized,"{""event_date"": ""2015-07-04T06:00:00Z""}"
5504,normalize,date_normalized,"{""event_date"": ""2015-11-14T07:00:00Z""}"
5505,normalize,date_normalized,"{""event_date"": ""2015-11-21T07:00:00Z""}"
5506,normalize,date_normalized,"{""event_date"": ""2015-12-27T07:00:00Z""}"
5507,normalize,date_normalized,"{""event_date"": ""2015-07-13T06:00:00Z""}"
5508,normalize,date_normalized,"{""event_date"": ""2015-08-30T06:00:00Z""}"
5509,normalize,date_normalized,"{""event_date"": ""2015-12-10T07:00:00Z""}"
5510,normalize,date_normalized,"{""event_date"": ""2015-08-04T06:00:00Z""}"
5511,normalize,date_normalized,"{""event_date"": ""2015-08-16T06:00:00Z""}"
5512,normalize,date_normalized,"{""event_date"": ""2015-10-13T06:00:00Z""}"
5513,normalize,date_normalized,"{""event_date"": ""2018-04-15T06:00:00Z""}"
5514,normalize,date_normalized,"{""event_date"": ""2009-03-10T06:00:00Z""}"
5515,normalize,date_normalized,"{""event_date"": ""2010-11-02T06:00:00Z""}"
5516,normalize,date_normalized,"{""event_date"": ""2015-08-11T06:00:00Z""}"
5517,normalize,date_normalized,"{""event_date"": ""2015-11-08T07:00:00Z""}"
5518,normalize,date_normalized,"{""event_date"": ""2015-10-27T06:00:00Z""}"
5519,normalize,date_normalized,"{""event_date"": ""2015-07-04T06:00:00Z""}"
5520,normalize,date_normalized,"{""event_date"": ""2015-12-03T07:00:00Z""}"
5521,normalize,date_normalized,"{""event_date"": ""2014-06-10T06:00:00Z""}"
5522,normalize,date_normalized,"{""event_date"": ""2015-12-22T07:00:00Z""}"
5523,normalize,date_normalized,"{""event_date"": ""2015-08-10T06:00:00Z""}"
5524,normalize,date_normalized,"{""event_date"": ""2015-11-17T07:00:00Z""}"
5525,normalize,date_normalized,"{""event_date"": ""2015-11-04T07:00:00Z""}"
5526,normalize,date_normalized,"{""event_date"": ""2008-10-08T06:00:00Z""}"
5527,normalize,date_normalized,"{""event_date"": ""2015-10-03T06:00:00Z""}"
5528,normalize,date_normalized,"{""event_date"": ""2015-10-10T06:00:00Z""}"
5529,normalize,date_normalized,"{""event_date"": ""2015-10-01T06:00:00Z""}"
5530,normalize,date_normalized,"{""event_date"": ""2015-11-12T07:00:00Z""}"
5531,normalize,date_normalized,"{""event_date"": ""2015-11-23T07:00:00Z""}"
5532,normalize,date_normalized,"{""event_date"": ""2014-06-10T06:00:00Z""}"
5533,normalize,date_normalized,"{""event_date"": ""2015-08-04T06:00:00Z""}"
5534,normalize,date_normalized,"{""event_date"": ""2015-09-27T06:00:00Z""}"
5535,normalize,date_normalized,"{""event_date"": ""2011-08-10T06:00:00Z""}"
5536,normalize,date_normalized,"{""event_date"": ""2015-11-04T07:00:00Z""}"
5537,normalize,date_normalized,"{""event_date"": ""2015-10-08T06:00:00Z""}"
5538,normalize,date_normalized,"{""event_date"": ""2015-10-05T06:00:00Z""}"
5539,normalize,date_normalized,"{""event_date"": ""2015-08-08T06:00:00Z""}"
5540,normalize,date_normalized,"{""event_date"": ""2015-10-27T06:00:00Z""}"
5541,normalize,date_normalized,"{""event_date"": ""2015-08-25T06:00:00Z""}"
5542,normalize,date_normalized,"{""event_date"": ""2015-06-24T06:00:00Z""}"
5543,normalize,date_normalized,"{""event_date"": ""2015-06-21T06:00:00Z""}"
5544,normalize,date_normalized,"{""event_date"": ""2015-12-27T07:00:00Z""}"
5545,normalize,date_normalized,"{""event_date"": ""2015-06-27T06:00:00Z""}"
5546,normalize,date_normalized,"{""event_date"": ""2010-06-09T06:00:00Z""}"
5547,normalize,date_normalized,"{""event_date"": ""2015-10-10T06:00:00Z""}"
5548,normalize,date_normalized,"{""event_date"": ""2015-07-16T06:00:00Z""}"
5549,normalize,date_normalized,"{""event_date"": ""2015-06-05T06:00:00Z""}"
5550,normalize,date_normalized,"{""event_date"": ""2014-09-15T06:00:00Z""}"
5551,normalize,date_normalized,"{""event_date"": ""2016-01-07T07:00:00Z""}"
5552,normalize,date_normalized,"{""event_date"": ""2016-05-22T06:00:00Z""}"
5553,normalize,date_normalized,"{""event_date"": ""2016-05-22T06:00:00Z""}"
5554,normalize,date_normalized,"{""event_date"": ""2015-05-24T06:00:00Z""}"
5555,normalize,date_normalized,"{""event_date"": ""2016-04-16T06:00:00Z""}"
5556,normalize,date_normalized,"{""event_date"": ""2015-10-01T06:00:00Z""}"
5557,normalize,date_normalized,"{""event_date"": ""2015-06-14T06:00:00Z""}"
5558,normalize,date_normalized,"{""event_date"": ""2015-02-15T07:00:00Z""}"
5559,normalize,date_normalized,"{""event_date"": ""2015-05-14T06:00:00Z""}"
5560,normalize,date_normalized,"{""event_date"": ""2016-04-24T06:00:00Z""}"
5561,normalize,date_normalized,"{""event_date"": ""2015-11-18T07:00:00Z""}"
5562,normalize,date_normalized,"{""event_date"": ""2015-12-14T07:00:00Z""}"
5563,normalize,date_normalized,"{""event_date"": ""2016-02-03T07:00:00Z""}"
5564,normalize,date_normalized,"{""event_date"": ""2016-03-29T06:00:00Z""}"
5565,normalize,date_normalized,"{""event_date"": ""2015-06-02T06:00:00Z""}"
5566,normalize,date_normalized,"{""event_date"": ""2016-05-16T06:00:00Z""}"
5567,normalize,date_normalized,"{""event_date"": ""2011-09-19T06:00:00Z""}"
5568,normalize,date_normalized,"{""event_date"": ""2016-02-03T07:00:00Z""}"
5569,normalize,date_normalized,"{""event_date"": ""2016-01-20T07:00:00Z""}"
5570,normalize,date_normalized,"{""event_date"": ""2018-04-15T06:00:00Z""}"
5571,normalize,date_normalized,"{""event_date"": ""2015-04-10T06:00:00Z""}"
5572,normalize,date_normalized,"{""event_date"": ""2016-01-20T07:00:00Z""}"
5573,normalize,date_normalized,"{""event_date"": ""2016-01-31T07:00:00Z""}"
5574,normalize,date_normalized,"{""event_date"": ""2018-04-15T06:00:00Z""}"
5575,normalize,date_normalized,"{""event_date"": ""2016-04-14T06:00:00Z""}"
5576,normalize,date_normalized,"{""event_date"": ""2015-05-24T06:00:00Z""}"
5577,normalize,date_normalized,"{""event_date"": ""2016-04-14T06:00:00Z""}"
5578,normalize,date_normalized,"{""event_date"": ""2011-09-19T06:00:00Z""}"
5579,normalize,date_normalized,"{""event_date"": ""2015-12-06T07:00:00Z""}"
5580,normalize,date_normalized,"{""event_date"": ""2015-05-16T06:00:00Z""}"
5581,normalize,date_normalized,"{""event_date"": ""2016-04-24T06:00:00Z""}"
5582,normalize,date_normalized,"{""event_date"": ""2016-04-24T06:00:00Z""}"
5583,normalize,date_normalized,"{""event_date"": ""2016-04-25T06:00:00Z""}"
5584,normalize,date_normalized,"{""event_date"": ""2016-04-16T06:00:00Z""}"
5585,normalize,date_normalized,"{""event_date"": ""2016-01-11T07:00:00Z""}"
5586,normalize,date_normalized,"{""event_date"": ""2015-05-24T06:00:00Z""}"
5587,normalize,date_normalized,"{""event_date"": ""2016-06-09T06:00:00Z""}"
5588,normalize,date_normalized,"{""event_date"": ""2010-06-11T06:00:00Z""}"
5589,normalize,date_normalized,"{""event_date"": ""2015-10-01T06:00:00Z""}"
5590,normalize,date_normalized,"{""event_date"": ""2015-07-07T06:00:00Z""}"
5591,normalize,date_normalized,"{""event_date"": ""2015-10-22T06:00:00Z""}"
5592,normalize,date_normalized,"{""event_date"": ""2016-01-07T07:00:00Z""}"
5593,normalize,date_normalized,"{""event_date"": ""2016-05-05T06:00:00Z""}"
5594,normalize,date_normalized,"{""event_date"": ""2016-04-25T06:00:00Z""}"
5595,normalize,date_normalized,"{""event_date"": ""2008-11-10T07:00:00Z""}"
5596,normalize,date_normalized,"{""event_date"": ""2008-11-10T07:00:00Z""}"
5597,normalize,date_normalized,"{""event_date"": ""2016-05-10T06:00:00Z""}"
5598,normalize,date_normalized,"{""event_date"": ""2016-06-04T06:00:00Z""}"
5599,normalize,date_normalized,"{""event_date"": ""2010-09-08T06:00:00Z""}"
5600,normalize,date_normalized,"{""event_date"": ""2016-12-22T07:00:00Z""}"
5601,normalize,date_normalized,"{""event_date"": ""2014-10-24T06:00:00Z""}"
5602,normalize,date_normalized,"{""event_date"": ""2016-05-13T06:00:00Z""}"
5603,normalize,date_normalized,"{""event_date"": ""2015-12-04T07:00:00Z""}"
5604,normalize,date_normalized,"{""event_date"": ""2015-12-04T07:00:00Z""}"
5605,normalize,date_normalized,"{""event_date"": ""2016-05-25T06:00:00Z""}"
5606,normalize,date_normalized,"{""event_date"": ""2016-04-15T06:00:00Z""}"
5607,normalize,date_normalized,"{""event_date"": ""2018-04-15T06:00:00Z""}"
5608,normalize,date_normalized,"{""event_date"": ""2018-04-15T06:00:00Z""}"
5609,normalize,date_normalized,"{""event_date"": ""2016-09-18T06:00:00Z""}"
5610,normalize,date_normalized,"{""event_date"": ""2009-08-14T06:00:00Z""}"
5611,normalize,date_normalized,"{""event_date"": ""2016-02-23T07:00:00Z""}"
5612,normalize,date_normalized,"{""event_date"": ""2016-02-15T07:00:00Z""}"
5613,normalize,date_normalized,"{""event_date"": ""2012-01-29T07:00:00Z""}"
5614,normalize,date_normalized,"{""event_date"": ""2016-02-10T07:00:00Z""}"
5615,normalize,date_normalized,"{""event_date"": ""2016-06-03T06:00:00Z""}"
5616,normalize,date_normalized,"{""event_date"": ""2016-04-18T06:00:00Z""}"
5617,normalize,date_normalized,"{""event_date"": ""2016-05-01T06:00:00Z""}"
5618,normalize,date_normalized,"{""event_date"": ""2016-02-16T07:00:00Z""}"
5619,normalize,date_normalized,"{""event_date"": ""2016-05-17T06:00:00Z""}"
5620,normalize,date_normalized,"{""event_date"": ""2016-04-18T06:00:00Z""}"
5621,normalize,date_normalized,"{""event_date"": ""2010-09-21T06:00:00Z""}"
5622,normalize,date_normalized,"{""event_date"": ""2010-09-19T06:00:00Z""}"
5623,normalize,date_normalized,"{""event_date"": ""2016-01-26T07:00:00Z""}"
5624,normalize,date_normalized,"{""event_date"": ""2008-12-24T07:00:00Z""}"
5625,normalize,date_normalized,"{""event_date"": ""2016-05-30T06:00:00Z""}"
5626,normalize,date_normalized,"{""event_date"": ""2016-05-31T06:00:00Z""}"
5627,normalize,date_normalized,"{""event_date"": ""2016-01-14T07:00:00Z""}"
5628,normalize,date_normalized,"{""event_date"": ""2016-03-04T07:00:00Z""}"
5629,normalize,date_normalized,"{""event_date"": ""2016-05-28T06:00:00Z""}"
5630,normalize,date_normalized,"{""event_date"": ""2015-07-29T06:00:00Z""}"
5631,normalize,date_normalized,"{""event_date"": ""2016-05-03T06:00:00Z""}"
5632,normalize,date_normalized,"{""event_date"": ""2016-04-21T06:00:00Z""}"
5633,normalize,date_normalized,"{""event_date"": ""2016-05-18T06:00:00Z""}"
5634,normalize,date_normalized,"{""event_date"": ""2015-11-30T07:00:00Z""}"
5635,normalize,date_normalized,"{""event_date"": ""2016-05-12T06:00:00Z""}"
5636,normalize,date_normalized,"{""event_date"": ""2016-04-18T06:00:00Z""}"
5637,normalize,date_normalized,"{""event_date"": ""2016-02-10T07:00:00Z""}"
5638,normalize,date_normalized,"{""event_date"": ""2016-04-01T06:00:00Z""}"
5639,normalize,date_normalized,"{""event_date"": ""2016-04-06T06:00:00Z""}"
5640,normalize,date_normalized,"{""event_date"": ""2015-10-01T06:00:00Z""}"
5641,normalize,date_normalized,"{""event_date"": ""2016-05-03T06:00:00Z""}"
5642,normalize,date_normalized,"{""event_date"": ""2016-05-25T06:00:00Z""}"
5643,normalize,date_normalized,"{""event_date"": ""2011-01-04T07:00:00Z""}"
5644,normalize,date_normalized,"{""event_date"": ""2016-04-06T06:00:00Z""}"
5645,normalize,date_normalized,"{""event_date"": ""2016-05-14T06:00:00Z""}"
5646,normalize,date_normalized,"{""event_date"": ""2016-04-09T06:00:00Z""}"
5647,normalize,date_normalized,"{""event_date"": ""2015-12-06T07:00:00Z""}"
5648,normalize,date_normalized,"{""event_date"": ""2016-06-13T06:00:00Z""}"
5649,normalize,date_normalized,"{""event_date"": ""2012-01-29T07:00:00Z""}"
5650,normalize,date_normalized,"{""event_date"": ""2016-05-23T06:00:00Z""}"
5651,normalize,date_normalized,"{""event_date"": ""2012-01-29T07:00:00Z""}"
5652,normalize,date_normalized,"{""event_date"": ""2015-10-24T06:00:00Z""}"
5653,normalize,date_normalized,"{""event_date"": ""2016-01-07T07:00:00Z""}"
5654,normalize,date_normalized,"{""event_date"": ""2011-03-10T07:00:00Z""}"
5655,normalize,date_normalized,"{""event_date"": ""2015-12-16T07:00:00Z""}"
5656,normalize,date_normalized,"{""event_date"": ""2016-04-17T06:00:00Z""}"
5657,normalize,date_normalized,"{""event_date"": ""2016-06-13T06:00:00Z""}"
5658,normalize,date_normalized,"{""event_date"": ""2016-05-27T06:00:00Z""}"
5659,normalize,date_normalized,"{""event_date"": ""2016-03-22T06:00:00Z""}"
5660,normalize,date_normalized,"{""event_date"": ""2016-04-11T06:00:00Z""}"
5661,normalize,date_normalized,"{""event_date"": ""2016-04-01T06:00:00Z""}"
5662,normalize,date_normalized,"{""event_date"": ""2016-06-04T06:00:00Z""}"
5663,normalize,date_normalized,"{""event_date"": ""2012-02-04T07:00:00Z""}"
5664,normalize,date_normalized,"{""event_date"": ""2016-04-26T06:00:00Z""}"
5665,normalize,date_normalized,"{""event_date"": ""2011-09-02T06:00:00Z""}"
5666,normalize,date_normalized,"{""event_date"": ""2016-05-03T06:00:00Z""}"
5667,normalize,date_normalized,"{""event_date"": ""2012-01-29T07:00:00Z""}"
5668,normalize,date_normalized,"{""event_date"": ""2014-09-03T06:00:00Z""}"
5669,normalize,date_normalized,"{""event_date"": ""2016-05-03T06:00:00Z""}"
5670,normalize,date_normalized,"{""event_date"": ""2013-11-27T07:00:00Z""}"
5671,normalize,date_normalized,"{""event_date"": ""2016-05-03T06:00:00Z""}"
5672,normalize,date_normalized,"{""event_date"": ""2013-11-28T07:00:00Z""}"
5673,normalize,date_normalized,"{""event_date"": ""2016-04-28T06:00:00Z""}"
5674,normalize,date_normalized,"{""event_date"": ""2015-12-23T07:00:00Z""}"
5675,normalize,date_normalized,"{""event_date"": ""2010-04-23T06:00:00Z""}"
5676,normalize,date_normalized,"{""event_date"": ""2016-06-03T06:00:00Z""}"
5677,normalize,date_normalized,"{""event_date"": ""2012-01-29T07:00:00Z""}"
5678,normalize,date_normalized,"{""event_date"": ""2016-03-25T06:00:00Z""}"
5679,normalize,date_normalized,"{""event_date"": ""2016-04-08T06:00:00Z""}"
5680,normalize,date_normalized,"{""event_date"": ""2016-04-28T06:00:00Z""}"
5681,normalize,date_normalized,"{""event_date"": ""2016-04-12T06:00:00Z""}"
5682,normalize,date_normalized,"{""event_date"": ""2012-01-29T07:00:00Z""}"
5683,normalize,date_normalized,"{""event_date"": ""2016-04-13T06:00:00Z""}"
5684,normalize,date_normalized,"{""event_date"": ""2016-06-02T06:00:00Z""}"
5685,normalize,date_normalized,"{""event_date"": ""2016-02-02T07:00:00Z""}"
5686,normalize,date_normalized,"{""event_date"": ""2010-07-21T06:00:00Z""}"
5687,normalize,date_normalized,"{""event_date"": ""2015-12-05T07:00:00Z""}"
5688,normalize,date_normalized,"{""event_date"": ""2010-04-16T06:00:00Z""}"
5689,normalize,date_normalized,"{""event_date"": ""2016-06-12T06:00:00Z""}"
5690,normalize,date_normalized,"{""event_date"": ""2016-04-13T06:00:00Z""}"
5691,normalize,date_normalized,"{""event_date"": ""2016-01-28T07:00:00Z""}"
5692,normalize,date_normalized,"{""event_date"": ""2016-01-16T07:00:00Z""}"
5693,normalize,date_normalized,"{""event_date"": ""2016-01-06T07:00:00Z""}"
5694,normalize,date_normalized,"{""event_date"": ""2016-04-15T06:00:00Z""}"
5695,normalize,date_normalized,"{""event_date"": ""2015-12-01T07:00:00Z""}"
5696,normalize,date_normalized,"{""event_date"": ""2016-03-31T06:00:00Z""}"
5696,content,invalid_url_like,"{""context"": ""messages[1].assistant"", ""values"": [""gagaserver_1.gagalive.kr""]}"
5697,normalize,date_normalized,"{""event_date"": ""2011-10-12T06:00:00Z""}"
5698,normalize,date_normalized,"{""event_date"": ""2016-03-13T07:00:00Z""}"
5699,normalize,date_normalized,"{""event_date"": ""2016-01-24T07:00:00Z""}"
5700,normalize,date_normalized,"{""event_date"": ""2016-04-11T06:00:00Z""}"
5701,normalize,date_normalized,"{""event_date"": ""2016-03-17T06:00:00Z""}"
5702,normalize,date_normalized,"{""event_date"": ""2016-04-15T06:00:00Z""}"
5703,normalize,date_normalized,"{""event_date"": ""2016-05-13T06:00:00Z""}"
5704,normalize,date_normalized,"{""event_date"": ""2016-04-01T06:00:00Z""}"
5705,normalize,date_normalized,"{""event_date"": ""2010-08-17T06:00:00Z""}"
5706,normalize,date_normalized,"{""event_date"": ""2016-04-20T06:00:00Z""}"
5707,normalize,date_normalized,"{""event_date"": ""2016-04-15T06:00:00Z""}"
5708,normalize,date_normalized,"{""event_date"": ""2010-06-09T06:00:00Z""}"
5709,normalize,date_normalized,"{""event_date"": ""2016-06-13T06:00:00Z""}"
5710,normalize,date_normalized,"{""event_date"": ""2016-05-22T06:00:00Z""}"
5711,normalize,date_normalized,"{""event_date"": ""2016-04-07T06:00:00Z""}"
5712,normalize,date_normalized,"{""event_date"": ""2016-06-14T06:00:00Z""}"
5713,normalize,date_normalized,"{""event_date"": ""2012-01-29T07:00:00Z""}"
5714,normalize,date_normalized,"{""event_date"": ""2008-12-24T07:00:00Z""}"
5715,normalize,date_normalized,"{""event_date"": ""2008-12-24T07:00:00Z""}"
5716,normalize,date_normalized,"{""event_date"": ""2010-05-08T06:00:00Z""}"
5717,normalize,date_normalized,"{""event_date"": ""2016-04-26T06:00:00Z""}"
5718,normalize,date_normalized,"{""event_date"": ""2012-01-29T07:00:00Z""}"
5719,normalize,date_normalized,"{""event_date"": ""2011-12-08T07:00:00Z""}"
5720,normalize,date_normalized,"{""event_date"": ""2016-05-26T06:00:00Z""}"
5721,normalize,date_normalized,"{""event_date"": ""2016-05-26T06:00:00Z""}"
5722,normalize,date_normalized,"{""event_date"": ""2016-05-14T06:00:00Z""}"
5723,normalize,date_normalized,"{""event_date"": ""2016-05-26T06:00:00Z""}"
5724,normalize,date_normalized,"{""event_date"": ""2015-10-16T06:00:00Z""}"
5725,normalize,date_normalized,"{""event_date"": ""2012-01-29T07:00:00Z""}"
5726,normalize,date_normalized,"{""event_date"": ""2016-05-16T06:00:00Z""}"
5727,normalize,date_normalized,"{""event_date"": ""2015-12-23T07:00:00Z""}"
5728,normalize,date_normalized,"{""event_date"": ""2016-04-18T06:00:00Z""}"
5729,normalize,date_normalized,"{""event_date"": ""2016-03-30T06:00:00Z""}"
5730,normalize,date_normalized,"{""event_date"": ""2018-04-13T06:00:00Z""}"
5731,normalize,date_normalized,"{""event_date"": ""2010-06-26T06:00:00Z""}"
5732,normalize,date_normalized,"{""event_date"": ""2015-08-31T06:00:00Z""}"
5733,normalize,date_normalized,"{""event_date"": ""2010-04-16T06:00:00Z""}"
5734,normalize,date_normalized,"{""event_date"": ""2016-02-25T07:00:00Z""}"
5735,normalize,date_normalized,"{""event_date"": ""2016-04-04T06:00:00Z""}"
5736,normalize,date_normalized,"{""event_date"": ""2016-06-11T06:00:00Z""}"
5737,normalize,date_normalized,"{""event_date"": ""2016-05-27T06:00:00Z""}"
5738,normalize,date_normalized,"{""event_date"": ""2016-05-13T06:00:00Z""}"
5739,normalize,date_normalized,"{""event_date"": ""2016-06-10T06:00:00Z""}"
5740,normalize,date_normalized,"{""event_date"": ""2016-05-05T06:00:00Z""}"
5741,normalize,date_normalized,"{""event_date"": ""2016-01-06T07:00:00Z""}"
5742,normalize,date_normalized,"{""event_date"": ""2010-01-04T07:00:00Z""}"
5743,normalize,date_normalized,"{""event_date"": ""2016-05-12T06:00:00Z""}"
5744,normalize,date_normalized,"{""event_date"": ""2016-04-13T06:00:00Z""}"
5745,normalize,date_normalized,"{""event_date"": ""2016-01-16T07:00:00Z""}"
5746,normalize,date_normalized,"{""event_date"": ""2016-06-05T06:00:00Z""}"
5747,normalize,date_normalized,"{""event_date"": ""2016-04-15T06:00:00Z""}"
5748,normalize,date_normalized,"{""event_date"": ""2012-01-29T07:00:00Z""}"
5749,normalize,date_normalized,"{""event_date"": ""2016-03-19T06:00:00Z""}"
5750,normalize,date_normalized,"{""event_date"": ""2016-03-18T06:00:00Z""}"
5751,normalize,date_normalized,"{""event_date"": ""2016-05-05T06:00:00Z""}"
5752,normalize,date_normalized,"{""event_date"": ""2016-03-10T07:00:00Z""}"
5753,normalize,date_normalized,"{""event_date"": ""2015-12-14T07:00:00Z""}"
5754,normalize,date_normalized,"{""event_date"": ""2016-06-10T06:00:00Z""}"
5755,normalize,date_normalized,"{""event_date"": ""2016-04-10T06:00:00Z""}"
5756,normalize,date_normalized,"{""event_date"": ""2012-01-29T07:00:00Z""}"
5757,normalize,date_normalized,"{""event_date"": ""2011-08-26T06:00:00Z""}"
5758,normalize,date_normalized,"{""event_date"": ""2016-02-22T07:00:00Z""}"
5759,normalize,date_normalized,"{""event_date"": ""2016-04-19T06:00:00Z""}"
5760,normalize,date_normalized,"{""event_date"": ""2016-04-18T06:00:00Z""}"
5761,normalize,date_normalized,"{""event_date"": ""2016-05-17T06:00:00Z""}"
5762,normalize,date_normalized,"{""event_date"": ""2015-10-20T06:00:00Z""}"
5763,normalize,date_normalized,"{""event_date"": ""2009-08-14T06:00:00Z""}"
5764,normalize,date_normalized,"{""event_date"": ""2015-10-18T06:00:00Z""}"
5765,normalize,date_normalized,"{""event_date"": ""2016-06-12T06:00:00Z""}"
5766,normalize,date_normalized,"{""event_date"": ""2016-06-11T06:00:00Z""}"
5767,normalize,date_normalized,"{""event_date"": ""2016-03-15T06:00:00Z""}"
5768,normalize,date_normalized,"{""event_date"": ""2016-06-07T06:00:00Z""}"
5769,normalize,date_normalized,"{""event_date"": ""2010-04-16T06:00:00Z""}"
5770,normalize,date_normalized,"{""event_date"": ""2016-04-26T06:00:00Z""}"
5771,normalize,date_normalized,"{""event_date"": ""2016-01-19T07:00:00Z""}"
5772,normalize,date_normalized,"{""event_date"": ""2010-04-16T06:00:00Z""}"
5773,normalize,date_normalized,"{""event_date"": ""2016-05-11T06:00:00Z""}"
5774,normalize,date_normalized,"{""event_date"": ""2010-06-11T06:00:00Z""}"
5775,normalize,date_normalized,"{""event_date"": ""2016-06-13T06:00:00Z""}"
5776,normalize,date_normalized,"{""event_date"": ""2016-06-13T06:00:00Z""}"
5777,normalize,date_normalized,"{""event_date"": ""2016-04-05T06:00:00Z""}"
5778,normalize,date_normalized,"{""event_date"": ""2012-01-29T07:00:00Z""}"
5779,normalize,date_normalized,"{""event_date"": ""2016-05-16T06:00:00Z""}"
5780,normalize,date_normalized,"{""event_date"": ""2012-01-29T07:00:00Z""}"
5781,normalize,date_normalized,"{""event_date"": ""2015-11-16T07:00:00Z""}"
5782,normalize,date_normalized,"{""event_date"": ""2016-05-08T06:00:00Z""}"
5783,normalize,date_normalized,"{""event_date"": ""2016-07-07T06:00:00Z""}"
5784,normalize,date_normalized,"{""event_date"": ""2016-07-07T06:00:00Z""}"
5785,normalize,date_normalized,"{""event_date"": ""2011-10-31T06:00:00Z""}"
5786,normalize,date_normalized,"{""event_date"": ""2016-10-07T06:00:00Z""}"
5787,normalize,date_normalized,"{""event_date"": ""2016-11-30T07:00:00Z""}"
5788,normalize,date_normalized,"{""event_date"": ""2014-04-25T06:00:00Z""}"
5789,normalize,date_normalized,"{""event_date"": ""2013-12-17T07:00:00Z""}"
5790,normalize,date_normalized,"{""event_date"": ""2015-04-23T06:00:00Z""}"
5791,normalize,date_normalized,"{""event_date"": ""2015-04-22T06:00:00Z""}"
5792,normalize,date_normalized,"{""event_date"": ""2016-03-18T06:00:00Z""}"
5793,normalize,date_normalized,"{""event_date"": ""2011-04-18T06:00:00Z""}"
5794,normalize,date_normalized,"{""event_date"": ""2015-11-11T07:00:00Z""}"
5795,normalize,date_normalized,"{""event_date"": ""2015-06-26T06:00:00Z""}"
5796,normalize,date_normalized,"{""event_date"": ""2016-01-18T07:00:00Z""}"
5797,normalize,date_normalized,"{""event_date"": ""2015-04-27T06:00:00Z""}"
5798,normalize,date_normalized,"{""event_date"": ""2015-04-27T06:00:00Z""}"
5799,normalize,date_normalized,"{""event_date"": ""2015-07-03T06:00:00Z""}"
5800,normalize,date_normalized,"{""event_date"": ""2015-12-12T07:00:00Z""}"
5801,normalize,date_normalized,"{""event_date"": ""2018-04-15T06:00:00Z""}"
5802,normalize,date_normalized,"{""event_date"": ""2016-02-11T07:00:00Z""}"
5803,normalize,date_normalized,"{""event_date"": ""2016-02-08T07:00:00Z""}"
5804,normalize,date_normalized,"{""event_date"": ""2015-10-28T06:00:00Z""}"
5805,normalize,date_normalized,"{""event_date"": ""2015-12-11T07:00:00Z""}"
5806,normalize,date_normalized,"{""event_date"": ""2015-05-26T06:00:00Z""}"
5807,normalize,date_normalized,"{""event_date"": ""2016-01-18T07:00:00Z""}"
5808,normalize,date_normalized,"{""event_date"": ""2015-11-10T07:00:00Z""}"
5809,normalize,date_normalized,"{""event_date"": ""2018-04-15T06:00:00Z""}"
5810,normalize,date_normalized,"{""event_date"": ""2015-06-08T06:00:00Z""}"
5811,normalize,date_normalized,"{""event_date"": ""2015-03-08T07:00:00Z""}"
5812,normalize,date_normalized,"{""event_date"": ""2015-01-29T07:00:00Z""}"
5813,normalize,date_normalized,"{""event_date"": ""2015-06-29T06:00:00Z""}"
5814,normalize,date_normalized,"{""event_date"": ""2011-09-23T06:00:00Z""}"
5815,normalize,date_normalized,"{""event_date"": ""2016-02-01T07:00:00Z""}"
5816,normalize,date_normalized,"{""event_date"": ""2016-08-03T06:00:00Z""}"
5817,normalize,date_normalized,"{""event_date"": ""2015-03-25T06:00:00Z""}"
5818,normalize,date_normalized,"{""event_date"": ""2012-12-12T07:00:00Z""}"
5819,normalize,date_normalized,"{""event_date"": ""2015-09-22T06:00:00Z""}"
5820,normalize,date_normalized,"{""event_date"": ""2015-05-08T06:00:00Z""}"
5821,normalize,date_normalized,"{""event_date"": ""2016-05-20T06:00:00Z""}"
5822,normalize,date_normalized,"{""event_date"": ""2015-07-08T06:00:00Z""}"
5823,normalize,date_normalized,"{""event_date"": ""2018-04-15T06:00:00Z""}"
5824,normalize,date_normalized,"{""event_date"": ""2015-06-11T06:00:00Z""}"
5825,normalize,date_normalized,"{""event_date"": ""2011-07-05T06:00:00Z""}"
5826,normalize,date_normalized,"{""event_date"": ""2015-04-09T06:00:00Z""}"
5827,normalize,date_normalized,"{""event_date"": ""2015-07-08T06:00:00Z""}"
5828,normalize,date_normalized,"{""event_date"": ""2015-05-08T06:00:00Z""}"
5829,normalize,date_normalized,"{""event_date"": ""2015-07-07T06:00:00Z""}"
5830,normalize,date_normalized,"{""event_date"": ""2016-05-20T06:00:00Z""}"
5831,normalize,date_normalized,"{""event_date"": ""2012-12-12T07:00:00Z""}"
5832,normalize,date_normalized,"{""event_date"": ""2015-07-07T06:00:00Z""}"
5833,normalize,date_normalized,"{""event_date"": ""2012-12-12T07:00:00Z""}"
5834,normalize,date_normalized,"{""event_date"": ""2015-11-16T07:00:00Z""}"
5835,normalize,date_normalized,"{""event_date"": ""2015-03-31T06:00:00Z""}"
5836,normalize,date_normalized,"{""event_date"": ""2018-04-13T06:00:00Z""}"
5837,normalize,date_normalized,"{""event_date"": ""2015-07-07T06:00:00Z""}"
5838,normalize,date_normalized,"{""event_date"": ""2015-11-18T07:00:00Z""}"
5839,normalize,date_normalized,"{""event_date"": ""2015-04-10T06:00:00Z""}"
5840,normalize,date_normalized,"{""event_date"": ""2015-06-11T06:00:00Z""}"
5841,normalize,date_normalized,"{""event_date"": ""2015-06-11T06:00:00Z""}"
5842,normalize,date_normalized,"{""event_date"": ""2015-09-01T06:00:00Z""}"
5843,normalize,date_normalized,"{""event_date"": ""2015-04-30T06:00:00Z""}"
5844,normalize,date_normalized,"{""event_date"": ""2015-04-10T06:00:00Z""}"
5845,normalize,date_normalized,"{""event_date"": ""2015-07-09T06:00:00Z""}"
5846,normalize,date_normalized,"{""event_date"": ""2016-05-20T06:00:00Z""}"
5847,normalize,date_normalized,"{""event_date"": ""2010-07-21T06:00:00Z""}"
5848,normalize,date_normalized,"{""event_date"": ""2015-11-18T07:00:00Z""}"
5849,normalize,date_normalized,"{""event_date"": ""2015-04-10T06:00:00Z""}"
5850,normalize,date_normalized,"{""event_date"": ""2018-04-15T06:00:00Z""}"
5851,normalize,date_normalized,"{""event_date"": ""2015-12-15T07:00:00Z""}"
5852,normalize,date_normalized,"{""event_date"": ""2015-08-27T06:00:00Z""}"
5853,normalize,date_normalized,"{""event_date"": ""2015-07-09T06:00:00Z""}"
5854,normalize,date_normalized,"{""event_date"": ""2015-10-12T06:00:00Z""}"
5855,normalize,date_normalized,"{""event_date"": ""2015-10-06T06:00:00Z""}"
5856,normalize,date_normalized,"{""event_date"": ""2012-12-12T07:00:00Z""}"
5857,normalize,date_normalized,"{""event_date"": ""2015-10-12T06:00:00Z""}"
5858,normalize,date_normalized,"{""event_date"": ""2018-04-13T06:00:00Z""}"
5859,normalize,date_normalized,"{""event_date"": ""2016-04-28T06:00:00Z""}"
5860,normalize,date_normalized,"{""event_date"": ""2015-10-06T06:00:00Z""}"
5861,normalize,date_normalized,"{""event_date"": ""2018-04-15T06:00:00Z""}"
5862,normalize,date_normalized,"{""event_date"": ""2016-05-20T06:00:00Z""}"
5863,normalize,date_normalized,"{""event_date"": ""2016-10-20T06:00:00Z""}"
5864,normalize,date_normalized,"{""event_date"": ""2015-02-26T07:00:00Z""}"
5865,normalize,date_normalized,"{""event_date"": ""2015-03-23T06:00:00Z""}"
5866,normalize,date_normalized,"{""event_date"": ""2014-09-17T06:00:00Z""}"
5867,normalize,date_normalized,"{""event_date"": ""2015-04-23T06:00:00Z""}"
5868,normalize,date_normalized,"{""event_date"": ""2016-03-03T07:00:00Z""}"
5869,normalize,date_normalized,"{""event_date"": ""2015-04-22T06:00:00Z""}"
5870,normalize,date_normalized,"{""event_date"": ""2018-04-15T06:00:00Z""}"
5871,normalize,date_normalized,"{""event_date"": ""2015-05-13T06:00:00Z""}"
5872,normalize,date_normalized,"{""event_date"": ""2013-03-29T06:00:00Z""}"
5873,normalize,date_normalized,"{""event_date"": ""2015-12-25T07:00:00Z""}"
5874,normalize,date_normalized,"{""event_date"": ""2015-05-21T06:00:00Z""}"
5875,normalize,date_normalized,"{""event_date"": ""2016-02-15T07:00:00Z""}"
5876,normalize,date_normalized,"{""event_date"": ""2014-12-23T07:00:00Z""}"
5877,normalize,date_normalized,"{""event_date"": ""2015-04-30T06:00:00Z""}"
5878,normalize,date_normalized,"{""event_date"": ""2016-03-22T06:00:00Z""}"
5879,normalize,date_normalized,"{""event_date"": ""2009-12-10T07:00:00Z""}"
5880,normalize,date_normalized,"{""event_date"": ""2015-07-16T06:00:00Z""}"
5881,normalize,date_normalized,"{""event_date"": ""2015-02-20T07:00:00Z""}"
5882,normalize,date_normalized,"{""event_date"": ""2012-02-07T07:00:00Z""}"
5883,normalize,date_normalized,"{""event_date"": ""2015-02-03T07:00:00Z""}"
5884,normalize,date_normalized,"{""event_date"": ""2015-06-25T06:00:00Z""}"
5885,normalize,date_normalized,"{""event_date"": ""2015-07-23T06:00:00Z""}"
5886,normalize,date_normalized,"{""event_date"": ""2015-12-29T07:00:00Z""}"
5887,normalize,date_normalized,"{""event_date"": ""2018-04-15T06:00:00Z""}"
5888,normalize,date_normalized,"{""event_date"": ""2013-05-21T06:00:00Z""}"
5889,normalize,date_normalized,"{""event_date"": ""2015-10-08T06:00:00Z""}"
5890,normalize,date_normalized,"{""event_date"": ""2010-06-09T06:00:00Z""}"
5891,normalize,date_normalized,"{""event_date"": ""2011-04-22T06:00:00Z""}"
5892,normalize,date_normalized,"{""event_date"": ""2015-07-02T06:00:00Z""}"
5893,normalize,date_normalized,"{""event_date"": ""2015-10-20T06:00:00Z""}"
5894,normalize,date_normalized,"{""event_date"": ""2016-02-09T07:00:00Z""}"
5895,normalize,date_normalized,"{""event_date"": ""2015-07-02T06:00:00Z""}"
5896,normalize,date_normalized,"{""event_date"": ""2013-05-07T06:00:00Z""}"
5897,normalize,date_normalized,"{""event_date"": ""2013-04-29T06:00:00Z""}"
5898,normalize,date_normalized,"{""event_date"": ""2013-08-27T06:00:00Z""}"
5899,normalize,date_normalized,"{""event_date"": ""2015-07-29T06:00:00Z""}"
5900,normalize,date_normalized,"{""event_date"": ""2014-02-21T07:00:00Z""}"
5901,normalize,date_normalized,"{""event_date"": ""2011-08-10T06:00:00Z""}"
5902,normalize,date_normalized,"{""event_date"": ""2016-04-04T06:00:00Z""}"
5903,normalize,date_normalized,"{""event_date"": ""2013-08-23T06:00:00Z""}"
5904,normalize,date_normalized,"{""event_date"": ""2012-07-05T06:00:00Z""}"
5905,normalize,date_normalized,"{""event_date"": ""2015-11-02T07:00:00Z""}"
5906,normalize,date_normalized,"{""event_date"": ""2015-04-18T06:00:00Z""}"
5907,normalize,date_normalized,"{""event_date"": ""2015-10-15T06:00:00Z""}"
5908,normalize,date_normalized,"{""event_date"": ""2015-02-26T07:00:00Z""}"
5909,normalize,date_normalized,"{""event_date"": ""2015-08-13T06:00:00Z""}"
5910,normalize,date_normalized,"{""event_date"": ""2016-10-25T06:00:00Z""}"
5911,normalize,date_normalized,"{""event_date"": ""2014-02-21T07:00:00Z""}"
5912,normalize,date_normalized,"{""event_date"": ""2014-02-21T07:00:00Z""}"
5913,normalize,date_normalized,"{""event_date"": ""2013-11-28T07:00:00Z""}"
5914,normalize,date_normalized,"{""event_date"": ""2014-02-26T07:00:00Z""}"
5915,normalize,date_normalized,"{""event_date"": ""2013-05-08T06:00:00Z""}"
5916,normalize,date_normalized,"{""event_date"": ""2013-12-09T07:00:00Z""}"
5917,normalize,date_normalized,"{""event_date"": ""2013-11-07T07:00:00Z""}"
5918,normalize,date_normalized,"{""event_date"": ""2013-12-06T07:00:00Z""}"
5919,normalize,date_normalized,"{""event_date"": ""2013-05-08T06:00:00Z""}"
5920,normalize,date_normalized,"{""event_date"": ""2015-09-29T06:00:00Z""}"
5921,normalize,date_normalized,"{""event_date"": ""2014-05-13T06:00:00Z""}"
5922,normalize,date_normalized,"{""event_date"": ""2010-07-21T06:00:00Z""}"
5923,normalize,date_normalized,"{""event_date"": ""2015-07-06T06:00:00Z""}"
5924,normalize,date_normalized,"{""event_date"": ""2014-07-25T06:00:00Z""}"
5925,normalize,date_normalized,"{""event_date"": ""2014-02-21T07:00:00Z""}"
5926,normalize,date_normalized,"{""event_date"": ""2013-01-21T07:00:00Z""}"
5927,normalize,date_normalized,"{""event_date"": ""2013-11-28T07:00:00Z""}"
5928,normalize,date_normalized,"{""event_date"": ""2016-10-27T06:00:00Z""}"
5929,normalize,date_normalized,"{""event_date"": ""2016-06-21T06:00:00Z""}"
5930,normalize,date_normalized,"{""event_date"": ""2015-03-18T06:00:00Z""}"
5931,normalize,date_normalized,"{""event_date"": ""2018-04-15T06:00:00Z""}"
5932,normalize,date_normalized,"{""event_date"": ""2015-10-24T06:00:00Z""}"
5933,normalize,date_normalized,"{""event_date"": ""2018-04-13T06:00:00Z""}"
5934,normalize,date_normalized,"{""event_date"": ""2011-05-04T06:00:00Z""}"
5935,normalize,date_normalized,"{""event_date"": ""2015-10-24T06:00:00Z""}"
5936,normalize,date_normalized,"{""event_date"": ""2013-12-10T07:00:00Z""}"
5937,normalize,date_normalized,"{""event_date"": ""2011-09-15T06:00:00Z""}"
5938,normalize,date_normalized,"{""event_date"": ""2015-10-24T06:00:00Z""}"
5939,normalize,date_normalized,"{""event_date"": ""2016-01-03T07:00:00Z""}"
5940,normalize,date_normalized,"{""event_date"": ""2016-02-05T07:00:00Z""}"
5941,normalize,date_normalized,"{""event_date"": ""2015-08-17T06:00:00Z""}"
5942,normalize,date_normalized,"{""event_date"": ""2015-09-15T06:00:00Z""}"
5943,normalize,date_normalized,"{""event_date"": ""2015-04-24T06:00:00Z""}"
5944,normalize,date_normalized,"{""event_date"": ""2015-11-04T07:00:00Z""}"
5945,normalize,date_normalized,"{""event_date"": ""2014-07-11T06:00:00Z""}"
5946,normalize,date_normalized,"{""event_date"": ""2015-03-02T07:00:00Z""}"
5947,normalize,date_normalized,"{""event_date"": ""2015-06-13T06:00:00Z""}"
5948,normalize,date_normalized,"{""event_date"": ""2015-10-21T06:00:00Z""}"
5949,normalize,date_normalized,"{""event_date"": ""2015-02-10T07:00:00Z""}"
5950,normalize,date_normalized,"{""event_date"": ""2015-05-06T06:00:00Z""}"
5951,normalize,date_normalized,"{""event_date"": ""2015-04-23T06:00:00Z""}"
5952,normalize,date_normalized,"{""event_date"": ""2014-07-15T06:00:00Z""}"
5953,normalize,date_normalized,"{""event_date"": ""2015-12-15T07:00:00Z""}"
5954,normalize,date_normalized,"{""event_date"": ""2015-09-03T06:00:00Z""}"
5955,normalize,date_normalized,"{""event_date"": ""2015-09-14T06:00:00Z""}"
5956,normalize,date_normalized,"{""event_date"": ""2015-06-11T06:00:00Z""}"
5957,normalize,date_normalized,"{""event_date"": ""2015-07-01T06:00:00Z""}"
5958,normalize,date_normalized,"{""event_date"": ""2012-07-25T06:00:00Z""}"
5959,normalize,date_normalized,"{""event_date"": ""2014-11-05T07:00:00Z""}"
5960,normalize,date_normalized,"{""event_date"": ""2015-10-19T06:00:00Z""}"
5961,normalize,date_normalized,"{""event_date"": ""2015-06-17T06:00:00Z""}"
5962,normalize,date_normalized,"{""event_date"": ""2015-01-31T07:00:00Z""}"
5963,normalize,date_normalized,"{""event_date"": ""2016-02-25T07:00:00Z""}"
5964,normalize,date_normalized,"{""event_date"": ""2015-11-28T07:00:00Z""}"
5965,normalize,date_normalized,"{""event_date"": ""2011-10-31T06:00:00Z""}"
5966,normalize,date_normalized,"{""event_date"": ""2015-03-12T06:00:00Z""}"
5967,normalize,date_normalized,"{""event_date"": ""2013-09-13T06:00:00Z""}"
5968,normalize,date_normalized,"{""event_date"": ""2015-01-31T07:00:00Z""}"
5969,normalize,date_normalized,"{""event_date"": ""2012-03-02T07:00:00Z""}"
5970,normalize,date_normalized,"{""event_date"": ""2012-07-25T06:00:00Z""}"
5971,normalize,date_normalized,"{""event_date"": ""2015-07-19T06:00:00Z""}"
5972,normalize,date_normalized,"{""event_date"": ""2015-07-05T06:00:00Z""}"
5973,normalize,date_normalized,"{""event_date"": ""2014-11-05T07:00:00Z""}"
5974,normalize,date_normalized,"{""event_date"": ""2015-06-17T06:00:00Z""}"
5975,normalize,date_normalized,"{""event_date"": ""2015-03-02T07:00:00Z""}"
5976,normalize,date_normalized,"{""event_date"": ""2010-05-25T06:00:00Z""}"
5977,normalize,date_normalized,"{""event_date"": ""2015-09-15T06:00:00Z""}"
5978,normalize,date_normalized,"{""event_date"": ""2015-09-24T06:00:00Z""}"
5979,normalize,date_normalized,"{""event_date"": ""2015-10-20T06:00:00Z""}"
5980,normalize,date_normalized,"{""event_date"": ""2015-12-15T07:00:00Z""}"
5981,normalize,date_normalized,"{""event_date"": ""2015-09-24T06:00:00Z""}"
5982,normalize,date_normalized,"{""event_date"": ""2015-05-21T06:00:00Z""}"
5983,normalize,date_normalized,"{""event_date"": ""2016-03-02T07:00:00Z""}"
5984,normalize,date_normalized,"{""event_date"": ""2014-03-12T06:00:00Z""}"
5985,normalize,date_normalized,"{""event_date"": ""2016-03-22T06:00:00Z""}"
5986,normalize,date_normalized,"{""event_date"": ""2015-03-23T06:00:00Z""}"
5987,normalize,date_normalized,"{""event_date"": ""2010-09-08T06:00:00Z""}"
5988,normalize,date_normalized,"{""event_date"": ""2014-11-25T07:00:00Z""}"
5989,normalize,date_normalized,"{""event_date"": ""2015-07-09T06:00:00Z""}"
5990,normalize,date_normalized,"{""event_date"": ""2016-01-12T07:00:00Z""}"
5991,normalize,date_normalized,"{""event_date"": ""2011-02-26T07:00:00Z""}"
5992,normalize,date_normalized,"{""event_date"": ""2015-08-17T06:00:00Z""}"
5993,normalize,date_normalized,"{""event_date"": ""2015-03-23T06:00:00Z""}"
5994,normalize,date_normalized,"{""event_date"": ""2016-02-25T07:00:00Z""}"
5995,normalize,date_normalized,"{""event_date"": ""2016-01-30T07:00:00Z""}"
5996,normalize,date_normalized,"{""event_date"": ""2014-12-05T07:00:00Z""}"
5997,normalize,date_normalized,"{""event_date"": ""2015-10-14T06:00:00Z""}"
5998,normalize,date_normalized,"{""event_date"": ""2010-06-09T06:00:00Z""}"
5999,normalize,date_normalized,"{""event_date"": ""2014-10-09T06:00:00Z""}"
6000,normalize,date_normalized,"{""event_date"": ""2011-03-01T07:00:00Z""}"
6001,normalize,date_normalized,"{""event_date"": ""2015-07-16T06:00:00Z""}"
6002,normalize,date_normalized,"{""event_date"": ""2015-10-30T06:00:00Z""}"
6003,normalize,date_normalized,"{""event_date"": ""2015-07-19T06:00:00Z""}"
6004,normalize,date_normalized,"{""event_date"": ""2013-09-13T06:00:00Z""}"
6005,normalize,date_normalized,"{""event_date"": ""2014-07-15T06:00:00Z""}"
6006,normalize,date_normalized,"{""event_date"": ""2015-02-10T07:00:00Z""}"
6007,normalize,date_normalized,"{""event_date"": ""2015-12-18T07:00:00Z""}"
6008,normalize,date_normalized,"{""event_date"": ""2014-03-12T06:00:00Z""}"
6009,normalize,date_normalized,"{""event_date"": ""2012-05-18T06:00:00Z""}"
6010,normalize,date_normalized,"{""event_date"": ""2015-07-19T06:00:00Z""}"
6011,normalize,date_normalized,"{""event_date"": ""2015-09-15T06:00:00Z""}"
6012,normalize,date_normalized,"{""event_date"": ""2014-12-05T07:00:00Z""}"
6013,normalize,date_normalized,"{""event_date"": ""2015-09-24T06:00:00Z""}"
6014,normalize,date_normalized,"{""event_date"": ""2015-04-18T06:00:00Z""}"
6015,normalize,date_normalized,"{""event_date"": ""2015-09-14T06:00:00Z""}"
6016,normalize,date_normalized,"{""event_date"": ""2015-05-07T06:00:00Z""}"
6017,normalize,date_normalized,"{""event_date"": ""2015-10-13T06:00:00Z""}"
6018,normalize,date_normalized,"{""event_date"": ""2010-07-13T06:00:00Z""}"
6019,normalize,date_normalized,"{""event_date"": ""2014-11-04T07:00:00Z""}"
6020,normalize,date_normalized,"{""event_date"": ""2015-05-06T06:00:00Z""}"
6021,normalize,date_normalized,"{""event_date"": ""2015-07-19T06:00:00Z""}"
6022,normalize,date_normalized,"{""event_date"": ""2015-12-03T07:00:00Z""}"
6023,normalize,date_normalized,"{""event_date"": ""2014-11-25T07:00:00Z""}"
6024,normalize,date_normalized,"{""event_date"": ""2015-08-07T06:00:00Z""}"
6025,normalize,date_normalized,"{""event_date"": ""2015-07-26T06:00:00Z""}"
6026,normalize,date_normalized,"{""event_date"": ""2016-03-30T06:00:00Z""}"
6027,normalize,date_normalized,"{""event_date"": ""2015-03-23T06:00:00Z""}"
6028,normalize,date_normalized,"{""event_date"": ""2015-06-17T06:00:00Z""}"
6029,normalize,date_normalized,"{""event_date"": ""2009-03-17T06:00:00Z""}"
6030,normalize,date_normalized,"{""event_date"": ""2011-05-18T06:00:00Z""}"
6031,normalize,date_normalized,"{""event_date"": ""2015-08-17T06:00:00Z""}"
6032,normalize,date_normalized,"{""event_date"": ""2015-05-07T06:00:00Z""}"
6033,normalize,date_normalized,"{""event_date"": ""2014-12-01T07:00:00Z""}"
6034,normalize,date_normalized,"{""event_date"": ""2014-12-01T07:00:00Z""}"
6035,normalize,date_normalized,"{""event_date"": ""2015-03-23T06:00:00Z""}"
6036,normalize,date_normalized,"{""event_date"": ""2015-09-14T06:00:00Z""}"
6037,normalize,date_normalized,"{""event_date"": ""2015-05-08T06:00:00Z""}"
6038,normalize,date_normalized,"{""event_date"": ""2015-09-14T06:00:00Z""}"
6039,normalize,date_normalized,"{""event_date"": ""2015-03-23T06:00:00Z""}"
6040,normalize,date_normalized,"{""event_date"": ""2015-09-15T06:00:00Z""}"
6041,normalize,date_normalized,"{""event_date"": ""2010-06-09T06:00:00Z""}"
6042,normalize,date_normalized,"{""event_date"": ""2015-06-25T06:00:00Z""}"
6043,normalize,date_normalized,"{""event_date"": ""2011-03-01T07:00:00Z""}"
6044,normalize,date_normalized,"{""event_date"": ""2015-06-26T06:00:00Z""}"
6045,normalize,date_normalized,"{""event_date"": ""2015-05-08T06:00:00Z""}"
6046,normalize,date_normalized,"{""event_date"": ""2014-11-13T07:00:00Z""}"
6047,normalize,date_normalized,"{""event_date"": ""2014-04-22T06:00:00Z""}"
6048,normalize,date_normalized,"{""event_date"": ""2015-08-25T06:00:00Z""}"
6049,normalize,date_normalized,"{""event_date"": ""2015-12-15T07:00:00Z""}"
6050,normalize,date_normalized,"{""event_date"": ""2015-09-14T06:00:00Z""}"
6051,normalize,date_normalized,"{""event_date"": ""2015-11-20T07:00:00Z""}"
6052,normalize,date_normalized,"{""event_date"": ""2011-07-05T06:00:00Z""}"
6053,normalize,date_normalized,"{""event_date"": ""2014-12-05T07:00:00Z""}"
6054,normalize,date_normalized,"{""event_date"": ""2015-08-28T06:00:00Z""}"
6055,normalize,date_normalized,"{""event_date"": ""2011-02-26T07:00:00Z""}"
6056,normalize,date_normalized,"{""event_date"": ""2016-04-27T06:00:00Z""}"
6057,normalize,date_normalized,"{""event_date"": ""2015-02-10T07:00:00Z""}"
6058,normalize,date_normalized,"{""event_date"": ""2015-01-31T07:00:00Z""}"
6059,normalize,date_normalized,"{""event_date"": ""2015-10-20T06:00:00Z""}"
6060,normalize,date_normalized,"{""event_date"": ""2011-02-26T07:00:00Z""}"
6061,normalize,date_normalized,"{""event_date"": ""2014-04-22T06:00:00Z""}"
6062,normalize,date_normalized,"{""event_date"": ""2011-09-22T06:00:00Z""}"
6063,normalize,date_normalized,"{""event_date"": ""2016-03-02T07:00:00Z""}"
6064,normalize,date_normalized,"{""event_date"": ""2015-04-14T06:00:00Z""}"
6065,normalize,date_normalized,"{""event_date"": ""2014-11-13T07:00:00Z""}"
6066,normalize,date_normalized,"{""event_date"": ""2010-10-07T06:00:00Z""}"
6067,normalize,date_normalized,"{""event_date"": ""2013-09-13T06:00:00Z""}"
6068,normalize,date_normalized,"{""event_date"": ""2014-11-13T07:00:00Z""}"
6069,normalize,date_normalized,"{""event_date"": ""2015-09-14T06:00:00Z""}"
6070,normalize,date_normalized,"{""event_date"": ""2010-10-08T06:00:00Z""}"
6071,normalize,date_normalized,"{""event_date"": ""2015-07-19T06:00:00Z""}"
6072,normalize,date_normalized,"{""event_date"": ""2014-11-25T07:00:00Z""}"
6073,normalize,date_normalized,"{""event_date"": ""2010-06-11T06:00:00Z""}"
6074,normalize,date_normalized,"{""event_date"": ""2015-07-20T06:00:00Z""}"
6075,normalize,date_normalized,"{""event_date"": ""2015-06-25T06:00:00Z""}"
6076,normalize,date_normalized,"{""event_date"": ""2014-03-12T06:00:00Z""}"
6077,normalize,date_normalized,"{""event_date"": ""2014-12-01T07:00:00Z""}"
6078,normalize,date_normalized,"{""event_date"": ""2012-07-25T06:00:00Z""}"
6079,normalize,date_normalized,"{""event_date"": ""2015-09-14T06:00:00Z""}"
6080,normalize,date_normalized,"{""event_date"": ""2015-05-06T06:00:00Z""}"
6081,normalize,date_normalized,"{""event_date"": ""2015-04-14T06:00:00Z""}"
6082,normalize,date_normalized,"{""event_date"": ""2016-04-18T06:00:00Z""}"
6083,normalize,date_normalized,"{""event_date"": ""2015-08-28T06:00:00Z""}"
6084,normalize,date_normalized,"{""event_date"": ""2011-03-14T06:00:00Z""}"
6085,normalize,date_normalized,"{""event_date"": ""2015-08-14T06:00:00Z""}"
6086,normalize,date_normalized,"{""event_date"": ""2015-07-26T06:00:00Z""}"
6087,normalize,date_normalized,"{""event_date"": ""2015-03-23T06:00:00Z""}"
6088,normalize,date_normalized,"{""event_date"": ""2015-09-28T06:00:00Z""}"
6089,normalize,date_normalized,"{""event_date"": ""2015-10-22T06:00:00Z""}"
6090,normalize,date_normalized,"{""event_date"": ""2015-08-28T06:00:00Z""}"
6091,normalize,date_normalized,"{""event_date"": ""2015-09-23T06:00:00Z""}"
6092,normalize,date_normalized,"{""event_date"": ""2011-02-26T07:00:00Z""}"
6093,normalize,date_normalized,"{""event_date"": ""2014-11-05T07:00:00Z""}"
6094,normalize,date_normalized,"{""event_date"": ""2016-01-19T07:00:00Z""}"
6095,normalize,date_normalized,"{""event_date"": ""2010-07-21T06:00:00Z""}"
6096,normalize,date_normalized,"{""event_date"": ""2015-08-22T06:00:00Z""}"
6097,normalize,date_normalized,"{""event_date"": ""2014-07-15T06:00:00Z""}"
6098,normalize,date_normalized,"{""event_date"": ""2016-05-17T06:00:00Z""}"
6099,normalize,date_normalized,"{""event_date"": ""2014-06-23T06:00:00Z""}"
6100,normalize,date_normalized,"{""event_date"": ""2016-04-04T06:00:00Z""}"
6101,normalize,date_normalized,"{""event_date"": ""2015-09-30T06:00:00Z""}"
6102,normalize,date_normalized,"{""event_date"": ""2015-06-03T06:00:00Z""}"
6103,normalize,date_normalized,"{""event_date"": ""2014-07-31T06:00:00Z""}"
6104,normalize,date_normalized,"{""event_date"": ""2014-01-27T07:00:00Z""}"
6105,normalize,date_normalized,"{""event_date"": ""2011-04-28T06:00:00Z""}"
6106,normalize,date_normalized,"{""event_date"": ""2010-07-21T06:00:00Z""}"
6107,normalize,date_normalized,"{""event_date"": ""2015-06-30T06:00:00Z""}"
6108,normalize,date_normalized,"{""event_date"": ""2016-07-01T06:00:00Z""}"
6109,normalize,date_normalized,"{""event_date"": ""2016-06-20T06:00:00Z""}"
6110,normalize,date_normalized,"{""event_date"": ""2014-12-04T07:00:00Z""}"
6111,normalize,date_normalized,"{""event_date"": ""2014-12-04T07:00:00Z""}"
6112,normalize,date_normalized,"{""event_date"": ""2014-12-04T07:00:00Z""}"
6113,normalize,date_normalized,"{""event_date"": ""2016-05-02T06:00:00Z""}"
6114,normalize,date_normalized,"{""event_date"": ""2016-06-03T06:00:00Z""}"
6115,normalize,date_normalized,"{""event_date"": ""2016-06-02T06:00:00Z""}"
6116,normalize,date_normalized,"{""event_date"": ""2016-05-23T06:00:00Z""}"
6117,normalize,date_normalized,"{""event_date"": ""2018-04-13T06:00:00Z""}"
6118,normalize,date_normalized,"{""event_date"": ""2016-04-25T06:00:00Z""}"
6119,normalize,date_normalized,"{""event_date"": ""2016-05-04T06:00:00Z""}"
6120,normalize,date_normalized,"{""event_date"": ""2018-04-15T06:00:00Z""}"
6121,normalize,date_normalized,"{""event_date"": ""2016-04-11T06:00:00Z""}"
6122,normalize,date_normalized,"{""event_date"": ""2016-06-16T06:00:00Z""}"
6123,normalize,date_normalized,"{""event_date"": ""2010-11-02T06:00:00Z""}"
6124,normalize,date_normalized,"{""event_date"": ""2015-12-22T07:00:00Z""}"
6125,normalize,date_normalized,"{""event_date"": ""2018-04-15T06:00:00Z""}"
6126,normalize,date_normalized,"{""event_date"": ""2016-03-30T06:00:00Z""}"
6127,normalize,date_normalized,"{""event_date"": ""2018-04-15T06:00:00Z""}"
6128,normalize,date_normalized,"{""event_date"": ""2014-09-03T06:00:00Z""}"
6129,normalize,date_normalized,"{""event_date"": ""2016-05-02T06:00:00Z""}"
6130,normalize,date_normalized,"{""event_date"": ""2018-04-15T06:00:00Z""}"
6131,normalize,date_normalized,"{""event_date"": ""2018-04-15T06:00:00Z""}"
6132,normalize,date_normalized,"{""event_date"": ""2018-04-15T06:00:00Z""}"
6133,normalize,date_normalized,"{""event_date"": ""2016-01-06T07:00:00Z""}"
6134,normalize,date_normalized,"{""event_date"": ""2009-03-09T06:00:00Z""}"
6135,normalize,date_normalized,"{""event_date"": ""2010-09-08T06:00:00Z""}"
6136,normalize,date_normalized,"{""event_date"": ""2018-04-15T06:00:00Z""}"
6137,normalize,date_normalized,"{""event_date"": ""2016-04-27T06:00:00Z""}"
6138,normalize,date_normalized,"{""event_date"": ""2018-04-15T06:00:00Z""}"
6139,normalize,date_normalized,"{""event_date"": ""2015-12-18T07:00:00Z""}"
6140,normalize,date_normalized,"{""event_date"": ""2016-05-12T06:00:00Z""}"
6141,normalize,date_normalized,"{""event_date"": ""2016-03-10T07:00:00Z""}"
6142,normalize,date_normalized,"{""event_date"": ""2016-05-18T06:00:00Z""}"
6143,normalize,date_normalized,"{""event_date"": ""2016-05-19T06:00:00Z""}"
6144,normalize,date_normalized,"{""event_date"": ""2016-05-17T06:00:00Z""}"
6145,normalize,date_normalized,"{""event_date"": ""2014-01-29T07:00:00Z""}"
6146,normalize,date_normalized,"{""event_date"": ""2010-07-21T06:00:00Z""}"
6147,normalize,date_normalized,"{""event_date"": ""2018-04-15T06:00:00Z""}"
6148,normalize,date_normalized,"{""event_date"": ""2016-04-12T06:00:00Z""}"
6149,normalize,date_normalized,"{""event_date"": ""2015-12-14T07:00:00Z""}"
6150,normalize,date_normalized,"{""event_date"": ""2015-03-20T06:00:00Z""}"
6151,normalize,date_normalized,"{""event_date"": ""2016-08-06T06:00:00Z""}"
6151,content,invalid_url_like,"{""context"": ""messages[1].assistant"", ""values"": [""chinasmack[.com"", ""chinastrat[.com"", ""cnmilit[.com"", ""hackforums[.net"", ""newsnstat[.com"", ""www.cnmilit[.com"", ""www.newsnstat[.com"", ""ymlp50[.com""]}"
6152,normalize,date_normalized,"{""event_date"": ""2016-05-23T06:00:00Z""}"
6153,normalize,date_normalized,"{""event_date"": ""2015-07-27T06:00:00Z""}"
6154,normalize,date_normalized,"{""event_date"": ""2016-01-28T07:00:00Z""}"
6155,normalize,date_normalized,"{""event_date"": ""2018-04-13T06:00:00Z""}"
6156,normalize,date_normalized,"{""event_date"": ""2018-04-15T06:00:00Z""}"
6157,normalize,date_normalized,"{""event_date"": ""2015-12-28T07:00:00Z""}"
6158,normalize,date_normalized,"{""event_date"": ""2015-12-28T07:00:00Z""}"
6159,normalize,date_normalized,"{""event_date"": ""2015-12-28T07:00:00Z""}"
6160,normalize,date_normalized,"{""event_date"": ""2018-04-15T06:00:00Z""}"
6161,normalize,date_normalized,"{""event_date"": ""2010-05-24T06:00:00Z""}"
6162,normalize,date_normalized,"{""event_date"": ""2018-04-15T06:00:00Z""}"
6163,normalize,date_normalized,"{""event_date"": ""2018-04-15T06:00:00Z""}"
6164,normalize,date_normalized,"{""event_date"": ""2018-04-15T06:00:00Z""}"
6165,normalize,date_normalized,"{""event_date"": ""2015-12-28T07:00:00Z""}"
6166,normalize,date_normalized,"{""event_date"": ""2011-04-26T06:00:00Z""}"
6167,normalize,date_normalized,"{""event_date"": ""2018-04-15T06:00:00Z""}"
6168,normalize,date_normalized,"{""event_date"": ""2016-01-06T07:00:00Z""}"
6169,normalize,date_normalized,"{""event_date"": ""2018-04-15T06:00:00Z""}"
6170,normalize,date_normalized,"{""event_date"": ""2016-01-06T07:00:00Z""}"
6171,normalize,date_normalized,"{""event_date"": ""2015-12-22T07:00:00Z""}"
6172,normalize,date_normalized,"{""event_date"": ""2016-07-08T06:00:00Z""}"
6173,normalize,date_normalized,"{""event_date"": ""2013-11-18T07:00:00Z""}"
6174,normalize,date_normalized,"{""event_date"": ""2011-02-15T07:00:00Z""}"
6175,normalize,date_normalized,"{""event_date"": ""2016-02-09T07:00:00Z""}"
6176,normalize,date_normalized,"{""event_date"": ""2011-08-25T06:00:00Z""}"
6177,normalize,date_normalized,"{""event_date"": ""2008-07-21T06:00:00Z""}"
6178,normalize,date_normalized,"{""event_date"": ""2016-06-17T06:00:00Z""}"
6179,normalize,date_normalized,"{""event_date"": ""2016-10-03T06:00:00Z""}"
6180,normalize,date_normalized,"{""event_date"": ""2016-08-08T06:00:00Z""}"
6181,normalize,date_normalized,"{""event_date"": ""2016-10-05T06:00:00Z""}"
6182,normalize,date_normalized,"{""event_date"": ""2014-03-19T06:00:00Z""}"
6183,normalize,date_normalized,"{""event_date"": ""2015-10-19T06:00:00Z""}"
6184,normalize,date_normalized,"{""event_date"": ""2014-04-24T06:00:00Z""}"
6185,normalize,date_normalized,"{""event_date"": ""2014-04-24T06:00:00Z""}"
6186,normalize,date_normalized,"{""event_date"": ""2014-04-24T06:00:00Z""}"
6187,normalize,date_normalized,"{""event_date"": ""2010-06-09T06:00:00Z""}"
6188,normalize,date_normalized,"{""event_date"": ""2015-10-19T06:00:00Z""}"
6189,normalize,date_normalized,"{""event_date"": ""2015-06-23T06:00:00Z""}"
6190,normalize,date_normalized,"{""event_date"": ""2014-04-24T06:00:00Z""}"
6191,normalize,date_normalized,"{""event_date"": ""2014-04-24T06:00:00Z""}"
6192,normalize,date_normalized,"{""event_date"": ""2015-10-19T06:00:00Z""}"
6193,normalize,date_normalized,"{""event_date"": ""2015-10-06T06:00:00Z""}"
6194,normalize,date_normalized,"{""event_date"": ""2013-12-20T07:00:00Z""}"
6195,normalize,date_normalized,"{""event_date"": ""2015-12-21T07:00:00Z""}"
6196,normalize,date_normalized,"{""event_date"": ""2015-10-19T06:00:00Z""}"
6197,normalize,date_normalized,"{""event_date"": ""2015-10-06T06:00:00Z""}"
6198,normalize,date_normalized,"{""event_date"": ""2011-06-08T06:00:00Z""}"
6199,normalize,date_normalized,"{""event_date"": ""2015-10-19T06:00:00Z""}"
6200,normalize,date_normalized,"{""event_date"": ""2016-06-09T06:00:00Z""}"
6201,normalize,date_normalized,"{""event_date"": ""2016-06-20T06:00:00Z""}"
6202,normalize,date_normalized,"{""event_date"": ""2012-02-21T07:00:00Z""}"
6203,normalize,date_normalized,"{""event_date"": ""2011-02-08T07:00:00Z""}"
6204,normalize,date_normalized,"{""event_date"": ""2012-11-02T06:00:00Z""}"
6205,normalize,date_normalized,"{""event_date"": ""2011-03-01T07:00:00Z""}"
6206,normalize,date_normalized,"{""event_date"": ""2011-02-28T07:00:00Z""}"
6207,normalize,date_normalized,"{""event_date"": ""2010-12-08T07:00:00Z""}"
6208,normalize,date_normalized,"{""event_date"": ""2010-08-25T06:00:00Z""}"
6209,normalize,date_normalized,"{""event_date"": ""2010-07-22T06:00:00Z""}"
6210,normalize,date_normalized,"{""event_date"": ""2010-11-17T07:00:00Z""}"
6211,normalize,date_normalized,"{""event_date"": ""2010-07-13T06:00:00Z""}"
6212,normalize,date_normalized,"{""event_date"": ""2012-02-21T07:00:00Z""}"
6213,normalize,date_normalized,"{""event_date"": ""2010-12-12T07:00:00Z""}"
6214,normalize,date_normalized,"{""event_date"": ""2012-01-04T07:00:00Z""}"
6215,normalize,date_normalized,"{""event_date"": ""2011-11-01T06:00:00Z""}"
6216,normalize,date_normalized,"{""event_date"": ""2012-10-15T06:00:00Z""}"
6217,normalize,date_normalized,"{""event_date"": ""2011-01-24T07:00:00Z""}"
6218,normalize,date_normalized,"{""event_date"": ""2012-06-14T06:00:00Z""}"
6219,normalize,date_normalized,"{""event_date"": ""2016-04-26T06:00:00Z""}"
6220,normalize,date_normalized,"{""event_date"": ""2016-02-24T07:00:00Z""}"
6221,normalize,date_normalized,"{""event_date"": ""2016-02-12T07:00:00Z""}"
6222,normalize,date_normalized,"{""event_date"": ""2018-04-13T06:00:00Z""}"
6223,normalize,date_normalized,"{""event_date"": ""2011-08-10T06:00:00Z""}"
6224,normalize,date_normalized,"{""event_date"": ""2014-10-05T06:00:00Z""}"
6225,normalize,date_normalized,"{""event_date"": ""2015-11-07T07:00:00Z""}"
6226,normalize,date_normalized,"{""event_date"": ""2014-10-05T06:00:00Z""}"
6227,normalize,date_normalized,"{""event_date"": ""2015-11-07T07:00:00Z""}"
6228,normalize,date_normalized,"{""event_date"": ""2016-02-08T07:00:00Z""}"
6229,normalize,date_normalized,"{""event_date"": ""2015-10-14T06:00:00Z""}"
6230,normalize,date_normalized,"{""event_date"": ""2015-08-25T06:00:00Z""}"
6231,normalize,date_normalized,"{""event_date"": ""2018-04-15T06:00:00Z""}"
6232,normalize,date_normalized,"{""event_date"": ""2013-10-24T06:00:00Z""}"
6233,normalize,date_normalized,"{""event_date"": ""2014-12-24T07:00:00Z""}"
6234,normalize,date_normalized,"{""event_date"": ""2010-05-14T06:00:00Z""}"
6235,normalize,date_normalized,"{""event_date"": ""2009-05-12T06:00:00Z""}"
6236,normalize,date_normalized,"{""event_date"": ""2018-04-15T06:00:00Z""}"
6237,normalize,date_normalized,"{""event_date"": ""2012-11-23T07:00:00Z""}"
6238,normalize,date_normalized,"{""event_date"": ""2015-11-07T07:00:00Z""}"
6239,normalize,date_normalized,"{""event_date"": ""2015-11-23T07:00:00Z""}"
6240,normalize,date_normalized,"{""event_date"": ""2013-10-24T06:00:00Z""}"
6241,normalize,date_normalized,"{""event_date"": ""2015-03-26T06:00:00Z""}"
6242,normalize,date_normalized,"{""event_date"": ""2015-11-24T07:00:00Z""}"
6243,normalize,date_normalized,"{""event_date"": ""2015-03-26T06:00:00Z""}"
6244,normalize,date_normalized,"{""event_date"": ""2015-06-25T06:00:00Z""}"
6245,normalize,date_normalized,"{""event_date"": ""2010-11-11T07:00:00Z""}"
6246,normalize,date_normalized,"{""event_date"": ""2011-09-16T06:00:00Z""}"
6247,normalize,date_normalized,"{""event_date"": ""2015-06-25T06:00:00Z""}"
6248,normalize,date_normalized,"{""event_date"": ""2015-10-14T06:00:00Z""}"
6249,normalize,date_normalized,"{""event_date"": ""2015-06-25T06:00:00Z""}"
6250,normalize,date_normalized,"{""event_date"": ""2015-11-07T07:00:00Z""}"
6251,normalize,date_normalized,"{""event_date"": ""2015-06-25T06:00:00Z""}"
6252,normalize,date_normalized,"{""event_date"": ""2015-09-29T06:00:00Z""}"
6253,normalize,date_normalized,"{""event_date"": ""2015-09-29T06:00:00Z""}"
6254,normalize,date_normalized,"{""event_date"": ""2018-04-15T06:00:00Z""}"
6255,normalize,date_normalized,"{""event_date"": ""2015-11-24T07:00:00Z""}"
6256,normalize,date_normalized,"{""event_date"": ""2010-06-11T06:00:00Z""}"
6257,normalize,date_normalized,"{""event_date"": ""2009-05-31T06:00:00Z""}"
6258,normalize,date_normalized,"{""event_date"": ""2011-09-15T06:00:00Z""}"
6259,normalize,date_normalized,"{""event_date"": ""2014-12-24T07:00:00Z""}"
6260,normalize,date_normalized,"{""event_date"": ""2015-10-14T06:00:00Z""}"
6261,normalize,date_normalized,"{""event_date"": ""2015-03-26T06:00:00Z""}"
6262,normalize,date_normalized,"{""event_date"": ""2015-08-25T06:00:00Z""}"
6263,normalize,date_normalized,"{""event_date"": ""2016-02-03T07:00:00Z""}"
6264,normalize,date_normalized,"{""event_date"": ""2016-02-03T07:00:00Z""}"
6265,normalize,date_normalized,"{""event_date"": ""2016-05-19T06:00:00Z""}"
6266,normalize,date_normalized,"{""event_date"": ""2010-07-21T06:00:00Z""}"
6267,normalize,date_normalized,"{""event_date"": ""2016-06-17T06:00:00Z""}"
6268,normalize,date_normalized,"{""event_date"": ""2016-08-26T06:00:00Z""}"
6269,normalize,date_normalized,"{""event_date"": ""2016-02-03T07:00:00Z""}"
6270,normalize,date_normalized,"{""event_date"": ""2016-08-26T06:00:00Z""}"
6271,normalize,date_normalized,"{""event_date"": ""2016-02-03T07:00:00Z""}"
6272,normalize,date_normalized,"{""event_date"": ""2016-02-03T07:00:00Z""}"
6273,normalize,date_normalized,"{""event_date"": ""2016-02-03T07:00:00Z""}"
6274,normalize,date_normalized,"{""event_date"": ""2016-07-01T06:00:00Z""}"
6275,normalize,date_normalized,"{""event_date"": ""2016-08-26T06:00:00Z""}"
6276,normalize,date_normalized,"{""event_date"": ""2018-04-13T06:00:00Z""}"
6277,normalize,date_normalized,"{""event_date"": ""2016-07-06T06:00:00Z""}"
6278,normalize,date_normalized,"{""event_date"": ""2016-02-03T07:00:00Z""}"
6279,normalize,date_normalized,"{""event_date"": ""2016-10-25T06:00:00Z""}"
6280,normalize,date_normalized,"{""event_date"": ""2014-04-09T06:00:00Z""}"
6281,normalize,date_normalized,"{""event_date"": ""2013-10-23T06:00:00Z""}"
6282,normalize,date_normalized,"{""event_date"": ""2018-04-15T06:00:00Z""}"
6283,normalize,date_normalized,"{""event_date"": ""2013-10-23T06:00:00Z""}"
6284,normalize,date_normalized,"{""event_date"": ""2018-04-15T06:00:00Z""}"
6285,normalize,date_normalized,"{""event_date"": ""2010-08-23T06:00:00Z""}"
6286,normalize,date_normalized,"{""event_date"": ""2013-10-21T06:00:00Z""}"
6287,normalize,date_normalized,"{""event_date"": ""2012-09-18T06:00:00Z""}"
6288,normalize,date_normalized,"{""event_date"": ""2014-08-26T06:00:00Z""}"
6289,normalize,date_normalized,"{""event_date"": ""2014-03-12T06:00:00Z""}"
6290,normalize,date_normalized,"{""event_date"": ""2012-03-22T06:00:00Z""}"
6291,normalize,date_normalized,"{""event_date"": ""2013-05-02T06:00:00Z""}"
6292,normalize,date_normalized,"{""event_date"": ""2015-08-04T06:00:00Z""}"
6293,normalize,date_normalized,"{""event_date"": ""2013-09-11T06:00:00Z""}"
6294,normalize,date_normalized,"{""event_date"": ""2012-03-13T06:00:00Z""}"
6295,normalize,date_normalized,"{""event_date"": ""2012-08-29T06:00:00Z""}"
6296,normalize,date_normalized,"{""event_date"": ""2013-09-11T06:00:00Z""}"
6297,normalize,date_normalized,"{""event_date"": ""2012-03-01T07:00:00Z""}"
6298,normalize,date_normalized,"{""event_date"": ""2013-08-21T06:00:00Z""}"
6299,normalize,date_normalized,"{""event_date"": ""2013-09-23T06:00:00Z""}"
6300,normalize,date_normalized,"{""event_date"": ""2013-10-23T06:00:00Z""}"
6301,normalize,date_normalized,"{""event_date"": ""2015-03-11T06:00:00Z""}"
6302,normalize,date_normalized,"{""event_date"": ""2012-07-05T06:00:00Z""}"
6303,normalize,date_normalized,"{""event_date"": ""2012-03-13T06:00:00Z""}"
6304,normalize,date_normalized,"{""event_date"": ""2016-05-23T06:00:00Z""}"
6305,normalize,date_normalized,"{""event_date"": ""2016-04-27T06:00:00Z""}"
6306,normalize,date_normalized,"{""event_date"": ""2011-12-21T07:00:00Z""}"
6307,normalize,date_normalized,"{""event_date"": ""2016-04-27T06:00:00Z""}"
6308,normalize,date_normalized,"{""event_date"": ""2015-06-30T06:00:00Z""}"
6309,normalize,date_normalized,"{""event_date"": ""2016-04-28T06:00:00Z""}"
6310,normalize,date_normalized,"{""event_date"": ""2015-07-29T06:00:00Z""}"
6311,normalize,date_normalized,"{""event_date"": ""2015-06-30T06:00:00Z""}"
6312,normalize,date_normalized,"{""event_date"": ""2015-06-30T06:00:00Z""}"
6313,normalize,date_normalized,"{""event_date"": ""2016-05-24T06:00:00Z""}"
6314,normalize,date_normalized,"{""event_date"": ""2016-06-28T06:00:00Z""}"
6315,normalize,date_normalized,"{""event_date"": ""2016-05-02T06:00:00Z""}"
6316,normalize,date_normalized,"{""event_date"": ""2010-03-04T07:00:00Z""}"
6317,normalize,date_normalized,"{""event_date"": ""2012-09-09T06:00:00Z""}"
6318,normalize,date_normalized,"{""event_date"": ""2012-08-06T06:00:00Z""}"
6319,normalize,date_normalized,"{""event_date"": ""2012-10-10T06:00:00Z""}"
6320,normalize,date_normalized,"{""event_date"": ""2009-09-16T06:00:00Z""}"
6321,normalize,date_normalized,"{""event_date"": ""2012-09-18T06:00:00Z""}"
6322,normalize,date_normalized,"{""event_date"": ""2013-12-09T07:00:00Z""}"
6323,normalize,date_normalized,"{""event_date"": ""2010-07-06T06:00:00Z""}"
6324,normalize,date_normalized,"{""event_date"": ""2009-07-10T06:00:00Z""}"
6325,normalize,date_normalized,"{""event_date"": ""2012-08-16T06:00:00Z""}"
6326,normalize,date_normalized,"{""event_date"": ""2009-03-09T06:00:00Z""}"
6327,normalize,date_normalized,"{""event_date"": ""2010-04-27T06:00:00Z""}"
6328,normalize,date_normalized,"{""event_date"": ""2012-06-25T06:00:00Z""}"
6329,normalize,date_normalized,"{""event_date"": ""2014-01-02T07:00:00Z""}"
6330,normalize,date_normalized,"{""event_date"": ""2013-08-06T06:00:00Z""}"
6331,normalize,date_normalized,"{""event_date"": ""2012-08-10T06:00:00Z""}"
6332,normalize,date_normalized,"{""event_date"": ""2014-11-10T07:00:00Z""}"
6333,normalize,date_normalized,"{""event_date"": ""2012-10-26T06:00:00Z""}"
6334,normalize,date_normalized,"{""event_date"": ""2010-05-28T06:00:00Z""}"
6335,normalize,date_normalized,"{""event_date"": ""2010-04-07T06:00:00Z""}"
6336,normalize,date_normalized,"{""event_date"": ""2012-06-28T06:00:00Z""}"
6337,normalize,date_normalized,"{""event_date"": ""2013-03-24T06:00:00Z""}"
6338,normalize,date_normalized,"{""event_date"": ""2013-09-13T06:00:00Z""}"
6339,normalize,date_normalized,"{""event_date"": ""2012-05-31T06:00:00Z""}"
6340,normalize,date_normalized,"{""event_date"": ""2013-03-12T06:00:00Z""}"
6341,normalize,date_normalized,"{""event_date"": ""2014-03-07T07:00:00Z""}"
6342,normalize,date_normalized,"{""event_date"": ""2018-04-15T06:00:00Z""}"
6343,normalize,date_normalized,"{""event_date"": ""2013-09-13T06:00:00Z""}"
6344,normalize,date_normalized,"{""event_date"": ""2012-09-28T06:00:00Z""}"
6345,normalize,date_normalized,"{""event_date"": ""2013-10-16T06:00:00Z""}"
6346,normalize,date_normalized,"{""event_date"": ""2015-03-22T06:00:00Z""}"
6347,normalize,date_normalized,"{""event_date"": ""2010-12-14T07:00:00Z""}"
6348,normalize,date_normalized,"{""event_date"": ""2013-09-13T06:00:00Z""}"
6349,normalize,date_normalized,"{""event_date"": ""2015-04-15T06:00:00Z""}"
6350,normalize,date_normalized,"{""event_date"": ""2012-09-17T06:00:00Z""}"
6351,normalize,date_normalized,"{""event_date"": ""2015-06-02T06:00:00Z""}"
6352,normalize,date_normalized,"{""event_date"": ""2010-08-20T06:00:00Z""}"
6353,normalize,date_normalized,"{""event_date"": ""2015-05-18T06:00:00Z""}"
6354,normalize,date_normalized,"{""event_date"": ""2012-05-31T06:00:00Z""}"
6355,normalize,date_normalized,"{""event_date"": ""2013-04-12T06:00:00Z""}"
6356,normalize,date_normalized,"{""event_date"": ""2012-10-26T06:00:00Z""}"
6357,normalize,date_normalized,"{""event_date"": ""2015-04-10T06:00:00Z""}"
6358,normalize,date_normalized,"{""event_date"": ""2018-04-13T06:00:00Z""}"
6359,normalize,date_normalized,"{""event_date"": ""2013-02-28T07:00:00Z""}"
6360,normalize,date_normalized,"{""event_date"": ""2012-06-25T06:00:00Z""}"
6361,normalize,date_normalized,"{""event_date"": ""2013-09-09T06:00:00Z""}"
6362,normalize,date_normalized,"{""event_date"": ""2018-04-15T06:00:00Z""}"
6363,normalize,date_normalized,"{""event_date"": ""2014-01-03T07:00:00Z""}"
6364,normalize,date_normalized,"{""event_date"": ""2013-09-13T06:00:00Z""}"
6365,normalize,date_normalized,"{""event_date"": ""2012-04-28T06:00:00Z""}"
6366,normalize,date_normalized,"{""event_date"": ""2012-05-31T06:00:00Z""}"
6367,normalize,date_normalized,"{""event_date"": ""2014-01-18T07:00:00Z""}"
6368,normalize,date_normalized,"{""event_date"": ""2013-09-03T06:00:00Z""}"
6369,normalize,date_normalized,"{""event_date"": ""2011-01-10T07:00:00Z""}"
6370,normalize,date_normalized,"{""event_date"": ""2014-03-13T06:00:00Z""}"
6371,normalize,date_normalized,"{""event_date"": ""2013-09-03T06:00:00Z""}"
6372,normalize,date_normalized,"{""event_date"": ""2012-05-31T06:00:00Z""}"
6373,normalize,date_normalized,"{""event_date"": ""2012-06-12T06:00:00Z""}"
6374,normalize,date_normalized,"{""event_date"": ""2012-06-25T06:00:00Z""}"
6375,normalize,date_normalized,"{""event_date"": ""2009-08-04T06:00:00Z""}"
6376,normalize,date_normalized,"{""event_date"": ""2014-03-07T07:00:00Z""}"
6377,normalize,date_normalized,"{""event_date"": ""2014-03-07T07:00:00Z""}"
6378,normalize,date_normalized,"{""event_date"": ""2013-04-12T06:00:00Z""}"
6379,normalize,date_normalized,"{""event_date"": ""2014-03-07T07:00:00Z""}"
6380,normalize,date_normalized,"{""event_date"": ""2009-08-14T06:00:00Z""}"
6381,normalize,date_normalized,"{""event_date"": ""2013-09-13T06:00:00Z""}"
6382,normalize,date_normalized,"{""event_date"": ""2014-06-09T06:00:00Z""}"
6383,normalize,date_normalized,"{""event_date"": ""2013-01-29T07:00:00Z""}"
6384,normalize,date_normalized,"{""event_date"": ""2013-04-12T06:00:00Z""}"
6385,normalize,date_normalized,"{""event_date"": ""2014-03-07T07:00:00Z""}"
6386,normalize,date_normalized,"{""event_date"": ""2014-12-19T07:00:00Z""}"
6387,normalize,date_normalized,"{""event_date"": ""2016-01-24T07:00:00Z""}"
6388,normalize,date_normalized,"{""event_date"": ""2018-04-15T06:00:00Z""}"
6389,normalize,date_normalized,"{""event_date"": ""2015-03-11T06:00:00Z""}"
6390,normalize,date_normalized,"{""event_date"": ""2018-04-15T06:00:00Z""}"
6391,normalize,date_normalized,"{""event_date"": ""2009-05-05T06:00:00Z""}"
6392,normalize,date_normalized,"{""event_date"": ""2018-04-15T06:00:00Z""}"
6393,normalize,date_normalized,"{""event_date"": ""2018-04-15T06:00:00Z""}"
6394,normalize,date_normalized,"{""event_date"": ""2018-04-15T06:00:00Z""}"
6395,normalize,date_normalized,"{""event_date"": ""2018-04-15T06:00:00Z""}"
6396,normalize,date_normalized,"{""event_date"": ""2016-09-26T06:00:00Z""}"
6397,normalize,date_normalized,"{""event_date"": ""2016-03-17T06:00:00Z""}"
6398,normalize,date_normalized,"{""event_date"": ""2016-03-17T06:00:00Z""}"
6399,normalize,date_normalized,"{""event_date"": ""2016-03-17T06:00:00Z""}"
6400,normalize,date_normalized,"{""event_date"": ""2016-06-14T06:00:00Z""}"
6401,normalize,date_normalized,"{""event_date"": ""2014-12-05T07:00:00Z""}"
6402,normalize,date_normalized,"{""event_date"": ""2009-10-09T06:00:00Z""}"
6403,normalize,date_normalized,"{""event_date"": ""2013-09-09T06:00:00Z""}"
6404,normalize,date_normalized,"{""event_date"": ""2014-11-23T07:00:00Z""}"
6405,normalize,date_normalized,"{""event_date"": ""2014-12-04T07:00:00Z""}"
6406,normalize,date_normalized,"{""event_date"": ""2016-02-04T07:00:00Z""}"
6407,normalize,date_normalized,"{""event_date"": ""2018-04-15T06:00:00Z""}"
6408,normalize,date_normalized,"{""event_date"": ""2014-01-21T07:00:00Z""}"
6409,normalize,date_normalized,"{""event_date"": ""2015-02-05T07:00:00Z""}"
6410,normalize,date_normalized,"{""event_date"": ""2012-07-20T06:00:00Z""}"
6411,normalize,date_normalized,"{""event_date"": ""2018-04-15T06:00:00Z""}"
6412,normalize,date_normalized,"{""event_date"": ""2016-06-23T06:00:00Z""}"
6413,normalize,date_normalized,"{""event_date"": ""2011-12-08T07:00:00Z""}"
6414,normalize,date_normalized,"{""event_date"": ""2018-04-15T06:00:00Z""}"
6415,normalize,date_normalized,"{""event_date"": ""2010-11-12T07:00:00Z""}"
6416,normalize,date_normalized,"{""event_date"": ""2013-11-03T06:00:00Z""}"
6417,normalize,date_normalized,"{""event_date"": ""2015-10-02T06:00:00Z""}"
6418,normalize,date_normalized,"{""event_date"": ""2015-12-13T07:00:00Z""}"
6419,normalize,date_normalized,"{""event_date"": ""2015-12-16T07:00:00Z""}"
6420,normalize,date_normalized,"{""event_date"": ""2011-07-18T06:00:00Z""}"
6421,normalize,date_normalized,"{""event_date"": ""2015-07-12T06:00:00Z""}"
6422,normalize,date_normalized,"{""event_date"": ""2015-09-30T06:00:00Z""}"
6423,normalize,date_normalized,"{""event_date"": ""2016-02-25T07:00:00Z""}"
6424,normalize,date_normalized,"{""event_date"": ""2010-06-09T06:00:00Z""}"
6425,normalize,date_normalized,"{""event_date"": ""2015-10-14T06:00:00Z""}"
6426,normalize,date_normalized,"{""event_date"": ""2015-10-15T06:00:00Z""}"
6427,normalize,date_normalized,"{""event_date"": ""2015-12-08T07:00:00Z""}"
6428,normalize,date_normalized,"{""event_date"": ""2015-10-31T06:00:00Z""}"
6429,normalize,date_normalized,"{""event_date"": ""2012-07-21T06:00:00Z""}"
6430,normalize,date_normalized,"{""event_date"": ""2016-02-22T07:00:00Z""}"
6431,normalize,date_normalized,"{""event_date"": ""2015-09-26T06:00:00Z""}"
6432,normalize,date_normalized,"{""event_date"": ""2013-02-14T07:00:00Z""}"
6433,normalize,date_normalized,"{""event_date"": ""2015-07-12T06:00:00Z""}"
6434,normalize,date_normalized,"{""event_date"": ""2009-03-02T07:00:00Z""}"
6435,normalize,date_normalized,"{""event_date"": ""2010-12-21T07:00:00Z""}"
6436,normalize,date_normalized,"{""event_date"": ""2013-05-13T06:00:00Z""}"
6437,normalize,date_normalized,"{""event_date"": ""2015-10-20T06:00:00Z""}"
6438,normalize,date_normalized,"{""event_date"": ""2014-07-01T06:00:00Z""}"
6439,normalize,date_normalized,"{""event_date"": ""2015-07-03T06:00:00Z""}"
6440,normalize,date_normalized,"{""event_date"": ""2013-07-01T06:00:00Z""}"
6441,normalize,date_normalized,"{""event_date"": ""2015-08-10T06:00:00Z""}"
6442,normalize,date_normalized,"{""event_date"": ""2015-10-15T06:00:00Z""}"
6443,normalize,date_normalized,"{""event_date"": ""2018-04-15T06:00:00Z""}"
6444,normalize,date_normalized,"{""event_date"": ""2013-02-21T07:00:00Z""}"
6445,normalize,date_normalized,"{""event_date"": ""2013-12-08T07:00:00Z""}"
6446,normalize,date_normalized,"{""event_date"": ""2010-08-17T06:00:00Z""}"
6447,normalize,date_normalized,"{""event_date"": ""2014-05-11T06:00:00Z""}"
6448,normalize,date_normalized,"{""event_date"": ""2015-03-14T06:00:00Z""}"
6449,normalize,date_normalized,"{""event_date"": ""2013-11-03T06:00:00Z""}"
6450,normalize,date_normalized,"{""event_date"": ""2015-08-26T06:00:00Z""}"
6451,normalize,date_normalized,"{""event_date"": ""2015-12-11T07:00:00Z""}"
6452,normalize,date_normalized,"{""event_date"": ""2013-12-22T07:00:00Z""}"
6453,normalize,date_normalized,"{""event_date"": ""2012-07-21T06:00:00Z""}"
6454,normalize,date_normalized,"{""event_date"": ""2011-07-18T06:00:00Z""}"
6455,normalize,date_normalized,"{""event_date"": ""2014-01-30T07:00:00Z""}"
6456,normalize,date_normalized,"{""event_date"": ""2011-07-18T06:00:00Z""}"
6457,normalize,date_normalized,"{""event_date"": ""2011-04-19T06:00:00Z""}"
6458,normalize,date_normalized,"{""event_date"": ""2016-01-07T07:00:00Z""}"
6459,normalize,date_normalized,"{""event_date"": ""2018-04-15T06:00:00Z""}"
6460,normalize,date_normalized,"{""event_date"": ""2015-11-11T07:00:00Z""}"
6461,normalize,date_normalized,"{""event_date"": ""2015-12-14T07:00:00Z""}"
6462,normalize,date_normalized,"{""event_date"": ""2015-11-18T07:00:00Z""}"
6463,normalize,date_normalized,"{""event_date"": ""2016-02-22T07:00:00Z""}"
6464,normalize,date_normalized,"{""event_date"": ""2012-07-21T06:00:00Z""}"
6465,normalize,date_normalized,"{""event_date"": ""2015-08-11T06:00:00Z""}"
6466,normalize,date_normalized,"{""event_date"": ""2015-11-20T07:00:00Z""}"
6467,normalize,date_normalized,"{""event_date"": ""2015-07-31T06:00:00Z""}"
6468,normalize,date_normalized,"{""event_date"": ""2015-08-15T06:00:00Z""}"
6469,normalize,date_normalized,"{""event_date"": ""2015-08-01T06:00:00Z""}"
6470,normalize,date_normalized,"{""event_date"": ""2013-10-27T06:00:00Z""}"
6471,normalize,date_normalized,"{""event_date"": ""2018-04-15T06:00:00Z""}"
6472,normalize,date_normalized,"{""event_date"": ""2013-12-17T07:00:00Z""}"
6473,normalize,date_normalized,"{""event_date"": ""2011-07-18T06:00:00Z""}"
6474,normalize,date_normalized,"{""event_date"": ""2011-07-18T06:00:00Z""}"
6475,normalize,date_normalized,"{""event_date"": ""2015-12-14T07:00:00Z""}"
6476,normalize,date_normalized,"{""event_date"": ""2015-12-02T07:00:00Z""}"
6477,normalize,date_normalized,"{""event_date"": ""2016-01-13T07:00:00Z""}"
6478,normalize,date_normalized,"{""event_date"": ""2011-09-22T06:00:00Z""}"
6479,normalize,date_normalized,"{""event_date"": ""2012-07-21T06:00:00Z""}"
6480,normalize,date_normalized,"{""event_date"": ""2010-05-18T06:00:00Z""}"
6481,normalize,date_normalized,"{""event_date"": ""2015-10-31T06:00:00Z""}"
6482,normalize,date_normalized,"{""event_date"": ""2010-11-12T07:00:00Z""}"
6483,normalize,date_normalized,"{""event_date"": ""2010-11-12T07:00:00Z""}"
6484,normalize,date_normalized,"{""event_date"": ""2014-04-29T06:00:00Z""}"
6485,normalize,date_normalized,"{""event_date"": ""2016-01-08T07:00:00Z""}"
6486,normalize,date_normalized,"{""event_date"": ""2015-03-05T07:00:00Z""}"
6487,normalize,date_normalized,"{""event_date"": ""2010-11-12T07:00:00Z""}"
6488,normalize,date_normalized,"{""event_date"": ""2009-10-14T06:00:00Z""}"
6489,normalize,date_normalized,"{""event_date"": ""2012-07-21T06:00:00Z""}"
6490,normalize,date_normalized,"{""event_date"": ""2016-01-21T07:00:00Z""}"
6491,normalize,date_normalized,"{""event_date"": ""2013-05-04T06:00:00Z""}"
6492,normalize,date_normalized,"{""event_date"": ""2016-02-02T07:00:00Z""}"
6493,normalize,date_normalized,"{""event_date"": ""2015-08-19T06:00:00Z""}"
6494,normalize,date_normalized,"{""event_date"": ""2015-10-16T06:00:00Z""}"
6495,normalize,date_normalized,"{""event_date"": ""2013-05-06T06:00:00Z""}"
6496,normalize,date_normalized,"{""event_date"": ""2013-05-06T06:00:00Z""}"
6497,normalize,date_normalized,"{""event_date"": ""2015-10-13T06:00:00Z""}"
6498,normalize,date_normalized,"{""event_date"": ""2016-01-02T07:00:00Z""}"
6499,normalize,date_normalized,"{""event_date"": ""2009-05-05T06:00:00Z""}"
6500,normalize,date_normalized,"{""event_date"": ""2015-04-15T06:00:00Z""}"
6501,normalize,date_normalized,"{""event_date"": ""2015-07-13T06:00:00Z""}"
6502,normalize,date_normalized,"{""event_date"": ""2011-07-18T06:00:00Z""}"
6503,normalize,date_normalized,"{""event_date"": ""2014-05-11T06:00:00Z""}"
6504,normalize,date_normalized,"{""event_date"": ""2015-08-15T06:00:00Z""}"
6505,normalize,date_normalized,"{""event_date"": ""2012-03-14T06:00:00Z""}"
6506,normalize,date_normalized,"{""event_date"": ""2014-12-17T07:00:00Z""}"
6507,normalize,date_normalized,"{""event_date"": ""2016-01-21T07:00:00Z""}"
6508,normalize,date_normalized,"{""event_date"": ""2015-01-18T07:00:00Z""}"
6509,normalize,date_normalized,"{""event_date"": ""2015-09-13T06:00:00Z""}"
6510,normalize,date_normalized,"{""event_date"": ""2012-07-21T06:00:00Z""}"
6511,normalize,date_normalized,"{""event_date"": ""2014-07-02T06:00:00Z""}"
6512,normalize,date_normalized,"{""event_date"": ""2015-09-10T06:00:00Z""}"
6513,normalize,date_normalized,"{""event_date"": ""2018-04-15T06:00:00Z""}"
6514,normalize,date_normalized,"{""event_date"": ""2015-12-29T07:00:00Z""}"
6515,normalize,date_normalized,"{""event_date"": ""2015-07-10T06:00:00Z""}"
6516,normalize,date_normalized,"{""event_date"": ""2013-05-27T06:00:00Z""}"
6517,normalize,date_normalized,"{""event_date"": ""2015-12-29T07:00:00Z""}"
6518,normalize,date_normalized,"{""event_date"": ""2015-08-15T06:00:00Z""}"
6519,normalize,date_normalized,"{""event_date"": ""2010-11-12T07:00:00Z""}"
6520,normalize,date_normalized,"{""event_date"": ""2015-08-30T06:00:00Z""}"
6521,normalize,date_normalized,"{""event_date"": ""2014-03-02T07:00:00Z""}"
6522,normalize,date_normalized,"{""event_date"": ""2011-07-18T06:00:00Z""}"
6523,normalize,date_normalized,"{""event_date"": ""2010-11-12T07:00:00Z""}"
6524,normalize,date_normalized,"{""event_date"": ""2015-10-05T06:00:00Z""}"
6525,normalize,date_normalized,"{""event_date"": ""2012-07-21T06:00:00Z""}"
6526,normalize,date_normalized,"{""event_date"": ""2012-01-29T07:00:00Z""}"
6527,normalize,date_normalized,"{""event_date"": ""2018-04-15T06:00:00Z""}"
6528,normalize,date_normalized,"{""event_date"": ""2015-07-12T06:00:00Z""}"
6529,normalize,date_normalized,"{""event_date"": ""2013-07-01T06:00:00Z""}"
6530,normalize,date_normalized,"{""event_date"": ""2010-12-14T07:00:00Z""}"
6531,normalize,date_normalized,"{""event_date"": ""2016-02-10T07:00:00Z""}"
6532,normalize,date_normalized,"{""event_date"": ""2014-04-30T06:00:00Z""}"
6533,normalize,date_normalized,"{""event_date"": ""2014-10-02T06:00:00Z""}"
6534,normalize,date_normalized,"{""event_date"": ""2010-11-12T07:00:00Z""}"
6535,normalize,date_normalized,"{""event_date"": ""2013-11-24T07:00:00Z""}"
6536,normalize,date_normalized,"{""event_date"": ""2014-07-03T06:00:00Z""}"
6537,normalize,date_normalized,"{""event_date"": ""2014-10-02T06:00:00Z""}"
6538,normalize,date_normalized,"{""event_date"": ""2014-10-14T06:00:00Z""}"
6539,normalize,date_normalized,"{""event_date"": ""2015-10-22T06:00:00Z""}"
6540,normalize,date_normalized,"{""event_date"": ""2015-07-02T06:00:00Z""}"
6541,normalize,date_normalized,"{""event_date"": ""2010-09-03T06:00:00Z""}"
6542,normalize,date_normalized,"{""event_date"": ""2015-10-16T06:00:00Z""}"
6543,normalize,date_normalized,"{""event_date"": ""2016-01-17T07:00:00Z""}"
6544,normalize,date_normalized,"{""event_date"": ""2015-09-27T06:00:00Z""}"
6545,normalize,date_normalized,"{""event_date"": ""2015-11-22T07:00:00Z""}"
6546,normalize,date_normalized,"{""event_date"": ""2015-12-14T07:00:00Z""}"
6547,normalize,date_normalized,"{""event_date"": ""2011-07-18T06:00:00Z""}"
6548,normalize,date_normalized,"{""event_date"": ""2015-08-11T06:00:00Z""}"
6549,normalize,date_normalized,"{""event_date"": ""2011-07-18T06:00:00Z""}"
6550,normalize,date_normalized,"{""event_date"": ""2013-08-28T06:00:00Z""}"
6551,normalize,date_normalized,"{""event_date"": ""2016-01-04T07:00:00Z""}"
6552,normalize,date_normalized,"{""event_date"": ""2011-03-14T06:00:00Z""}"
6553,normalize,date_normalized,"{""event_date"": ""2014-12-12T07:00:00Z""}"
6554,normalize,date_normalized,"{""event_date"": ""2018-04-15T06:00:00Z""}"
6555,normalize,date_normalized,"{""event_date"": ""2015-06-12T06:00:00Z""}"
6556,normalize,date_normalized,"{""event_date"": ""2015-10-16T06:00:00Z""}"
6557,normalize,date_normalized,"{""event_date"": ""2014-05-02T06:00:00Z""}"
6558,normalize,date_normalized,"{""event_date"": ""2015-08-18T06:00:00Z""}"
6559,normalize,date_normalized,"{""event_date"": ""2012-09-11T06:00:00Z""}"
6560,normalize,date_normalized,"{""event_date"": ""2013-11-16T07:00:00Z""}"
6561,normalize,date_normalized,"{""event_date"": ""2015-07-12T06:00:00Z""}"
6562,normalize,date_normalized,"{""event_date"": ""2015-09-05T06:00:00Z""}"
6563,normalize,date_normalized,"{""event_date"": ""2016-01-21T07:00:00Z""}"
6564,normalize,date_normalized,"{""event_date"": ""2011-07-18T06:00:00Z""}"
6565,normalize,date_normalized,"{""event_date"": ""2013-05-25T06:00:00Z""}"
6566,normalize,date_normalized,"{""event_date"": ""2014-05-28T06:00:00Z""}"
6567,normalize,date_normalized,"{""event_date"": ""2014-05-23T06:00:00Z""}"
6568,normalize,date_normalized,"{""event_date"": ""2014-05-11T06:00:00Z""}"
6569,normalize,date_normalized,"{""event_date"": ""2015-12-14T07:00:00Z""}"
6570,normalize,date_normalized,"{""event_date"": ""2009-07-13T06:00:00Z""}"
6571,normalize,date_normalized,"{""event_date"": ""2010-11-12T07:00:00Z""}"
6572,normalize,date_normalized,"{""event_date"": ""2015-09-23T06:00:00Z""}"
6573,normalize,date_normalized,"{""event_date"": ""2011-03-11T07:00:00Z""}"
6574,normalize,date_normalized,"{""event_date"": ""2015-12-21T07:00:00Z""}"
6575,normalize,date_normalized,"{""event_date"": ""2013-11-11T07:00:00Z""}"
6576,normalize,date_normalized,"{""event_date"": ""2015-10-05T06:00:00Z""}"
6577,normalize,date_normalized,"{""event_date"": ""2015-08-11T06:00:00Z""}"
6578,normalize,date_normalized,"{""event_date"": ""2015-10-16T06:00:00Z""}"
6579,normalize,date_normalized,"{""event_date"": ""2016-01-08T07:00:00Z""}"
6580,normalize,date_normalized,"{""event_date"": ""2015-10-06T06:00:00Z""}"
6581,normalize,date_normalized,"{""event_date"": ""2011-07-18T06:00:00Z""}"
6582,normalize,date_normalized,"{""event_date"": ""2016-02-22T07:00:00Z""}"
6583,normalize,date_normalized,"{""event_date"": ""2014-12-22T07:00:00Z""}"
6584,normalize,date_normalized,"{""event_date"": ""2018-04-13T06:00:00Z""}"
6585,normalize,date_normalized,"{""event_date"": ""2016-01-26T07:00:00Z""}"
6586,normalize,date_normalized,"{""event_date"": ""2012-05-18T06:00:00Z""}"
6587,normalize,date_normalized,"{""event_date"": ""2014-05-11T06:00:00Z""}"
6588,normalize,date_normalized,"{""event_date"": ""2014-07-16T06:00:00Z""}"
6589,normalize,date_normalized,"{""event_date"": ""2015-08-05T06:00:00Z""}"
6590,normalize,date_normalized,"{""event_date"": ""2013-06-17T06:00:00Z""}"
6591,normalize,date_normalized,"{""event_date"": ""2016-01-23T07:00:00Z""}"
6592,normalize,date_normalized,"{""event_date"": ""2016-01-08T07:00:00Z""}"
6593,normalize,date_normalized,"{""event_date"": ""2015-03-14T06:00:00Z""}"
6594,normalize,date_normalized,"{""event_date"": ""2013-06-26T06:00:00Z""}"
6595,normalize,date_normalized,"{""event_date"": ""2010-11-25T07:00:00Z""}"
6596,normalize,date_normalized,"{""event_date"": ""2015-08-01T06:00:00Z""}"
6597,normalize,date_normalized,"{""event_date"": ""2015-12-09T07:00:00Z""}"
6598,normalize,date_normalized,"{""event_date"": ""2015-10-16T06:00:00Z""}"
6599,normalize,date_normalized,"{""event_date"": ""2016-02-11T07:00:00Z""}"
6600,normalize,date_normalized,"{""event_date"": ""2015-08-11T06:00:00Z""}"
6601,normalize,date_normalized,"{""event_date"": ""2010-11-12T07:00:00Z""}"
6602,normalize,date_normalized,"{""event_date"": ""2015-10-05T06:00:00Z""}"
6603,normalize,date_normalized,"{""event_date"": ""2015-11-28T07:00:00Z""}"
6604,normalize,date_normalized,"{""event_date"": ""2015-11-04T07:00:00Z""}"
6605,normalize,date_normalized,"{""event_date"": ""2014-01-23T07:00:00Z""}"
6606,normalize,date_normalized,"{""event_date"": ""2018-04-13T06:00:00Z""}"
6607,normalize,date_normalized,"{""event_date"": ""2016-01-08T07:00:00Z""}"
6608,normalize,date_normalized,"{""event_date"": ""2014-04-06T06:00:00Z""}"
6609,normalize,date_normalized,"{""event_date"": ""2015-08-11T06:00:00Z""}"
6610,normalize,date_normalized,"{""event_date"": ""2013-02-21T07:00:00Z""}"
6611,normalize,date_normalized,"{""event_date"": ""2015-07-10T06:00:00Z""}"
6612,normalize,date_normalized,"{""event_date"": ""2015-07-30T06:00:00Z""}"
6613,normalize,date_normalized,"{""event_date"": ""2013-02-21T07:00:00Z""}"
6614,normalize,date_normalized,"{""event_date"": ""2014-05-02T06:00:00Z""}"
6615,normalize,date_normalized,"{""event_date"": ""2011-07-18T06:00:00Z""}"
6616,normalize,date_normalized,"{""event_date"": ""2015-10-13T06:00:00Z""}"
6617,normalize,date_normalized,"{""event_date"": ""2011-08-23T06:00:00Z""}"
6618,normalize,date_normalized,"{""event_date"": ""2016-02-04T07:00:00Z""}"
6619,normalize,date_normalized,"{""event_date"": ""2016-01-23T07:00:00Z""}"
6620,normalize,date_normalized,"{""event_date"": ""2015-07-04T06:00:00Z""}"
6621,normalize,date_normalized,"{""event_date"": ""2015-11-18T07:00:00Z""}"
6622,normalize,date_normalized,"{""event_date"": ""2014-09-25T06:00:00Z""}"
6623,normalize,date_normalized,"{""event_date"": ""2016-02-10T07:00:00Z""}"
6624,normalize,date_normalized,"{""event_date"": ""2015-08-15T06:00:00Z""}"
6625,normalize,date_normalized,"{""event_date"": ""2016-02-10T07:00:00Z""}"
6626,normalize,date_normalized,"{""event_date"": ""2015-05-22T06:00:00Z""}"
6627,normalize,date_normalized,"{""event_date"": ""2010-11-12T07:00:00Z""}"
6628,normalize,date_normalized,"{""event_date"": ""2014-04-30T06:00:00Z""}"
6629,normalize,date_normalized,"{""event_date"": ""2014-09-19T06:00:00Z""}"
6630,normalize,date_normalized,"{""event_date"": ""2010-11-12T07:00:00Z""}"
6631,normalize,date_normalized,"{""event_date"": ""2015-12-16T07:00:00Z""}"
6632,normalize,date_normalized,"{""event_date"": ""2015-06-12T06:00:00Z""}"
6633,normalize,date_normalized,"{""event_date"": ""2015-12-20T07:00:00Z""}"
6634,normalize,date_normalized,"{""event_date"": ""2015-08-26T06:00:00Z""}"
6635,normalize,date_normalized,"{""event_date"": ""2015-08-11T06:00:00Z""}"
6636,normalize,date_normalized,"{""event_date"": ""2016-01-04T07:00:00Z""}"
6637,normalize,date_normalized,"{""event_date"": ""2015-07-10T06:00:00Z""}"
6638,normalize,date_normalized,"{""event_date"": ""2010-12-06T07:00:00Z""}"
6639,normalize,date_normalized,"{""event_date"": ""2013-05-09T06:00:00Z""}"
6640,normalize,date_normalized,"{""event_date"": ""2011-07-18T06:00:00Z""}"
6641,normalize,date_normalized,"{""event_date"": ""2015-06-08T06:00:00Z""}"
6642,normalize,date_normalized,"{""event_date"": ""2015-10-21T06:00:00Z""}"
6643,normalize,date_normalized,"{""event_date"": ""2013-11-25T07:00:00Z""}"
6644,normalize,date_normalized,"{""event_date"": ""2015-11-09T07:00:00Z""}"
6645,normalize,date_normalized,"{""event_date"": ""2010-11-12T07:00:00Z""}"
6646,normalize,date_normalized,"{""event_date"": ""2016-01-07T07:00:00Z""}"
6647,normalize,date_normalized,"{""event_date"": ""2013-12-10T07:00:00Z""}"
6648,normalize,date_normalized,"{""event_date"": ""2018-04-15T06:00:00Z""}"
6649,normalize,date_normalized,"{""event_date"": ""2009-07-21T06:00:00Z""}"
6650,normalize,date_normalized,"{""event_date"": ""2012-02-05T07:00:00Z""}"
6651,normalize,date_normalized,"{""event_date"": ""2016-01-14T07:00:00Z""}"
6652,normalize,date_normalized,"{""event_date"": ""2015-08-05T06:00:00Z""}"
6653,normalize,date_normalized,"{""event_date"": ""2016-01-27T07:00:00Z""}"
6654,normalize,date_normalized,"{""event_date"": ""2015-06-12T06:00:00Z""}"
6655,normalize,date_normalized,"{""event_date"": ""2015-03-05T07:00:00Z""}"
6656,normalize,date_normalized,"{""event_date"": ""2014-03-02T07:00:00Z""}"
6657,normalize,date_normalized,"{""event_date"": ""2015-08-10T06:00:00Z""}"
6658,normalize,date_normalized,"{""event_date"": ""2015-08-03T06:00:00Z""}"
6659,normalize,date_normalized,"{""event_date"": ""2014-03-02T07:00:00Z""}"
6660,normalize,date_normalized,"{""event_date"": ""2014-10-14T06:00:00Z""}"
6661,normalize,date_normalized,"{""event_date"": ""2010-12-14T07:00:00Z""}"
6662,normalize,date_normalized,"{""event_date"": ""2016-01-23T07:00:00Z""}"
6663,normalize,date_normalized,"{""event_date"": ""2014-09-25T06:00:00Z""}"
6664,normalize,date_normalized,"{""event_date"": ""2015-08-01T06:00:00Z""}"
6665,normalize,date_normalized,"{""event_date"": ""2015-08-15T06:00:00Z""}"
6666,normalize,date_normalized,"{""event_date"": ""2015-10-15T06:00:00Z""}"
6667,normalize,date_normalized,"{""event_date"": ""2015-09-06T06:00:00Z""}"
6668,normalize,date_normalized,"{""event_date"": ""2015-06-07T06:00:00Z""}"
6669,normalize,date_normalized,"{""event_date"": ""2015-11-15T07:00:00Z""}"
6670,normalize,date_normalized,"{""event_date"": ""2015-12-14T07:00:00Z""}"
6671,normalize,date_normalized,"{""event_date"": ""2015-11-17T07:00:00Z""}"
6672,normalize,date_normalized,"{""event_date"": ""2011-03-01T07:00:00Z""}"
6673,normalize,date_normalized,"{""event_date"": ""2015-09-10T06:00:00Z""}"
6674,normalize,date_normalized,"{""event_date"": ""2014-05-02T06:00:00Z""}"
6675,normalize,date_normalized,"{""event_date"": ""2015-01-12T07:00:00Z""}"
6676,normalize,date_normalized,"{""event_date"": ""2011-07-18T06:00:00Z""}"
6677,normalize,date_normalized,"{""event_date"": ""2016-01-22T07:00:00Z""}"
6678,normalize,date_normalized,"{""event_date"": ""2014-06-20T06:00:00Z""}"
6679,normalize,date_normalized,"{""event_date"": ""2016-01-23T07:00:00Z""}"
6680,normalize,date_normalized,"{""event_date"": ""2009-07-13T06:00:00Z""}"
6681,normalize,date_normalized,"{""event_date"": ""2011-07-18T06:00:00Z""}"
6682,normalize,date_normalized,"{""event_date"": ""2014-05-06T06:00:00Z""}"
6683,normalize,date_normalized,"{""event_date"": ""2010-11-25T07:00:00Z""}"
6684,normalize,date_normalized,"{""event_date"": ""2016-01-21T07:00:00Z""}"
6685,normalize,date_normalized,"{""event_date"": ""2015-06-07T06:00:00Z""}"
6686,normalize,date_normalized,"{""event_date"": ""2015-11-19T07:00:00Z""}"
6687,normalize,date_normalized,"{""event_date"": ""2016-02-23T07:00:00Z""}"
6688,normalize,date_normalized,"{""event_date"": ""2010-11-12T07:00:00Z""}"
6689,normalize,date_normalized,"{""event_date"": ""2018-04-15T06:00:00Z""}"
6690,normalize,date_normalized,"{""event_date"": ""2015-09-21T06:00:00Z""}"
6691,normalize,date_normalized,"{""event_date"": ""2016-01-08T07:00:00Z""}"
6692,normalize,date_normalized,"{""event_date"": ""2015-01-10T07:00:00Z""}"
6693,normalize,date_normalized,"{""event_date"": ""2015-08-10T06:00:00Z""}"
6694,normalize,date_normalized,"{""event_date"": ""2011-09-19T06:00:00Z""}"
6695,normalize,date_normalized,"{""event_date"": ""2016-01-08T07:00:00Z""}"
6696,normalize,date_normalized,"{""event_date"": ""2015-09-05T06:00:00Z""}"
6697,normalize,date_normalized,"{""event_date"": ""2014-12-17T07:00:00Z""}"
6698,normalize,date_normalized,"{""event_date"": ""2015-08-25T06:00:00Z""}"
6699,normalize,date_normalized,"{""event_date"": ""2016-01-08T07:00:00Z""}"
6700,normalize,date_normalized,"{""event_date"": ""2015-06-30T06:00:00Z""}"
6701,normalize,date_normalized,"{""event_date"": ""2016-01-08T07:00:00Z""}"
6702,normalize,date_normalized,"{""event_date"": ""2014-06-20T06:00:00Z""}"
6703,normalize,date_normalized,"{""event_date"": ""2013-05-06T06:00:00Z""}"
6704,normalize,date_normalized,"{""event_date"": ""2014-05-09T06:00:00Z""}"
6705,normalize,date_normalized,"{""event_date"": ""2011-03-14T06:00:00Z""}"
6706,normalize,date_normalized,"{""event_date"": ""2015-12-08T07:00:00Z""}"
6707,normalize,date_normalized,"{""event_date"": ""2015-09-23T06:00:00Z""}"
6708,normalize,date_normalized,"{""event_date"": ""2018-04-15T06:00:00Z""}"
6709,normalize,date_normalized,"{""event_date"": ""2015-08-03T06:00:00Z""}"
6710,normalize,date_normalized,"{""event_date"": ""2015-11-28T07:00:00Z""}"
6711,normalize,date_normalized,"{""event_date"": ""2015-10-01T06:00:00Z""}"
6712,normalize,date_normalized,"{""event_date"": ""2015-11-28T07:00:00Z""}"
6713,normalize,date_normalized,"{""event_date"": ""2015-05-14T06:00:00Z""}"
6714,normalize,date_normalized,"{""event_date"": ""2011-07-18T06:00:00Z""}"
6715,normalize,date_normalized,"{""event_date"": ""2015-01-18T07:00:00Z""}"
6716,normalize,date_normalized,"{""event_date"": ""2011-03-14T06:00:00Z""}"
6717,normalize,date_normalized,"{""event_date"": ""2016-01-20T07:00:00Z""}"
6718,normalize,date_normalized,"{""event_date"": ""2015-06-12T06:00:00Z""}"
6719,normalize,date_normalized,"{""event_date"": ""2015-07-10T06:00:00Z""}"
6720,normalize,date_normalized,"{""event_date"": ""2015-09-30T06:00:00Z""}"
6721,normalize,date_normalized,"{""event_date"": ""2014-07-02T06:00:00Z""}"
6722,normalize,date_normalized,"{""event_date"": ""2016-02-10T07:00:00Z""}"
6723,normalize,date_normalized,"{""event_date"": ""2015-09-15T06:00:00Z""}"
6724,normalize,date_normalized,"{""event_date"": ""2016-03-01T07:00:00Z""}"
6725,normalize,date_normalized,"{""event_date"": ""2018-04-15T06:00:00Z""}"
6726,normalize,date_normalized,"{""event_date"": ""2018-04-15T06:00:00Z""}"
6727,normalize,date_normalized,"{""event_date"": ""2018-04-15T06:00:00Z""}"
6728,normalize,date_normalized,"{""event_date"": ""2018-04-15T06:00:00Z""}"
6729,normalize,date_normalized,"{""event_date"": ""2018-04-15T06:00:00Z""}"
6730,normalize,date_normalized,"{""event_date"": ""2018-04-15T06:00:00Z""}"
6731,normalize,date_normalized,"{""event_date"": ""2018-04-15T06:00:00Z""}"
6732,normalize,date_normalized,"{""event_date"": ""2018-04-15T06:00:00Z""}"
6733,normalize,date_normalized,"{""event_date"": ""2018-04-15T06:00:00Z""}"
6734,normalize,date_normalized,"{""event_date"": ""2018-04-15T06:00:00Z""}"
6735,normalize,date_normalized,"{""event_date"": ""2018-04-15T06:00:00Z""}"
6736,normalize,date_normalized,"{""event_date"": ""2018-04-15T06:00:00Z""}"
6737,normalize,date_normalized,"{""event_date"": ""2011-10-12T06:00:00Z""}"
6738,normalize,date_normalized,"{""event_date"": ""2018-04-15T06:00:00Z""}"
6739,normalize,date_normalized,"{""event_date"": ""2018-04-15T06:00:00Z""}"
6740,normalize,date_normalized,"{""event_date"": ""2018-04-15T06:00:00Z""}"
6741,normalize,date_normalized,"{""event_date"": ""2018-04-15T06:00:00Z""}"
6742,normalize,date_normalized,"{""event_date"": ""2018-04-15T06:00:00Z""}"
6743,normalize,date_normalized,"{""event_date"": ""2018-04-15T06:00:00Z""}"
6744,normalize,date_normalized,"{""event_date"": ""2018-04-15T06:00:00Z""}"
6745,normalize,date_normalized,"{""event_date"": ""2018-04-15T06:00:00Z""}"
6746,normalize,date_normalized,"{""event_date"": ""2018-04-15T06:00:00Z""}"
6747,normalize,date_normalized,"{""event_date"": ""2018-04-15T06:00:00Z""}"
6748,normalize,date_normalized,"{""event_date"": ""2018-04-15T06:00:00Z""}"
6749,normalize,date_normalized,"{""event_date"": ""2018-04-15T06:00:00Z""}"
6750,normalize,date_normalized,"{""event_date"": ""2018-04-15T06:00:00Z""}"
6751,normalize,date_normalized,"{""event_date"": ""2018-04-15T06:00:00Z""}"
6752,normalize,date_normalized,"{""event_date"": ""2016-05-06T06:00:00Z""}"
6753,normalize,date_normalized,"{""event_date"": ""2015-12-09T07:00:00Z""}"
6754,normalize,date_normalized,"{""event_date"": ""2014-05-16T06:00:00Z""}"
6755,normalize,date_normalized,"{""event_date"": ""2014-05-16T06:00:00Z""}"
6756,normalize,date_normalized,"{""event_date"": ""2015-11-18T07:00:00Z""}"
6757,normalize,date_normalized,"{""event_date"": ""2015-12-21T07:00:00Z""}"
6758,normalize,date_normalized,"{""event_date"": ""2009-04-09T06:00:00Z""}"
6759,normalize,date_normalized,"{""event_date"": ""2011-03-14T06:00:00Z""}"
6760,normalize,date_normalized,"{""event_date"": ""2016-01-11T07:00:00Z""}"
6761,normalize,date_normalized,"{""event_date"": ""2016-01-11T07:00:00Z""}"
6762,normalize,date_normalized,"{""event_date"": ""2013-01-24T07:00:00Z""}"
6763,normalize,date_normalized,"{""event_date"": ""2018-04-15T06:00:00Z""}"
6764,normalize,date_normalized,"{""event_date"": ""2016-03-17T06:00:00Z""}"
6765,normalize,date_normalized,"{""event_date"": ""2016-05-03T06:00:00Z""}"
6766,normalize,date_normalized,"{""event_date"": ""2016-06-16T06:00:00Z""}"
6767,normalize,date_normalized,"{""event_date"": ""2016-05-29T06:00:00Z""}"
6768,normalize,date_normalized,"{""event_date"": ""2016-05-29T06:00:00Z""}"
6769,normalize,date_normalized,"{""event_date"": ""2015-12-21T07:00:00Z""}"
6770,normalize,date_normalized,"{""event_date"": ""2016-04-21T06:00:00Z""}"
6771,normalize,date_normalized,"{""event_date"": ""2015-02-09T07:00:00Z""}"
6772,normalize,date_normalized,"{""event_date"": ""2015-10-16T06:00:00Z""}"
6773,normalize,date_normalized,"{""event_date"": ""2016-08-04T06:00:00Z""}"
6774,normalize,date_normalized,"{""event_date"": ""2016-04-21T06:00:00Z""}"
6775,normalize,date_normalized,"{""event_date"": ""2016-05-26T06:00:00Z""}"
6776,normalize,date_normalized,"{""event_date"": ""2013-10-10T06:00:00Z""}"
6777,normalize,date_normalized,"{""event_date"": ""2015-08-31T06:00:00Z""}"
6778,normalize,date_normalized,"{""event_date"": ""2009-04-23T06:00:00Z""}"
6779,normalize,date_normalized,"{""event_date"": ""2018-04-15T06:00:00Z""}"
6780,normalize,date_normalized,"{""event_date"": ""2016-09-06T06:00:00Z""}"
6781,normalize,date_normalized,"{""event_date"": ""2016-05-17T06:00:00Z""}"
6782,normalize,date_normalized,"{""event_date"": ""2015-05-26T06:00:00Z""}"
6783,normalize,date_normalized,"{""event_date"": ""2014-07-02T06:00:00Z""}"
6784,normalize,date_normalized,"{""event_date"": ""2015-05-26T06:00:00Z""}"
6785,normalize,date_normalized,"{""event_date"": ""2014-07-07T06:00:00Z""}"
6786,normalize,date_normalized,"{""event_date"": ""2014-03-06T07:00:00Z""}"
6787,normalize,date_normalized,"{""event_date"": ""2015-01-05T07:00:00Z""}"
6788,normalize,date_normalized,"{""event_date"": ""2016-03-16T06:00:00Z""}"
6789,normalize,date_normalized,"{""event_date"": ""2015-03-06T07:00:00Z""}"
6790,normalize,date_normalized,"{""event_date"": ""2015-02-27T07:00:00Z""}"
6791,normalize,date_normalized,"{""event_date"": ""2014-11-14T07:00:00Z""}"
6792,normalize,date_normalized,"{""event_date"": ""2015-10-12T06:00:00Z""}"
6793,normalize,date_normalized,"{""event_date"": ""2014-11-14T07:00:00Z""}"
6794,normalize,date_normalized,"{""event_date"": ""2016-01-29T07:00:00Z""}"
6795,normalize,date_normalized,"{""event_date"": ""2015-11-24T07:00:00Z""}"
6796,normalize,date_normalized,"{""event_date"": ""2015-12-09T07:00:00Z""}"
6797,normalize,date_normalized,"{""event_date"": ""2016-01-08T07:00:00Z""}"
6798,normalize,date_normalized,"{""event_date"": ""2016-04-18T06:00:00Z""}"
6799,normalize,date_normalized,"{""event_date"": ""2018-04-15T06:00:00Z""}"
6800,normalize,date_normalized,"{""event_date"": ""2011-10-12T06:00:00Z""}"
6801,normalize,date_normalized,"{""event_date"": ""2016-03-10T07:00:00Z""}"
6802,normalize,date_normalized,"{""event_date"": ""2016-09-28T06:00:00Z""}"
6803,normalize,date_normalized,"{""event_date"": ""2013-03-19T06:00:00Z""}"
6804,normalize,date_normalized,"{""event_date"": ""2013-05-06T06:00:00Z""}"
6805,normalize,date_normalized,"{""event_date"": ""2015-02-05T07:00:00Z""}"
6806,normalize,date_normalized,"{""event_date"": ""2013-12-19T07:00:00Z""}"
6807,normalize,date_normalized,"{""event_date"": ""2011-07-21T06:00:00Z""}"
6808,normalize,date_normalized,"{""event_date"": ""2014-09-25T06:00:00Z""}"
6809,normalize,date_normalized,"{""event_date"": ""2010-09-03T06:00:00Z""}"
6810,normalize,date_normalized,"{""event_date"": ""2012-07-05T06:00:00Z""}"
6811,normalize,date_normalized,"{""event_date"": ""2010-12-23T07:00:00Z""}"
6812,normalize,date_normalized,"{""event_date"": ""2011-06-04T06:00:00Z""}"
6813,normalize,date_normalized,"{""event_date"": ""2014-12-09T07:00:00Z""}"
6814,normalize,date_normalized,"{""event_date"": ""2012-03-31T06:00:00Z""}"
6815,normalize,date_normalized,"{""event_date"": ""2014-05-26T06:00:00Z""}"
6816,normalize,date_normalized,"{""event_date"": ""2012-12-19T07:00:00Z""}"
6817,normalize,date_normalized,"{""event_date"": ""2011-06-11T06:00:00Z""}"
6818,normalize,date_normalized,"{""event_date"": ""2011-03-03T07:00:00Z""}"
6819,normalize,date_normalized,"{""event_date"": ""2014-05-08T06:00:00Z""}"
6820,normalize,date_normalized,"{""event_date"": ""2012-08-07T06:00:00Z""}"
6821,normalize,date_normalized,"{""event_date"": ""2014-03-31T06:00:00Z""}"
6822,normalize,date_normalized,"{""event_date"": ""2015-01-22T07:00:00Z""}"
6823,normalize,date_normalized,"{""event_date"": ""2014-12-09T07:00:00Z""}"
6824,normalize,date_normalized,"{""event_date"": ""2013-03-19T06:00:00Z""}"
6825,normalize,date_normalized,"{""event_date"": ""2014-07-05T06:00:00Z""}"
6826,normalize,date_normalized,"{""event_date"": ""2012-09-18T06:00:00Z""}"
6827,normalize,date_normalized,"{""event_date"": ""2011-07-12T06:00:00Z""}"
6828,normalize,date_normalized,"{""event_date"": ""2013-12-22T07:00:00Z""}"
6829,normalize,date_normalized,"{""event_date"": ""2014-01-17T07:00:00Z""}"
6830,normalize,date_normalized,"{""event_date"": ""2013-12-22T07:00:00Z""}"
6831,normalize,date_normalized,"{""event_date"": ""2011-06-04T06:00:00Z""}"
6832,normalize,date_normalized,"{""event_date"": ""2014-12-09T07:00:00Z""}"
6833,normalize,date_normalized,"{""event_date"": ""2014-05-12T06:00:00Z""}"
6834,normalize,date_normalized,"{""event_date"": ""2012-09-18T06:00:00Z""}"
6835,normalize,date_normalized,"{""event_date"": ""2011-07-21T06:00:00Z""}"
6836,normalize,date_normalized,"{""event_date"": ""2013-12-22T07:00:00Z""}"
6837,normalize,date_normalized,"{""event_date"": ""2014-05-25T06:00:00Z""}"
6838,normalize,date_normalized,"{""event_date"": ""2011-06-11T06:00:00Z""}"
6839,normalize,date_normalized,"{""event_date"": ""2011-07-22T06:00:00Z""}"
6840,normalize,date_normalized,"{""event_date"": ""2011-11-21T07:00:00Z""}"
6841,normalize,date_normalized,"{""event_date"": ""2011-06-11T06:00:00Z""}"
6842,normalize,date_normalized,"{""event_date"": ""2010-03-10T07:00:00Z""}"
6843,normalize,date_normalized,"{""event_date"": ""2010-09-03T06:00:00Z""}"
6844,normalize,date_normalized,"{""event_date"": ""2014-03-06T07:00:00Z""}"
6845,normalize,date_normalized,"{""event_date"": ""2013-07-11T06:00:00Z""}"
6846,normalize,date_normalized,"{""event_date"": ""2010-09-03T06:00:00Z""}"
6847,normalize,date_normalized,"{""event_date"": ""2011-07-12T06:00:00Z""}"
6848,normalize,date_normalized,"{""event_date"": ""2014-12-09T07:00:00Z""}"
6849,normalize,date_normalized,"{""event_date"": ""2014-05-25T06:00:00Z""}"
6850,normalize,date_normalized,"{""event_date"": ""2013-04-24T06:00:00Z""}"
6851,normalize,date_normalized,"{""event_date"": ""2011-07-13T06:00:00Z""}"
6852,normalize,date_normalized,"{""event_date"": ""2011-06-11T06:00:00Z""}"
6853,normalize,date_normalized,"{""event_date"": ""2015-02-05T07:00:00Z""}"
6854,normalize,date_normalized,"{""event_date"": ""2013-05-06T06:00:00Z""}"
6855,normalize,date_normalized,"{""event_date"": ""2011-07-21T06:00:00Z""}"
6856,normalize,date_normalized,"{""event_date"": ""2014-09-05T06:00:00Z""}"
6857,normalize,date_normalized,"{""event_date"": ""2014-01-21T07:00:00Z""}"
6858,normalize,date_normalized,"{""event_date"": ""2014-05-27T06:00:00Z""}"
6859,normalize,date_normalized,"{""event_date"": ""2013-12-22T07:00:00Z""}"
6860,normalize,date_normalized,"{""event_date"": ""2012-03-31T06:00:00Z""}"
6861,normalize,date_normalized,"{""event_date"": ""2014-05-27T06:00:00Z""}"
6862,normalize,date_normalized,"{""event_date"": ""2009-04-09T06:00:00Z""}"
6863,normalize,date_normalized,"{""event_date"": ""2011-03-14T06:00:00Z""}"
6864,normalize,date_normalized,"{""event_date"": ""2013-11-26T07:00:00Z""}"
6865,normalize,date_normalized,"{""event_date"": ""2012-09-18T06:00:00Z""}"
6866,normalize,date_normalized,"{""event_date"": ""2015-01-06T07:00:00Z""}"
6867,normalize,date_normalized,"{""event_date"": ""2013-04-28T06:00:00Z""}"
6868,normalize,date_normalized,"{""event_date"": ""2011-06-04T06:00:00Z""}"
6869,normalize,date_normalized,"{""event_date"": ""2012-09-17T06:00:00Z""}"
6870,normalize,date_normalized,"{""event_date"": ""2013-04-28T06:00:00Z""}"
6871,normalize,date_normalized,"{""event_date"": ""2012-02-09T07:00:00Z""}"
6872,normalize,date_normalized,"{""event_date"": ""2013-03-19T06:00:00Z""}"
6873,normalize,date_normalized,"{""event_date"": ""2011-05-04T06:00:00Z""}"
6874,normalize,date_normalized,"{""event_date"": ""2012-02-09T07:00:00Z""}"
6875,normalize,date_normalized,"{""event_date"": ""2013-12-22T07:00:00Z""}"
6876,normalize,date_normalized,"{""event_date"": ""2014-05-27T06:00:00Z""}"
6877,normalize,date_normalized,"{""event_date"": ""2013-04-24T06:00:00Z""}"
6878,normalize,date_normalized,"{""event_date"": ""2014-12-09T07:00:00Z""}"
6879,normalize,date_normalized,"{""event_date"": ""2014-05-19T06:00:00Z""}"
6880,normalize,date_normalized,"{""event_date"": ""2013-07-11T06:00:00Z""}"
6881,normalize,date_normalized,"{""event_date"": ""2011-03-03T07:00:00Z""}"
6882,normalize,date_normalized,"{""event_date"": ""2013-03-19T06:00:00Z""}"
6883,normalize,date_normalized,"{""event_date"": ""2011-06-04T06:00:00Z""}"
6884,normalize,date_normalized,"{""event_date"": ""2010-11-23T07:00:00Z""}"
6885,normalize,date_normalized,"{""event_date"": ""2013-08-29T06:00:00Z""}"
6886,normalize,date_normalized,"{""event_date"": ""2011-07-22T06:00:00Z""}"
6887,normalize,date_normalized,"{""event_date"": ""2014-05-26T06:00:00Z""}"
6888,normalize,date_normalized,"{""event_date"": ""2012-08-28T06:00:00Z""}"
6889,normalize,date_normalized,"{""event_date"": ""2016-10-27T06:00:00Z""}"
6890,normalize,date_normalized,"{""event_date"": ""2016-04-21T06:00:00Z""}"
6891,normalize,date_normalized,"{""event_date"": ""2018-04-15T06:00:00Z""}"
6892,normalize,date_normalized,"{""event_date"": ""2018-04-15T06:00:00Z""}"
6893,normalize,date_normalized,"{""event_date"": ""2018-04-15T06:00:00Z""}"
6894,normalize,date_normalized,"{""event_date"": ""2010-06-11T06:00:00Z""}"
6895,normalize,date_normalized,"{""event_date"": ""2018-04-15T06:00:00Z""}"
6896,normalize,date_normalized,"{""event_date"": ""2018-04-15T06:00:00Z""}"
6897,normalize,date_normalized,"{""event_date"": ""2018-04-15T06:00:00Z""}"
6898,normalize,date_normalized,"{""event_date"": ""2018-04-15T06:00:00Z""}"
6899,normalize,date_normalized,"{""event_date"": ""2016-05-18T06:00:00Z""}"
6900,normalize,date_normalized,"{""event_date"": ""2018-04-15T06:00:00Z""}"
6901,normalize,date_normalized,"{""event_date"": ""2016-04-14T06:00:00Z""}"
6902,normalize,date_normalized,"{""event_date"": ""2016-03-01T07:00:00Z""}"
6903,normalize,date_normalized,"{""event_date"": ""2016-04-14T06:00:00Z""}"
6904,normalize,date_normalized,"{""event_date"": ""2018-04-15T06:00:00Z""}"
6905,normalize,date_normalized,"{""event_date"": ""2018-04-15T06:00:00Z""}"
6906,normalize,date_normalized,"{""event_date"": ""2018-04-15T06:00:00Z""}"
6907,normalize,date_normalized,"{""event_date"": ""2018-04-15T06:00:00Z""}"
6908,normalize,date_normalized,"{""event_date"": ""2016-11-14T07:00:00Z""}"
6909,normalize,date_normalized,"{""event_date"": ""2016-12-29T07:00:00Z""}"
6910,normalize,date_normalized,"{""event_date"": ""2016-08-14T06:00:00Z""}"
6911,normalize,date_normalized,"{""event_date"": ""2014-10-15T06:00:00Z""}"
6912,normalize,date_normalized,"{""event_date"": ""2015-01-09T07:00:00Z""}"
6913,normalize,date_normalized,"{""event_date"": ""2015-04-12T06:00:00Z""}"
6914,normalize,date_normalized,"{""event_date"": ""2015-01-09T07:00:00Z""}"
6915,normalize,date_normalized,"{""event_date"": ""2016-01-24T07:00:00Z""}"
6916,normalize,date_normalized,"{""event_date"": ""2015-04-12T06:00:00Z""}"
6917,normalize,date_normalized,"{""event_date"": ""2015-04-12T06:00:00Z""}"
6918,normalize,date_normalized,"{""event_date"": ""2015-11-12T07:00:00Z""}"
6919,normalize,date_normalized,"{""event_date"": ""2016-02-08T07:00:00Z""}"
6920,normalize,date_normalized,"{""event_date"": ""2015-04-12T06:00:00Z""}"
6921,normalize,date_normalized,"{""event_date"": ""2016-01-24T07:00:00Z""}"
6922,normalize,date_normalized,"{""event_date"": ""2016-01-24T07:00:00Z""}"
6923,normalize,date_normalized,"{""event_date"": ""2015-04-12T06:00:00Z""}"
6924,normalize,date_normalized,"{""event_date"": ""2015-04-12T06:00:00Z""}"
6925,normalize,date_normalized,"{""event_date"": ""2015-01-09T07:00:00Z""}"
6926,normalize,date_normalized,"{""event_date"": ""2016-05-22T06:00:00Z""}"
6927,normalize,date_normalized,"{""event_date"": ""2015-05-01T06:00:00Z""}"
6928,normalize,date_normalized,"{""event_date"": ""2016-01-24T07:00:00Z""}"
6929,normalize,date_normalized,"{""event_date"": ""2016-05-22T06:00:00Z""}"
6930,normalize,date_normalized,"{""event_date"": ""2015-07-09T06:00:00Z""}"
6931,normalize,date_normalized,"{""event_date"": ""2016-08-14T06:00:00Z""}"
6932,normalize,date_normalized,"{""event_date"": ""2016-08-14T06:00:00Z""}"
6933,normalize,date_normalized,"{""event_date"": ""2015-04-12T06:00:00Z""}"
6934,normalize,date_normalized,"{""event_date"": ""2015-09-10T06:00:00Z""}"
6935,normalize,date_normalized,"{""event_date"": ""2011-03-14T06:00:00Z""}"
6936,normalize,date_normalized,"{""event_date"": ""2015-01-09T07:00:00Z""}"
6937,normalize,date_normalized,"{""event_date"": ""2016-01-24T07:00:00Z""}"
6938,normalize,date_normalized,"{""event_date"": ""2015-08-05T06:00:00Z""}"
6939,normalize,date_normalized,"{""event_date"": ""2015-12-31T07:00:00Z""}"
6940,normalize,date_normalized,"{""event_date"": ""2015-01-09T07:00:00Z""}"
6941,normalize,date_normalized,"{""event_date"": ""2015-08-29T06:00:00Z""}"
6942,normalize,date_normalized,"{""event_date"": ""2016-01-24T07:00:00Z""}"
6943,normalize,date_normalized,"{""event_date"": ""2011-10-19T06:00:00Z""}"
6944,normalize,date_normalized,"{""event_date"": ""2016-01-24T07:00:00Z""}"
6945,normalize,date_normalized,"{""event_date"": ""2015-09-11T06:00:00Z""}"
6946,normalize,date_normalized,"{""event_date"": ""2015-09-10T06:00:00Z""}"
6947,normalize,date_normalized,"{""event_date"": ""2016-05-01T06:00:00Z""}"
6948,normalize,date_normalized,"{""event_date"": ""2015-04-12T06:00:00Z""}"
6949,normalize,date_normalized,"{""event_date"": ""2016-01-24T07:00:00Z""}"
6950,normalize,date_normalized,"{""event_date"": ""2014-09-06T06:00:00Z""}"
6951,normalize,date_normalized,"{""event_date"": ""2016-08-14T06:00:00Z""}"
6952,normalize,date_normalized,"{""event_date"": ""2011-03-14T06:00:00Z""}"
6953,normalize,date_normalized,"{""event_date"": ""2014-08-27T06:00:00Z""}"
6954,normalize,date_normalized,"{""event_date"": ""2015-02-05T07:00:00Z""}"
6955,normalize,date_normalized,"{""event_date"": ""2015-04-12T06:00:00Z""}"
6956,normalize,date_normalized,"{""event_date"": ""2015-09-27T06:00:00Z""}"
6957,normalize,date_normalized,"{""event_date"": ""2016-08-14T06:00:00Z""}"
6958,normalize,date_normalized,"{""event_date"": ""2016-05-01T06:00:00Z""}"
6959,normalize,date_normalized,"{""event_date"": ""2015-02-15T07:00:00Z""}"
6960,normalize,date_normalized,"{""event_date"": ""2015-04-12T06:00:00Z""}"
6961,normalize,date_normalized,"{""event_date"": ""2016-08-02T06:00:00Z""}"
6962,normalize,date_normalized,"{""event_date"": ""2010-04-06T06:00:00Z""}"
6963,normalize,date_normalized,"{""event_date"": ""2015-09-27T06:00:00Z""}"
6964,normalize,date_normalized,"{""event_date"": ""2015-04-12T06:00:00Z""}"
6965,normalize,date_normalized,"{""event_date"": ""2015-12-15T07:00:00Z""}"
6966,normalize,date_normalized,"{""event_date"": ""2016-05-22T06:00:00Z""}"
6967,normalize,date_normalized,"{""event_date"": ""2015-01-09T07:00:00Z""}"
6968,normalize,date_normalized,"{""event_date"": ""2015-04-04T06:00:00Z""}"
6969,normalize,date_normalized,"{""event_date"": ""2015-08-22T06:00:00Z""}"
6970,normalize,date_normalized,"{""event_date"": ""2016-05-18T06:00:00Z""}"
6971,normalize,date_normalized,"{""event_date"": ""2010-06-09T06:00:00Z""}"
6972,normalize,date_normalized,"{""event_date"": ""2015-11-09T07:00:00Z""}"
6973,normalize,date_normalized,"{""event_date"": ""2016-04-25T06:00:00Z""}"
6974,normalize,date_normalized,"{""event_date"": ""2015-04-12T06:00:00Z""}"
6975,normalize,date_normalized,"{""event_date"": ""2015-09-03T06:00:00Z""}"
6976,normalize,date_normalized,"{""event_date"": ""2016-04-01T06:00:00Z""}"
6977,normalize,date_normalized,"{""event_date"": ""2016-01-24T07:00:00Z""}"
6978,normalize,date_normalized,"{""event_date"": ""2016-08-14T06:00:00Z""}"
6979,normalize,date_normalized,"{""event_date"": ""2015-04-12T06:00:00Z""}"
6980,normalize,date_normalized,"{""event_date"": ""2016-08-14T06:00:00Z""}"
6981,normalize,date_normalized,"{""event_date"": ""2011-12-21T07:00:00Z""}"
6982,normalize,date_normalized,"{""event_date"": ""2014-08-27T06:00:00Z""}"
6983,normalize,date_normalized,"{""event_date"": ""2016-01-24T07:00:00Z""}"
6984,normalize,date_normalized,"{""event_date"": ""2016-08-02T06:00:00Z""}"
6985,normalize,date_normalized,"{""event_date"": ""2015-04-12T06:00:00Z""}"
6986,normalize,date_normalized,"{""event_date"": ""2015-09-27T06:00:00Z""}"
6987,normalize,date_normalized,"{""event_date"": ""2016-05-12T06:00:00Z""}"
6988,normalize,date_normalized,"{""event_date"": ""2016-08-14T06:00:00Z""}"
6989,normalize,date_normalized,"{""event_date"": ""2016-01-24T07:00:00Z""}"
6990,normalize,date_normalized,"{""event_date"": ""2015-08-17T06:00:00Z""}"
6991,normalize,date_normalized,"{""event_date"": ""2015-08-22T06:00:00Z""}"
6992,normalize,date_normalized,"{""event_date"": ""2010-07-21T06:00:00Z""}"
6993,normalize,date_normalized,"{""event_date"": ""2015-09-27T06:00:00Z""}"
6994,normalize,date_normalized,"{""event_date"": ""2015-11-18T07:00:00Z""}"
6995,normalize,date_normalized,"{""event_date"": ""2015-10-16T06:00:00Z""}"
6996,normalize,date_normalized,"{""event_date"": ""2015-07-26T06:00:00Z""}"
6997,normalize,date_normalized,"{""event_date"": ""2015-04-12T06:00:00Z""}"
6998,normalize,date_normalized,"{""event_date"": ""2016-05-22T06:00:00Z""}"
6999,normalize,date_normalized,"{""event_date"": ""2015-09-27T06:00:00Z""}"
7000,normalize,date_normalized,"{""event_date"": ""2014-08-18T06:00:00Z""}"
7001,normalize,date_normalized,"{""event_date"": ""2015-09-09T06:00:00Z""}"
7002,normalize,date_normalized,"{""event_date"": ""2018-04-13T06:00:00Z""}"
7003,normalize,date_normalized,"{""event_date"": ""2015-09-13T06:00:00Z""}"
7004,normalize,date_normalized,"{""event_date"": ""2015-02-18T07:00:00Z""}"
7005,normalize,date_normalized,"{""event_date"": ""2016-01-24T07:00:00Z""}"
7006,normalize,date_normalized,"{""event_date"": ""2016-08-14T06:00:00Z""}"
7007,normalize,date_normalized,"{""event_date"": ""2016-01-24T07:00:00Z""}"
7008,normalize,date_normalized,"{""event_date"": ""2015-04-12T06:00:00Z""}"
7009,normalize,date_normalized,"{""event_date"": ""2016-01-24T07:00:00Z""}"
7010,normalize,date_normalized,"{""event_date"": ""2016-08-14T06:00:00Z""}"
7011,normalize,date_normalized,"{""event_date"": ""2016-01-24T07:00:00Z""}"
7012,normalize,date_normalized,"{""event_date"": ""2011-12-23T07:00:00Z""}"
7013,normalize,date_normalized,"{""event_date"": ""2015-03-11T06:00:00Z""}"
7014,normalize,date_normalized,"{""event_date"": ""2015-02-05T07:00:00Z""}"
7015,normalize,date_normalized,"{""event_date"": ""2015-09-03T06:00:00Z""}"
7016,normalize,date_normalized,"{""event_date"": ""2015-09-02T06:00:00Z""}"
7017,normalize,date_normalized,"{""event_date"": ""2015-09-12T06:00:00Z""}"
7018,normalize,date_normalized,"{""event_date"": ""2015-01-09T07:00:00Z""}"
7019,normalize,date_normalized,"{""event_date"": ""2016-01-24T07:00:00Z""}"
7020,normalize,date_normalized,"{""event_date"": ""2015-04-12T06:00:00Z""}"
7021,normalize,date_normalized,"{""event_date"": ""2015-04-12T06:00:00Z""}"
7022,normalize,date_normalized,"{""event_date"": ""2016-05-22T06:00:00Z""}"
7023,normalize,date_normalized,"{""event_date"": ""2010-06-09T06:00:00Z""}"
7024,normalize,date_normalized,"{""event_date"": ""2014-10-06T06:00:00Z""}"
7025,normalize,date_normalized,"{""event_date"": ""2015-01-09T07:00:00Z""}"
7026,normalize,date_normalized,"{""event_date"": ""2015-05-01T06:00:00Z""}"
7027,normalize,date_normalized,"{""event_date"": ""2015-01-09T07:00:00Z""}"
7028,normalize,date_normalized,"{""event_date"": ""2015-05-01T06:00:00Z""}"
7029,normalize,date_normalized,"{""event_date"": ""2015-04-12T06:00:00Z""}"
7030,normalize,date_normalized,"{""event_date"": ""2015-04-12T06:00:00Z""}"
7031,normalize,date_normalized,"{""event_date"": ""2015-02-08T07:00:00Z""}"
7032,normalize,date_normalized,"{""event_date"": ""2015-04-12T06:00:00Z""}"
7033,normalize,date_normalized,"{""event_date"": ""2012-02-06T07:00:00Z""}"
7034,normalize,date_normalized,"{""event_date"": ""2015-01-09T07:00:00Z""}"
7035,normalize,date_normalized,"{""event_date"": ""2014-08-27T06:00:00Z""}"
7036,normalize,date_normalized,"{""event_date"": ""2016-02-03T07:00:00Z""}"
7037,normalize,date_normalized,"{""event_date"": ""2015-01-09T07:00:00Z""}"
7038,normalize,date_normalized,"{""event_date"": ""2016-08-02T06:00:00Z""}"
7039,normalize,date_normalized,"{""event_date"": ""2016-01-24T07:00:00Z""}"
7040,normalize,date_normalized,"{""event_date"": ""2014-12-02T07:00:00Z""}"
7041,normalize,date_normalized,"{""event_date"": ""2011-12-26T07:00:00Z""}"
7042,normalize,date_normalized,"{""event_date"": ""2016-08-14T06:00:00Z""}"
7043,normalize,date_normalized,"{""event_date"": ""2016-02-02T07:00:00Z""}"
7044,normalize,date_normalized,"{""event_date"": ""2015-09-27T06:00:00Z""}"
7045,normalize,date_normalized,"{""event_date"": ""2014-12-02T07:00:00Z""}"
7046,normalize,date_normalized,"{""event_date"": ""2015-01-09T07:00:00Z""}"
7047,normalize,date_normalized,"{""event_date"": ""2015-09-27T06:00:00Z""}"
7048,normalize,date_normalized,"{""event_date"": ""2015-04-04T06:00:00Z""}"
7049,normalize,date_normalized,"{""event_date"": ""2015-04-12T06:00:00Z""}"
7050,normalize,date_normalized,"{""event_date"": ""2015-01-09T07:00:00Z""}"
7051,normalize,date_normalized,"{""event_date"": ""2010-07-21T06:00:00Z""}"
7052,normalize,date_normalized,"{""event_date"": ""2015-09-06T06:00:00Z""}"
7053,normalize,date_normalized,"{""event_date"": ""2015-01-09T07:00:00Z""}"
7054,normalize,date_normalized,"{""event_date"": ""2016-05-12T06:00:00Z""}"
7055,normalize,date_normalized,"{""event_date"": ""2015-05-01T06:00:00Z""}"
7056,normalize,date_normalized,"{""event_date"": ""2016-05-22T06:00:00Z""}"
7057,normalize,date_normalized,"{""event_date"": ""2016-01-24T07:00:00Z""}"
7058,normalize,date_normalized,"{""event_date"": ""2015-04-12T06:00:00Z""}"
7059,normalize,date_normalized,"{""event_date"": ""2014-12-04T07:00:00Z""}"
7060,normalize,date_normalized,"{""event_date"": ""2010-02-10T07:00:00Z""}"
7061,normalize,date_normalized,"{""event_date"": ""2018-04-13T06:00:00Z""}"
7062,normalize,date_normalized,"{""event_date"": ""2015-09-27T06:00:00Z""}"
7063,normalize,date_normalized,"{""event_date"": ""2015-09-06T06:00:00Z""}"
7064,normalize,date_normalized,"{""event_date"": ""2016-01-24T07:00:00Z""}"
7065,normalize,date_normalized,"{""event_date"": ""2016-01-24T07:00:00Z""}"
7066,normalize,date_normalized,"{""event_date"": ""2016-05-22T06:00:00Z""}"
7067,normalize,date_normalized,"{""event_date"": ""2016-01-24T07:00:00Z""}"
7068,normalize,date_normalized,"{""event_date"": ""2015-09-02T06:00:00Z""}"
7069,normalize,date_normalized,"{""event_date"": ""2015-09-02T06:00:00Z""}"
7070,normalize,date_normalized,"{""event_date"": ""2015-09-27T06:00:00Z""}"
7071,normalize,date_normalized,"{""event_date"": ""2010-06-09T06:00:00Z""}"
7072,normalize,date_normalized,"{""event_date"": ""2016-05-22T06:00:00Z""}"
7073,normalize,date_normalized,"{""event_date"": ""2015-04-12T06:00:00Z""}"
7074,normalize,date_normalized,"{""event_date"": ""2015-01-09T07:00:00Z""}"
7075,normalize,date_normalized,"{""event_date"": ""2016-03-29T06:00:00Z""}"
7076,normalize,date_normalized,"{""event_date"": ""2015-01-09T07:00:00Z""}"
7077,normalize,date_normalized,"{""event_date"": ""2016-01-24T07:00:00Z""}"
7078,normalize,date_normalized,"{""event_date"": ""2015-09-19T06:00:00Z""}"
7079,normalize,date_normalized,"{""event_date"": ""2015-10-22T06:00:00Z""}"
7080,normalize,date_normalized,"{""event_date"": ""2015-12-31T07:00:00Z""}"
7081,normalize,date_normalized,"{""event_date"": ""2011-03-15T06:00:00Z""}"
7082,normalize,date_normalized,"{""event_date"": ""2015-11-18T07:00:00Z""}"
7083,normalize,date_normalized,"{""event_date"": ""2015-04-12T06:00:00Z""}"
7084,normalize,date_normalized,"{""event_date"": ""2015-01-09T07:00:00Z""}"
7085,normalize,date_normalized,"{""event_date"": ""2015-09-06T06:00:00Z""}"
7086,normalize,date_normalized,"{""event_date"": ""2015-09-28T06:00:00Z""}"
7087,normalize,date_normalized,"{""event_date"": ""2015-04-12T06:00:00Z""}"
7088,normalize,date_normalized,"{""event_date"": ""2015-04-12T06:00:00Z""}"
7089,normalize,date_normalized,"{""event_date"": ""2015-09-27T06:00:00Z""}"
7090,normalize,date_normalized,"{""event_date"": ""2016-02-03T07:00:00Z""}"
7091,normalize,date_normalized,"{""event_date"": ""2010-05-24T06:00:00Z""}"
7092,normalize,date_normalized,"{""event_date"": ""2015-09-27T06:00:00Z""}"
7093,normalize,date_normalized,"{""event_date"": ""2015-08-05T06:00:00Z""}"
7094,normalize,date_normalized,"{""event_date"": ""2014-08-07T06:00:00Z""}"
7095,normalize,date_normalized,"{""event_date"": ""2014-12-02T07:00:00Z""}"
7096,normalize,date_normalized,"{""event_date"": ""2015-04-12T06:00:00Z""}"
7097,normalize,date_normalized,"{""event_date"": ""2015-04-12T06:00:00Z""}"
7098,normalize,date_normalized,"{""event_date"": ""2015-09-01T06:00:00Z""}"
7099,normalize,date_normalized,"{""event_date"": ""2016-01-24T07:00:00Z""}"
7100,normalize,date_normalized,"{""event_date"": ""2011-04-19T06:00:00Z""}"
7101,normalize,date_normalized,"{""event_date"": ""2016-05-22T06:00:00Z""}"
7102,normalize,date_normalized,"{""event_date"": ""2016-01-24T07:00:00Z""}"
7103,normalize,date_normalized,"{""event_date"": ""2015-05-01T06:00:00Z""}"
7104,normalize,date_normalized,"{""event_date"": ""2015-09-09T06:00:00Z""}"
7105,normalize,date_normalized,"{""event_date"": ""2015-04-12T06:00:00Z""}"
7106,normalize,date_normalized,"{""event_date"": ""2014-12-23T07:00:00Z""}"
7107,normalize,date_normalized,"{""event_date"": ""2016-05-22T06:00:00Z""}"
7108,normalize,date_normalized,"{""event_date"": ""2015-01-09T07:00:00Z""}"
7109,normalize,date_normalized,"{""event_date"": ""2011-12-08T07:00:00Z""}"
7110,normalize,date_normalized,"{""event_date"": ""2015-12-15T07:00:00Z""}"
7111,normalize,date_normalized,"{""event_date"": ""2015-04-12T06:00:00Z""}"
7112,normalize,date_normalized,"{""event_date"": ""2015-01-09T07:00:00Z""}"
7113,normalize,date_normalized,"{""event_date"": ""2015-10-03T06:00:00Z""}"
7114,normalize,date_normalized,"{""event_date"": ""2015-09-27T06:00:00Z""}"
7115,normalize,date_normalized,"{""event_date"": ""2016-10-26T06:00:00Z""}"
7116,normalize,date_normalized,"{""event_date"": ""2018-04-15T06:00:00Z""}"
7117,normalize,date_normalized,"{""event_date"": ""2010-04-27T06:00:00Z""}"
7118,normalize,date_normalized,"{""event_date"": ""2011-11-25T07:00:00Z""}"
7119,normalize,date_normalized,"{""event_date"": ""2018-04-15T06:00:00Z""}"
7120,normalize,date_normalized,"{""event_date"": ""2016-11-09T07:00:00Z""}"
7121,normalize,date_normalized,"{""event_date"": ""2016-10-25T06:00:00Z""}"
7122,normalize,date_normalized,"{""event_date"": ""2016-10-31T06:00:00Z""}"
7123,normalize,date_normalized,"{""event_date"": ""2016-11-27T07:00:00Z""}"
7124,normalize,date_normalized,"{""event_date"": ""2016-10-08T06:00:00Z""}"
7125,normalize,date_normalized,"{""event_date"": ""2016-09-08T06:00:00Z""}"
7126,normalize,date_normalized,"{""event_date"": ""2016-09-08T06:00:00Z""}"
7127,normalize,date_normalized,"{""event_date"": ""2017-02-21T07:00:00Z""}"
7128,normalize,date_normalized,"{""event_date"": ""2010-08-23T06:00:00Z""}"
7129,normalize,date_normalized,"{""event_date"": ""2015-08-24T06:00:00Z""}"
7130,normalize,date_normalized,"{""event_date"": ""2017-02-03T07:00:00Z""}"
7131,normalize,date_normalized,"{""event_date"": ""2018-04-15T06:00:00Z""}"
7132,normalize,date_normalized,"{""event_date"": ""2018-04-15T06:00:00Z""}"
7133,normalize,date_normalized,"{""event_date"": ""2016-08-26T06:00:00Z""}"
7134,normalize,date_normalized,"{""event_date"": ""2016-10-22T06:00:00Z""}"
7135,normalize,date_normalized,"{""event_date"": ""2016-08-26T06:00:00Z""}"
7136,normalize,date_normalized,"{""event_date"": ""2017-02-20T07:00:00Z""}"
7137,normalize,date_normalized,"{""event_date"": ""2016-10-27T06:00:00Z""}"
7138,normalize,date_normalized,"{""event_date"": ""2016-10-27T06:00:00Z""}"
7139,normalize,date_normalized,"{""event_date"": ""2011-11-25T07:00:00Z""}"
7140,normalize,date_normalized,"{""event_date"": ""2018-04-15T06:00:00Z""}"
7141,normalize,date_normalized,"{""event_date"": ""2016-10-21T06:00:00Z""}"
7142,normalize,date_normalized,"{""event_date"": ""2016-11-04T06:00:00Z""}"
7143,normalize,date_normalized,"{""event_date"": ""2016-03-28T06:00:00Z""}"
7144,normalize,date_normalized,"{""event_date"": ""2017-02-12T07:00:00Z""}"
7145,normalize,date_normalized,"{""event_date"": ""2017-03-06T07:00:00Z""}"
7146,normalize,date_normalized,"{""event_date"": ""2017-10-01T06:00:00Z""}"
7147,normalize,date_normalized,"{""event_date"": ""2017-02-10T07:00:00Z""}"
7148,normalize,date_normalized,"{""event_date"": ""2017-09-21T06:00:00Z""}"
7149,normalize,date_normalized,"{""event_date"": ""2017-01-05T07:00:00Z""}"
7150,normalize,date_normalized,"{""event_date"": ""2010-06-09T06:00:00Z""}"
7151,normalize,date_normalized,"{""event_date"": ""2017-10-01T06:00:00Z""}"
7152,normalize,date_normalized,"{""event_date"": ""2017-02-20T07:00:00Z""}"
7153,normalize,date_normalized,"{""event_date"": ""2017-02-20T07:00:00Z""}"
7154,normalize,date_normalized,"{""event_date"": ""2018-04-15T06:00:00Z""}"
7155,normalize,date_normalized,"{""event_date"": ""2017-10-16T06:00:00Z""}"
7156,normalize,date_normalized,"{""event_date"": ""2017-02-23T07:00:00Z""}"
7157,normalize,date_normalized,"{""event_date"": ""2017-07-05T06:00:00Z""}"
7158,normalize,date_normalized,"{""event_date"": ""2017-02-02T07:00:00Z""}"
7159,normalize,date_normalized,"{""event_date"": ""2009-02-09T07:00:00Z""}"
7160,normalize,date_normalized,"{""event_date"": ""2017-10-09T06:00:00Z""}"
7161,normalize,date_normalized,"{""event_date"": ""2011-06-01T06:00:00Z""}"
7162,normalize,date_normalized,"{""event_date"": ""2009-02-09T07:00:00Z""}"
7163,normalize,date_normalized,"{""event_date"": ""2009-02-09T07:00:00Z""}"
7164,normalize,date_normalized,"{""event_date"": ""2017-07-03T06:00:00Z""}"
7165,normalize,date_normalized,"{""event_date"": ""2017-07-26T06:00:00Z""}"
7166,normalize,date_normalized,"{""event_date"": ""2017-07-03T06:00:00Z""}"
7167,normalize,date_normalized,"{""event_date"": ""2017-05-21T06:00:00Z""}"
7168,normalize,date_normalized,"{""event_date"": ""2017-10-24T06:00:00Z""}"
7169,normalize,date_normalized,"{""event_date"": ""2016-11-29T07:00:00Z""}"
7170,normalize,date_normalized,"{""event_date"": ""2016-02-29T07:00:00Z""}"
7171,normalize,date_normalized,"{""event_date"": ""2016-11-29T07:00:00Z""}"
7172,normalize,date_normalized,"{""event_date"": ""2010-04-27T06:00:00Z""}"
7173,normalize,date_normalized,"{""event_date"": ""2009-07-13T06:00:00Z""}"
7174,normalize,date_normalized,"{""event_date"": ""2015-11-02T07:00:00Z""}"
7175,normalize,date_normalized,"{""event_date"": ""2016-11-29T07:00:00Z""}"
7176,normalize,date_normalized,"{""event_date"": ""2016-10-23T06:00:00Z""}"
7177,normalize,date_normalized,"{""event_date"": ""2016-08-01T06:00:00Z""}"
7178,normalize,date_normalized,"{""event_date"": ""2016-08-20T06:00:00Z""}"
7179,normalize,date_normalized,"{""event_date"": ""2016-11-29T07:00:00Z""}"
7180,normalize,date_normalized,"{""event_date"": ""2016-11-29T07:00:00Z""}"
7181,normalize,date_normalized,"{""event_date"": ""2014-10-31T06:00:00Z""}"
7182,normalize,date_normalized,"{""event_date"": ""2016-08-14T06:00:00Z""}"
7183,normalize,date_normalized,"{""event_date"": ""2010-03-01T07:00:00Z""}"
7184,normalize,date_normalized,"{""event_date"": ""2016-11-29T07:00:00Z""}"
7185,normalize,date_normalized,"{""event_date"": ""2018-04-15T06:00:00Z""}"
7186,normalize,date_normalized,"{""event_date"": ""2016-12-01T07:00:00Z""}"
7187,normalize,date_normalized,"{""event_date"": ""2016-06-11T06:00:00Z""}"
7188,normalize,date_normalized,"{""event_date"": ""2016-11-29T07:00:00Z""}"
7189,normalize,date_normalized,"{""event_date"": ""2016-11-19T07:00:00Z""}"
7190,normalize,date_normalized,"{""event_date"": ""2016-11-19T07:00:00Z""}"
7191,normalize,date_normalized,"{""event_date"": ""2013-10-14T06:00:00Z""}"
7192,normalize,date_normalized,"{""event_date"": ""2017-01-03T07:00:00Z""}"
7193,normalize,date_normalized,"{""event_date"": ""2018-04-15T06:00:00Z""}"
7194,normalize,date_normalized,"{""event_date"": ""2011-03-11T07:00:00Z""}"
7195,normalize,date_normalized,"{""event_date"": ""2017-10-02T06:00:00Z""}"
7196,normalize,date_normalized,"{""event_date"": ""2016-04-19T06:00:00Z""}"
7197,normalize,date_normalized,"{""event_date"": ""2016-03-09T07:00:00Z""}"
7198,normalize,date_normalized,"{""event_date"": ""2016-12-05T07:00:00Z""}"
7199,normalize,date_normalized,"{""event_date"": ""2015-08-26T06:00:00Z""}"
7200,normalize,date_normalized,"{""event_date"": ""2016-11-29T07:00:00Z""}"
7201,normalize,date_normalized,"{""event_date"": ""2013-10-14T06:00:00Z""}"
7202,normalize,date_normalized,"{""event_date"": ""2016-08-14T06:00:00Z""}"
7203,normalize,date_normalized,"{""event_date"": ""2016-11-29T07:00:00Z""}"
7204,normalize,date_normalized,"{""event_date"": ""2016-11-29T07:00:00Z""}"
7205,normalize,date_normalized,"{""event_date"": ""2010-06-11T06:00:00Z""}"
7206,normalize,date_normalized,"{""event_date"": ""2013-08-22T06:00:00Z""}"
7207,normalize,date_normalized,"{""event_date"": ""2018-04-15T06:00:00Z""}"
7208,normalize,date_normalized,"{""event_date"": ""2016-11-29T07:00:00Z""}"
7209,normalize,date_normalized,"{""event_date"": ""2016-11-29T07:00:00Z""}"
7210,normalize,date_normalized,"{""event_date"": ""2016-11-29T07:00:00Z""}"
7211,normalize,date_normalized,"{""event_date"": ""2013-10-14T06:00:00Z""}"
7212,normalize,date_normalized,"{""event_date"": ""2017-04-10T06:00:00Z""}"
7213,normalize,date_normalized,"{""event_date"": ""2017-12-05T07:00:00Z""}"
7214,normalize,date_normalized,"{""event_date"": ""2016-02-29T07:00:00Z""}"
7215,normalize,date_normalized,"{""event_date"": ""2011-03-14T06:00:00Z""}"
7216,normalize,date_normalized,"{""event_date"": ""2013-08-22T06:00:00Z""}"
7217,normalize,date_normalized,"{""event_date"": ""2013-08-22T06:00:00Z""}"
7218,normalize,date_normalized,"{""event_date"": ""2017-12-05T07:00:00Z""}"
7219,normalize,date_normalized,"{""event_date"": ""2016-09-05T06:00:00Z""}"
7220,normalize,date_normalized,"{""event_date"": ""2016-07-02T06:00:00Z""}"
7221,normalize,date_normalized,"{""event_date"": ""2015-09-08T06:00:00Z""}"
7222,normalize,date_normalized,"{""event_date"": ""2018-04-15T06:00:00Z""}"
7223,normalize,date_normalized,"{""event_date"": ""2015-09-08T06:00:00Z""}"
7224,normalize,date_normalized,"{""event_date"": ""2018-04-15T06:00:00Z""}"
7225,normalize,date_normalized,"{""event_date"": ""2010-09-08T06:00:00Z""}"
7226,normalize,date_normalized,"{""event_date"": ""2016-08-29T06:00:00Z""}"
7227,normalize,date_normalized,"{""event_date"": ""2015-12-23T07:00:00Z""}"
7228,normalize,date_normalized,"{""event_date"": ""2017-01-05T07:00:00Z""}"
7229,normalize,date_normalized,"{""event_date"": ""2009-08-16T06:00:00Z""}"
7230,normalize,date_normalized,"{""event_date"": ""2009-08-16T06:00:00Z""}"
7231,normalize,date_normalized,"{""event_date"": ""2016-07-19T06:00:00Z""}"
7232,normalize,date_normalized,"{""event_date"": ""2016-08-03T06:00:00Z""}"
7233,normalize,date_normalized,"{""event_date"": ""2009-08-16T06:00:00Z""}"
7234,normalize,date_normalized,"{""event_date"": ""2010-07-25T06:00:00Z""}"
7235,normalize,date_normalized,"{""event_date"": ""2009-08-16T06:00:00Z""}"
7236,normalize,date_normalized,"{""event_date"": ""2017-02-12T07:00:00Z""}"
7237,normalize,date_normalized,"{""event_date"": ""2018-04-15T06:00:00Z""}"
7238,normalize,date_normalized,"{""event_date"": ""2009-08-16T06:00:00Z""}"
7239,normalize,date_normalized,"{""event_date"": ""2018-04-15T06:00:00Z""}"
7240,normalize,date_normalized,"{""event_date"": ""2017-01-09T07:00:00Z""}"
7241,normalize,date_normalized,"{""event_date"": ""2016-10-08T06:00:00Z""}"
7242,normalize,date_normalized,"{""event_date"": ""2009-08-16T06:00:00Z""}"
7243,normalize,date_normalized,"{""event_date"": ""2017-03-14T06:00:00Z""}"
7244,normalize,date_normalized,"{""event_date"": ""2016-09-14T06:00:00Z""}"
7245,normalize,date_normalized,"{""event_date"": ""2015-02-15T07:00:00Z""}"
7246,normalize,date_normalized,"{""event_date"": ""2016-01-21T07:00:00Z""}"
7247,normalize,date_normalized,"{""event_date"": ""2016-01-09T07:00:00Z""}"
7248,normalize,date_normalized,"{""event_date"": ""2016-05-17T06:00:00Z""}"
7249,normalize,date_normalized,"{""event_date"": ""2011-08-07T06:00:00Z""}"
7250,normalize,date_normalized,"{""event_date"": ""2016-05-27T06:00:00Z""}"
7251,normalize,date_normalized,"{""event_date"": ""2018-04-15T06:00:00Z""}"
7252,normalize,date_normalized,"{""event_date"": ""2016-09-14T06:00:00Z""}"
7253,normalize,date_normalized,"{""event_date"": ""2011-03-02T07:00:00Z""}"
7254,normalize,date_normalized,"{""event_date"": ""2016-09-14T06:00:00Z""}"
7255,normalize,date_normalized,"{""event_date"": ""2016-09-06T06:00:00Z""}"
7256,normalize,date_normalized,"{""event_date"": ""2017-05-04T06:00:00Z""}"
7257,normalize,date_normalized,"{""event_date"": ""2016-01-21T07:00:00Z""}"
7258,normalize,date_normalized,"{""event_date"": ""2013-10-14T06:00:00Z""}"
7259,normalize,date_normalized,"{""event_date"": ""2016-05-17T06:00:00Z""}"
7260,normalize,date_normalized,"{""event_date"": ""2013-10-14T06:00:00Z""}"
7261,normalize,date_normalized,"{""event_date"": ""2016-07-05T06:00:00Z""}"
7262,normalize,date_normalized,"{""event_date"": ""2016-01-21T07:00:00Z""}"
7263,normalize,date_normalized,"{""event_date"": ""2013-10-14T06:00:00Z""}"
7264,normalize,date_normalized,"{""event_date"": ""2011-01-05T07:00:00Z""}"
7265,normalize,date_normalized,"{""event_date"": ""2009-10-14T06:00:00Z""}"
7266,normalize,date_normalized,"{""event_date"": ""2018-04-15T06:00:00Z""}"
7267,normalize,date_normalized,"{""event_date"": ""2016-09-14T06:00:00Z""}"
7268,normalize,date_normalized,"{""event_date"": ""2016-09-26T06:00:00Z""}"
7269,normalize,date_normalized,"{""event_date"": ""2016-08-29T06:00:00Z""}"
7270,normalize,date_normalized,"{""event_date"": ""2017-01-29T07:00:00Z""}"
7271,normalize,date_normalized,"{""event_date"": ""2013-10-14T06:00:00Z""}"
7272,normalize,date_normalized,"{""event_date"": ""2016-09-18T06:00:00Z""}"
7273,normalize,date_normalized,"{""event_date"": ""2017-07-25T06:00:00Z""}"
7274,normalize,date_normalized,"{""event_date"": ""2012-02-16T07:00:00Z""}"
7275,normalize,date_normalized,"{""event_date"": ""2016-06-27T06:00:00Z""}"
7276,normalize,date_normalized,"{""event_date"": ""2011-10-12T06:00:00Z""}"
7277,normalize,date_normalized,"{""event_date"": ""2017-05-24T06:00:00Z""}"
7278,normalize,date_normalized,"{""event_date"": ""2018-04-15T06:00:00Z""}"
7279,normalize,date_normalized,"{""event_date"": ""2017-02-27T07:00:00Z""}"
7280,normalize,date_normalized,"{""event_date"": ""2010-06-09T06:00:00Z""}"
7281,normalize,date_normalized,"{""event_date"": ""2011-03-17T06:00:00Z""}"
7282,normalize,date_normalized,"{""event_date"": ""2010-07-21T06:00:00Z""}"
7283,normalize,date_normalized,"{""event_date"": ""2017-02-10T07:00:00Z""}"
7284,normalize,date_normalized,"{""event_date"": ""2016-08-08T06:00:00Z""}"
7285,normalize,date_normalized,"{""event_date"": ""2016-05-27T06:00:00Z""}"
7286,normalize,date_normalized,"{""event_date"": ""2016-07-29T06:00:00Z""}"
7287,normalize,date_normalized,"{""event_date"": ""2016-08-24T06:00:00Z""}"
7288,normalize,date_normalized,"{""event_date"": ""2016-07-20T06:00:00Z""}"
7289,normalize,date_normalized,"{""event_date"": ""2016-07-10T06:00:00Z""}"
7290,normalize,date_normalized,"{""event_date"": ""2016-08-10T06:00:00Z""}"
7291,normalize,date_normalized,"{""event_date"": ""2016-07-13T06:00:00Z""}"
7292,normalize,date_normalized,"{""event_date"": ""2016-07-14T06:00:00Z""}"
7293,normalize,date_normalized,"{""event_date"": ""2018-04-13T06:00:00Z""}"
7294,normalize,date_normalized,"{""event_date"": ""2016-07-20T06:00:00Z""}"
7295,normalize,date_normalized,"{""event_date"": ""2016-07-03T06:00:00Z""}"
7296,normalize,date_normalized,"{""event_date"": ""2016-09-20T06:00:00Z""}"
7297,normalize,date_normalized,"{""event_date"": ""2016-09-20T06:00:00Z""}"
7298,normalize,date_normalized,"{""event_date"": ""2016-07-29T06:00:00Z""}"
7299,normalize,date_normalized,"{""event_date"": ""2016-07-27T06:00:00Z""}"
7300,normalize,date_normalized,"{""event_date"": ""2015-12-30T07:00:00Z""}"
7301,normalize,date_normalized,"{""event_date"": ""2017-01-19T07:00:00Z""}"
7302,normalize,date_normalized,"{""event_date"": ""2017-03-24T06:00:00Z""}"
7303,normalize,date_normalized,"{""event_date"": ""2017-03-24T06:00:00Z""}"
7304,normalize,date_normalized,"{""event_date"": ""2010-03-12T07:00:00Z""}"
7305,normalize,date_normalized,"{""event_date"": ""2017-02-27T07:00:00Z""}"
7306,normalize,date_normalized,"{""event_date"": ""2013-10-14T06:00:00Z""}"
7307,normalize,date_normalized,"{""event_date"": ""2017-03-24T06:00:00Z""}"
7308,normalize,date_normalized,"{""event_date"": ""2013-10-14T06:00:00Z""}"
7309,normalize,date_normalized,"{""event_date"": ""2013-10-14T06:00:00Z""}"
7310,normalize,date_normalized,"{""event_date"": ""2017-03-08T07:00:00Z""}"
7311,normalize,date_normalized,"{""event_date"": ""2017-02-16T07:00:00Z""}"
7312,normalize,date_normalized,"{""event_date"": ""2013-10-14T06:00:00Z""}"
7313,normalize,date_normalized,"{""event_date"": ""2017-03-06T07:00:00Z""}"
7314,normalize,date_normalized,"{""event_date"": ""2017-05-11T06:00:00Z""}"
7315,normalize,date_normalized,"{""event_date"": ""2011-05-04T06:00:00Z""}"
7316,normalize,date_normalized,"{""event_date"": ""2016-11-18T07:00:00Z""}"
7317,normalize,date_normalized,"{""event_date"": ""2016-12-16T07:00:00Z""}"
7318,normalize,date_normalized,"{""event_date"": ""2016-12-17T07:00:00Z""}"
7319,normalize,date_normalized,"{""event_date"": ""2016-12-17T07:00:00Z""}"
7320,normalize,date_normalized,"{""event_date"": ""2017-06-12T06:00:00Z""}"
7321,normalize,date_normalized,"{""event_date"": ""2017-08-30T06:00:00Z""}"
7322,normalize,date_normalized,"{""event_date"": ""2013-10-18T06:00:00Z""}"
7323,normalize,date_normalized,"{""event_date"": ""2017-01-23T07:00:00Z""}"
7324,normalize,date_normalized,"{""event_date"": ""2017-04-06T06:00:00Z""}"
7325,normalize,date_normalized,"{""event_date"": ""2017-04-30T06:00:00Z""}"
7326,normalize,date_normalized,"{""event_date"": ""2017-04-29T06:00:00Z""}"
7327,normalize,date_normalized,"{""event_date"": ""2013-10-18T06:00:00Z""}"
7328,normalize,date_normalized,"{""event_date"": ""2017-06-06T06:00:00Z""}"
7329,normalize,date_normalized,"{""event_date"": ""2010-06-09T06:00:00Z""}"
7330,normalize,date_normalized,"{""event_date"": ""2017-06-18T06:00:00Z""}"
7331,normalize,date_normalized,"{""event_date"": ""2013-10-18T06:00:00Z""}"
7332,normalize,date_normalized,"{""event_date"": ""2017-06-06T06:00:00Z""}"
7333,normalize,date_normalized,"{""event_date"": ""2017-01-31T07:00:00Z""}"
7334,normalize,date_normalized,"{""event_date"": ""2017-02-01T07:00:00Z""}"
7335,normalize,date_normalized,"{""event_date"": ""2014-11-07T07:00:00Z""}"
7336,normalize,date_normalized,"{""event_date"": ""2014-11-07T07:00:00Z""}"
7337,normalize,date_normalized,"{""event_date"": ""2017-06-30T06:00:00Z""}"
7338,normalize,date_normalized,"{""event_date"": ""2017-02-21T07:00:00Z""}"
7339,normalize,date_normalized,"{""event_date"": ""2017-03-07T07:00:00Z""}"
7340,normalize,date_normalized,"{""event_date"": ""2011-05-04T06:00:00Z""}"
7341,normalize,date_normalized,"{""event_date"": ""2010-09-30T06:00:00Z""}"
7342,normalize,date_normalized,"{""event_date"": ""2017-01-11T07:00:00Z""}"
7343,normalize,date_normalized,"{""event_date"": ""2014-07-28T06:00:00Z""}"
7344,normalize,date_normalized,"{""event_date"": ""2017-03-27T06:00:00Z""}"
7345,normalize,date_normalized,"{""event_date"": ""2016-08-21T06:00:00Z""}"
7346,normalize,date_normalized,"{""event_date"": ""2017-09-12T06:00:00Z""}"
7347,normalize,date_normalized,"{""event_date"": ""2018-04-15T06:00:00Z""}"
7348,normalize,date_normalized,"{""event_date"": ""2018-04-15T06:00:00Z""}"
7349,normalize,date_normalized,"{""event_date"": ""2018-04-15T06:00:00Z""}"
7350,normalize,date_normalized,"{""event_date"": ""2018-04-15T06:00:00Z""}"
7351,normalize,date_normalized,"{""event_date"": ""2011-05-04T06:00:00Z""}"
7352,normalize,date_normalized,"{""event_date"": ""2018-04-15T06:00:00Z""}"
7353,normalize,date_normalized,"{""event_date"": ""2018-04-15T06:00:00Z""}"
7354,normalize,date_normalized,"{""event_date"": ""2017-05-14T06:00:00Z""}"
7355,normalize,date_normalized,"{""event_date"": ""2018-04-15T06:00:00Z""}"
7356,normalize,date_normalized,"{""event_date"": ""2018-04-15T06:00:00Z""}"
7357,normalize,date_normalized,"{""event_date"": ""2018-04-15T06:00:00Z""}"
7358,normalize,date_normalized,"{""event_date"": ""2018-04-15T06:00:00Z""}"
7359,normalize,date_normalized,"{""event_date"": ""2018-04-15T06:00:00Z""}"
7360,normalize,date_normalized,"{""event_date"": ""2018-04-15T06:00:00Z""}"
7361,normalize,date_normalized,"{""event_date"": ""2008-11-10T07:00:00Z""}"
7362,normalize,date_normalized,"{""event_date"": ""2010-04-27T06:00:00Z""}"
7363,normalize,date_normalized,"{""event_date"": ""2017-12-14T07:00:00Z""}"
7364,normalize,date_normalized,"{""event_date"": ""2016-12-07T07:00:00Z""}"
7365,normalize,date_normalized,"{""event_date"": ""2017-06-06T06:00:00Z""}"
7366,normalize,date_normalized,"{""event_date"": ""2017-02-22T07:00:00Z""}"
7367,normalize,date_normalized,"{""event_date"": ""2016-09-19T06:00:00Z""}"
7368,normalize,date_normalized,"{""event_date"": ""2016-07-11T06:00:00Z""}"
7369,normalize,date_normalized,"{""event_date"": ""2016-07-11T06:00:00Z""}"
7370,normalize,date_normalized,"{""event_date"": ""2016-08-12T06:00:00Z""}"
7371,normalize,date_normalized,"{""event_date"": ""2013-08-22T06:00:00Z""}"
7372,normalize,date_normalized,"{""event_date"": ""2016-07-11T06:00:00Z""}"
7373,normalize,date_normalized,"{""event_date"": ""2010-06-09T06:00:00Z""}"
7374,normalize,date_normalized,"{""event_date"": ""2016-07-11T06:00:00Z""}"
7375,normalize,date_normalized,"{""event_date"": ""2015-07-03T06:00:00Z""}"
7376,normalize,date_normalized,"{""event_date"": ""2016-08-12T06:00:00Z""}"
7377,normalize,date_normalized,"{""event_date"": ""2018-04-15T06:00:00Z""}"
7378,normalize,date_normalized,"{""event_date"": ""2016-07-11T06:00:00Z""}"
7379,normalize,date_normalized,"{""event_date"": ""2013-08-22T06:00:00Z""}"
7380,normalize,date_normalized,"{""event_date"": ""2016-09-19T06:00:00Z""}"
7381,normalize,date_normalized,"{""event_date"": ""2016-06-25T06:00:00Z""}"
7382,normalize,date_normalized,"{""event_date"": ""2016-08-31T06:00:00Z""}"
7383,normalize,date_normalized,"{""event_date"": ""2013-12-15T07:00:00Z""}"
7384,normalize,date_normalized,"{""event_date"": ""2011-12-08T07:00:00Z""}"
7385,normalize,date_normalized,"{""event_date"": ""2015-06-24T06:00:00Z""}"
7386,normalize,date_normalized,"{""event_date"": ""2016-02-03T07:00:00Z""}"
7387,normalize,date_normalized,"{""event_date"": ""2016-06-25T06:00:00Z""}"
7388,normalize,date_normalized,"{""event_date"": ""2016-02-08T07:00:00Z""}"
7389,normalize,date_normalized,"{""event_date"": ""2013-08-22T06:00:00Z""}"
7390,normalize,date_normalized,"{""event_date"": ""2017-01-05T07:00:00Z""}"
7391,normalize,date_normalized,"{""event_date"": ""2016-12-27T07:00:00Z""}"
7392,normalize,date_normalized,"{""event_date"": ""2017-01-01T07:00:00Z""}"
7393,normalize,date_normalized,"{""event_date"": ""2017-01-01T07:00:00Z""}"
7394,normalize,date_normalized,"{""event_date"": ""2018-04-15T06:00:00Z""}"
7395,normalize,date_normalized,"{""event_date"": ""2009-10-14T06:00:00Z""}"
7396,normalize,date_normalized,"{""event_date"": ""2016-12-27T07:00:00Z""}"
7397,normalize,date_normalized,"{""event_date"": ""2018-04-15T06:00:00Z""}"
7398,normalize,date_normalized,"{""event_date"": ""2017-01-02T07:00:00Z""}"
7399,normalize,date_normalized,"{""event_date"": ""2017-01-02T07:00:00Z""}"
7400,normalize,date_normalized,"{""event_date"": ""2017-08-03T06:00:00Z""}"
7401,normalize,date_normalized,"{""event_date"": ""2017-09-20T06:00:00Z""}"
7402,normalize,date_normalized,"{""event_date"": ""2017-09-12T06:00:00Z""}"
7403,normalize,date_normalized,"{""event_date"": ""2015-04-22T06:00:00Z""}"
7404,normalize,date_normalized,"{""event_date"": ""2011-04-19T06:00:00Z""}"
7405,normalize,date_normalized,"{""event_date"": ""2009-08-14T06:00:00Z""}"
7406,normalize,date_normalized,"{""event_date"": ""2017-10-02T06:00:00Z""}"
7407,normalize,date_normalized,"{""event_date"": ""2016-11-24T07:00:00Z""}"
7408,normalize,date_normalized,"{""event_date"": ""2016-10-11T06:00:00Z""}"
7409,normalize,date_normalized,"{""event_date"": ""2011-11-30T07:00:00Z""}"
7410,normalize,date_normalized,"{""event_date"": ""2016-12-08T07:00:00Z""}"
7411,normalize,date_normalized,"{""event_date"": ""2016-11-16T07:00:00Z""}"
7412,normalize,date_normalized,"{""event_date"": ""2018-04-15T06:00:00Z""}"
7413,normalize,date_normalized,"{""event_date"": ""2016-11-15T07:00:00Z""}"
7414,normalize,date_normalized,"{""event_date"": ""2016-11-17T07:00:00Z""}"
7415,normalize,date_normalized,"{""event_date"": ""2016-11-16T07:00:00Z""}"
7416,normalize,date_normalized,"{""event_date"": ""2010-07-21T06:00:00Z""}"
7417,normalize,date_normalized,"{""event_date"": ""2014-12-02T07:00:00Z""}"
7418,normalize,date_normalized,"{""event_date"": ""2016-10-31T06:00:00Z""}"
7419,normalize,date_normalized,"{""event_date"": ""2016-10-28T06:00:00Z""}"
7420,normalize,date_normalized,"{""event_date"": ""2016-11-19T07:00:00Z""}"
7421,normalize,date_normalized,"{""event_date"": ""2016-11-17T07:00:00Z""}"
7422,normalize,date_normalized,"{""event_date"": ""2016-10-18T06:00:00Z""}"
7423,normalize,date_normalized,"{""event_date"": ""2016-11-08T07:00:00Z""}"
7424,normalize,date_normalized,"{""event_date"": ""2011-11-22T07:00:00Z""}"
7425,normalize,date_normalized,"{""event_date"": ""2017-02-17T07:00:00Z""}"
7426,normalize,date_normalized,"{""event_date"": ""2018-04-13T06:00:00Z""}"
7427,normalize,date_normalized,"{""event_date"": ""2017-06-30T06:00:00Z""}"
7428,normalize,date_normalized,"{""event_date"": ""2016-10-14T06:00:00Z""}"
7429,normalize,date_normalized,"{""event_date"": ""2017-10-16T06:00:00Z""}"
7430,normalize,date_normalized,"{""event_date"": ""2018-04-15T06:00:00Z""}"
7431,normalize,date_normalized,"{""event_date"": ""2018-04-15T06:00:00Z""}"
7432,normalize,date_normalized,"{""event_date"": ""2018-04-15T06:00:00Z""}"
7433,normalize,date_normalized,"{""event_date"": ""2017-02-16T07:00:00Z""}"
7434,normalize,date_normalized,"{""event_date"": ""2017-08-30T06:00:00Z""}"
7435,normalize,date_normalized,"{""event_date"": ""2016-08-18T06:00:00Z""}"
7436,normalize,date_normalized,"{""event_date"": ""2011-11-25T07:00:00Z""}"
7437,normalize,date_normalized,"{""event_date"": ""2016-01-08T07:00:00Z""}"
7438,normalize,date_normalized,"{""event_date"": ""2016-06-14T06:00:00Z""}"
7439,normalize,date_normalized,"{""event_date"": ""2016-08-12T06:00:00Z""}"
7440,normalize,date_normalized,"{""event_date"": ""2013-03-18T06:00:00Z""}"
7441,normalize,date_normalized,"{""event_date"": ""2016-12-08T07:00:00Z""}"
7442,normalize,date_normalized,"{""event_date"": ""2014-09-17T06:00:00Z""}"
7443,normalize,date_normalized,"{""event_date"": ""2016-02-04T07:00:00Z""}"
7444,normalize,date_normalized,"{""event_date"": ""2014-12-08T07:00:00Z""}"
7445,normalize,date_normalized,"{""event_date"": ""2016-02-05T07:00:00Z""}"
7446,normalize,date_normalized,"{""event_date"": ""2014-09-22T06:00:00Z""}"
7447,normalize,date_normalized,"{""event_date"": ""2011-03-02T07:00:00Z""}"
7448,normalize,date_normalized,"{""event_date"": ""2011-04-26T06:00:00Z""}"
7449,normalize,date_normalized,"{""event_date"": ""2016-06-14T06:00:00Z""}"
7450,normalize,date_normalized,"{""event_date"": ""2014-06-10T06:00:00Z""}"
7451,normalize,date_normalized,"{""event_date"": ""2011-02-18T07:00:00Z""}"
7452,normalize,date_normalized,"{""event_date"": ""2017-04-03T06:00:00Z""}"
7453,normalize,date_normalized,"{""event_date"": ""2018-04-15T06:00:00Z""}"
7454,normalize,date_normalized,"{""event_date"": ""2009-02-15T07:00:00Z""}"
7455,normalize,date_normalized,"{""event_date"": ""2016-10-19T06:00:00Z""}"
7456,normalize,date_normalized,"{""event_date"": ""2009-02-15T07:00:00Z""}"
7457,normalize,date_normalized,"{""event_date"": ""2011-09-15T06:00:00Z""}"
7458,normalize,date_normalized,"{""event_date"": ""2010-05-11T06:00:00Z""}"
7459,normalize,date_normalized,"{""event_date"": ""2011-09-15T06:00:00Z""}"
7460,normalize,date_normalized,"{""event_date"": ""2011-09-15T06:00:00Z""}"
7461,normalize,date_normalized,"{""event_date"": ""2009-02-15T07:00:00Z""}"
7462,normalize,date_normalized,"{""event_date"": ""2011-09-15T06:00:00Z""}"
7463,normalize,date_normalized,"{""event_date"": ""2013-04-10T06:00:00Z""}"
7464,normalize,date_normalized,"{""event_date"": ""2011-09-15T06:00:00Z""}"
7465,normalize,date_normalized,"{""event_date"": ""2011-12-28T07:00:00Z""}"
7466,normalize,date_normalized,"{""event_date"": ""2011-09-15T06:00:00Z""}"
7467,normalize,date_normalized,"{""event_date"": ""2011-09-15T06:00:00Z""}"
7468,normalize,date_normalized,"{""event_date"": ""2009-02-15T07:00:00Z""}"
7469,normalize,date_normalized,"{""event_date"": ""2010-07-21T06:00:00Z""}"
7470,normalize,date_normalized,"{""event_date"": ""2009-02-15T07:00:00Z""}"
7471,normalize,date_normalized,"{""event_date"": ""2018-04-15T06:00:00Z""}"
7472,normalize,date_normalized,"{""event_date"": ""2009-02-15T07:00:00Z""}"
7473,normalize,date_normalized,"{""event_date"": ""2012-08-09T06:00:00Z""}"
7474,normalize,date_normalized,"{""event_date"": ""2018-04-15T06:00:00Z""}"
7475,normalize,date_normalized,"{""event_date"": ""2011-09-15T06:00:00Z""}"
7476,normalize,date_normalized,"{""event_date"": ""2011-09-15T06:00:00Z""}"
7477,normalize,date_normalized,"{""event_date"": ""2011-09-15T06:00:00Z""}"
7478,normalize,date_normalized,"{""event_date"": ""2016-10-19T06:00:00Z""}"
7479,normalize,date_normalized,"{""event_date"": ""2018-04-13T06:00:00Z""}"
7480,normalize,date_normalized,"{""event_date"": ""2011-09-15T06:00:00Z""}"
7481,normalize,date_normalized,"{""event_date"": ""2011-09-15T06:00:00Z""}"
7482,normalize,date_normalized,"{""event_date"": ""2011-09-15T06:00:00Z""}"
7483,normalize,date_normalized,"{""event_date"": ""2018-04-15T06:00:00Z""}"
7484,normalize,date_normalized,"{""event_date"": ""2012-08-09T06:00:00Z""}"
7485,normalize,date_normalized,"{""event_date"": ""2017-03-06T07:00:00Z""}"
7486,normalize,date_normalized,"{""event_date"": ""2015-03-30T06:00:00Z""}"
7487,normalize,date_normalized,"{""event_date"": ""2011-03-02T07:00:00Z""}"
7488,normalize,date_normalized,"{""event_date"": ""2017-02-03T07:00:00Z""}"
7489,normalize,date_normalized,"{""event_date"": ""2017-02-16T07:00:00Z""}"
7490,normalize,date_normalized,"{""event_date"": ""2010-09-08T06:00:00Z""}"
7491,normalize,date_normalized,"{""event_date"": ""2017-10-04T06:00:00Z""}"
7492,normalize,date_normalized,"{""event_date"": ""2018-04-15T06:00:00Z""}"
7493,normalize,date_normalized,"{""event_date"": ""2017-10-31T06:00:00Z""}"
7494,normalize,date_normalized,"{""event_date"": ""2017-10-30T06:00:00Z""}"
7495,normalize,date_normalized,"{""event_date"": ""2017-11-07T07:00:00Z""}"
7496,normalize,date_normalized,"{""event_date"": ""2017-06-07T06:00:00Z""}"
7497,normalize,date_normalized,"{""event_date"": ""2017-10-27T06:00:00Z""}"
7498,normalize,date_normalized,"{""event_date"": ""2017-03-23T06:00:00Z""}"
7499,normalize,date_normalized,"{""event_date"": ""2017-03-12T07:00:00Z""}"
7500,normalize,date_normalized,"{""event_date"": ""2017-03-23T06:00:00Z""}"
7501,normalize,date_normalized,"{""event_date"": ""2011-03-14T06:00:00Z""}"
7502,normalize,date_normalized,"{""event_date"": ""2016-09-13T06:00:00Z""}"
7503,normalize,date_normalized,"{""event_date"": ""2017-03-26T06:00:00Z""}"
7504,normalize,date_normalized,"{""event_date"": ""2017-03-23T06:00:00Z""}"
7505,normalize,date_normalized,"{""event_date"": ""2017-03-27T06:00:00Z""}"
7506,normalize,date_normalized,"{""event_date"": ""2017-03-12T07:00:00Z""}"
7507,normalize,date_normalized,"{""event_date"": ""2017-03-12T07:00:00Z""}"
7508,normalize,date_normalized,"{""event_date"": ""2017-04-06T06:00:00Z""}"
7509,normalize,date_normalized,"{""event_date"": ""2017-11-22T07:00:00Z""}"
7510,normalize,date_normalized,"{""event_date"": ""2011-07-05T06:00:00Z""}"
7511,normalize,date_normalized,"{""event_date"": ""2010-06-09T06:00:00Z""}"
7512,normalize,date_normalized,"{""event_date"": ""2010-12-07T07:00:00Z""}"
7513,normalize,date_normalized,"{""event_date"": ""2011-02-01T07:00:00Z""}"
7514,normalize,date_normalized,"{""event_date"": ""2011-05-09T06:00:00Z""}"
7515,normalize,date_normalized,"{""event_date"": ""2010-12-14T07:00:00Z""}"
7516,normalize,date_normalized,"{""event_date"": ""2011-03-14T06:00:00Z""}"
7517,normalize,date_normalized,"{""event_date"": ""2010-11-25T07:00:00Z""}"
7518,normalize,date_normalized,"{""event_date"": ""2011-05-30T06:00:00Z""}"
7519,normalize,date_normalized,"{""event_date"": ""2011-04-14T06:00:00Z""}"
7520,normalize,date_normalized,"{""event_date"": ""2016-07-20T06:00:00Z""}"
7521,normalize,date_normalized,"{""event_date"": ""2016-07-28T06:00:00Z""}"
7522,normalize,date_normalized,"{""event_date"": ""2016-07-28T06:00:00Z""}"
7523,normalize,date_normalized,"{""event_date"": ""2010-09-19T06:00:00Z""}"
7524,normalize,date_normalized,"{""event_date"": ""2018-04-20T06:00:00Z""}"
7525,normalize,date_normalized,"{""event_date"": ""2016-03-29T06:00:00Z""}"
7526,normalize,date_normalized,"{""event_date"": ""2018-04-20T06:00:00Z""}"
7527,normalize,date_normalized,"{""event_date"": ""2016-08-15T06:00:00Z""}"
7528,normalize,date_normalized,"{""event_date"": ""2016-07-21T06:00:00Z""}"
7529,normalize,date_normalized,"{""event_date"": ""2016-07-28T06:00:00Z""}"
7530,normalize,date_normalized,"{""event_date"": ""2016-07-28T06:00:00Z""}"
7531,normalize,date_normalized,"{""event_date"": ""2016-08-15T06:00:00Z""}"
7532,normalize,date_normalized,"{""event_date"": ""2016-09-06T06:00:00Z""}"
7533,normalize,date_normalized,"{""event_date"": ""2016-07-20T06:00:00Z""}"
7534,normalize,date_normalized,"{""event_date"": ""2010-07-21T06:00:00Z""}"
7535,normalize,date_normalized,"{""event_date"": ""2018-04-20T06:00:00Z""}"
7536,normalize,date_normalized,"{""event_date"": ""2015-08-18T06:00:00Z""}"
7537,normalize,date_normalized,"{""event_date"": ""2016-07-08T06:00:00Z""}"
7538,normalize,date_normalized,"{""event_date"": ""2018-04-20T06:00:00Z""}"
7539,normalize,date_normalized,"{""event_date"": ""2018-04-20T06:00:00Z""}"
7540,normalize,date_normalized,"{""event_date"": ""2016-05-23T06:00:00Z""}"
7541,normalize,date_normalized,"{""event_date"": ""2016-07-28T06:00:00Z""}"
7542,normalize,date_normalized,"{""event_date"": ""2016-07-28T06:00:00Z""}"
7543,normalize,date_normalized,"{""event_date"": ""2016-10-27T06:00:00Z""}"
7544,normalize,date_normalized,"{""event_date"": ""2016-05-12T06:00:00Z""}"
7545,normalize,date_normalized,"{""event_date"": ""2010-07-21T06:00:00Z""}"
7546,normalize,date_normalized,"{""event_date"": ""2016-07-28T06:00:00Z""}"
7547,normalize,date_normalized,"{""event_date"": ""2016-08-30T06:00:00Z""}"
7548,normalize,date_normalized,"{""event_date"": ""2016-09-20T06:00:00Z""}"
7549,normalize,date_normalized,"{""event_date"": ""2018-04-20T06:00:00Z""}"
7550,normalize,date_normalized,"{""event_date"": ""2016-07-26T06:00:00Z""}"
7551,normalize,date_normalized,"{""event_date"": ""2016-08-15T06:00:00Z""}"
7552,normalize,date_normalized,"{""event_date"": ""2016-10-27T06:00:00Z""}"
7553,normalize,date_normalized,"{""event_date"": ""2016-09-06T06:00:00Z""}"
7554,normalize,date_normalized,"{""event_date"": ""2018-04-20T06:00:00Z""}"
7555,normalize,date_normalized,"{""event_date"": ""2016-07-08T06:00:00Z""}"
7556,normalize,date_normalized,"{""event_date"": ""2018-04-13T06:00:00Z""}"
7557,normalize,date_normalized,"{""event_date"": ""2016-08-15T06:00:00Z""}"
7558,normalize,date_normalized,"{""event_date"": ""2016-08-15T06:00:00Z""}"
7559,normalize,date_normalized,"{""event_date"": ""2018-04-20T06:00:00Z""}"
7560,normalize,date_normalized,"{""event_date"": ""2016-07-28T06:00:00Z""}"
7561,normalize,date_normalized,"{""event_date"": ""2016-09-06T06:00:00Z""}"
7562,normalize,date_normalized,"{""event_date"": ""2018-04-20T06:00:00Z""}"
7563,normalize,date_normalized,"{""event_date"": ""2016-08-10T06:00:00Z""}"
7564,normalize,date_normalized,"{""event_date"": ""2016-07-28T06:00:00Z""}"
7565,normalize,date_normalized,"{""event_date"": ""2016-08-15T06:00:00Z""}"
7566,normalize,date_normalized,"{""event_date"": ""2016-08-30T06:00:00Z""}"
7567,normalize,date_normalized,"{""event_date"": ""2011-05-03T06:00:00Z""}"
7568,normalize,date_normalized,"{""event_date"": ""2010-12-14T07:00:00Z""}"
7569,normalize,date_normalized,"{""event_date"": ""2015-08-18T06:00:00Z""}"
7570,normalize,date_normalized,"{""event_date"": ""2016-05-23T06:00:00Z""}"
7571,normalize,date_normalized,"{""event_date"": ""2018-04-20T06:00:00Z""}"
7572,normalize,date_normalized,"{""event_date"": ""2018-04-20T06:00:00Z""}"
7573,normalize,date_normalized,"{""event_date"": ""2016-07-28T06:00:00Z""}"
7574,normalize,date_normalized,"{""event_date"": ""2016-07-28T06:00:00Z""}"
7575,normalize,date_normalized,"{""event_date"": ""2016-09-20T06:00:00Z""}"
7576,normalize,date_normalized,"{""event_date"": ""2018-04-20T06:00:00Z""}"
7577,normalize,date_normalized,"{""event_date"": ""2016-07-21T06:00:00Z""}"
7578,normalize,date_normalized,"{""event_date"": ""2016-08-15T06:00:00Z""}"
7579,normalize,date_normalized,"{""event_date"": ""2010-12-14T07:00:00Z""}"
7580,normalize,date_normalized,"{""event_date"": ""2016-07-20T06:00:00Z""}"
7581,normalize,date_normalized,"{""event_date"": ""2016-08-10T06:00:00Z""}"
7582,normalize,date_normalized,"{""event_date"": ""2018-04-20T06:00:00Z""}"
7583,normalize,date_normalized,"{""event_date"": ""2016-07-26T06:00:00Z""}"
7584,normalize,date_normalized,"{""event_date"": ""2016-05-12T06:00:00Z""}"
7585,normalize,date_normalized,"{""event_date"": ""2016-07-28T06:00:00Z""}"
7586,normalize,date_normalized,"{""event_date"": ""2016-07-28T06:00:00Z""}"
7587,normalize,date_normalized,"{""event_date"": ""2016-08-15T06:00:00Z""}"
7588,normalize,date_normalized,"{""event_date"": ""2016-07-21T06:00:00Z""}"
7589,normalize,date_normalized,"{""event_date"": ""2016-07-28T06:00:00Z""}"
7590,normalize,date_normalized,"{""event_date"": ""2010-12-14T07:00:00Z""}"
7591,normalize,date_normalized,"{""event_date"": ""2016-07-20T06:00:00Z""}"
7592,normalize,date_normalized,"{""event_date"": ""2016-08-10T06:00:00Z""}"
7593,normalize,date_normalized,"{""event_date"": ""2016-07-21T06:00:00Z""}"
7594,normalize,date_normalized,"{""event_date"": ""2016-07-26T06:00:00Z""}"
7595,normalize,date_normalized,"{""event_date"": ""2016-04-12T06:00:00Z""}"
7596,normalize,date_normalized,"{""event_date"": ""2017-01-05T07:00:00Z""}"
7596,content,invalid_url_like,"{""context"": ""messages[1].assistant"", ""values"": [""trend.gogolekr[.com""]}"
7597,normalize,date_normalized,"{""event_date"": ""2016-11-16T07:00:00Z""}"
7598,normalize,date_normalized,"{""event_date"": ""2015-03-27T06:00:00Z""}"
7599,normalize,date_normalized,"{""event_date"": ""2015-03-27T06:00:00Z""}"
7600,normalize,date_normalized,"{""event_date"": ""2015-03-26T06:00:00Z""}"
7601,normalize,date_normalized,"{""event_date"": ""2016-10-12T06:00:00Z""}"
7602,normalize,date_normalized,"{""event_date"": ""2015-03-16T06:00:00Z""}"
7603,normalize,date_normalized,"{""event_date"": ""2015-07-30T06:00:00Z""}"
7604,normalize,date_normalized,"{""event_date"": ""2017-01-27T07:00:00Z""}"
7605,normalize,date_normalized,"{""event_date"": ""2015-02-12T07:00:00Z""}"
7606,normalize,date_normalized,"{""event_date"": ""2015-02-17T07:00:00Z""}"
7607,normalize,date_normalized,"{""event_date"": ""2016-04-05T06:00:00Z""}"
7608,normalize,date_normalized,"{""event_date"": ""2015-10-14T06:00:00Z""}"
7609,normalize,date_normalized,"{""event_date"": ""2015-02-16T07:00:00Z""}"
7610,normalize,date_normalized,"{""event_date"": ""2015-02-13T07:00:00Z""}"
7611,normalize,date_normalized,"{""event_date"": ""2011-03-11T07:00:00Z""}"
7612,normalize,date_normalized,"{""event_date"": ""2015-05-13T06:00:00Z""}"
7613,normalize,date_normalized,"{""event_date"": ""2015-03-26T06:00:00Z""}"
7614,normalize,date_normalized,"{""event_date"": ""2017-01-26T07:00:00Z""}"
7615,normalize,date_normalized,"{""event_date"": ""2015-06-02T06:00:00Z""}"
7616,normalize,date_normalized,"{""event_date"": ""2008-02-18T07:00:00Z""}"
7617,normalize,date_normalized,"{""event_date"": ""2014-12-02T07:00:00Z""}"
7618,normalize,date_normalized,"{""event_date"": ""2015-02-10T07:00:00Z""}"
7619,normalize,date_normalized,"{""event_date"": ""2016-11-24T07:00:00Z""}"
7620,normalize,date_normalized,"{""event_date"": ""2014-09-22T06:00:00Z""}"
7621,normalize,date_normalized,"{""event_date"": ""2015-03-25T06:00:00Z""}"
7622,normalize,date_normalized,"{""event_date"": ""2011-03-14T06:00:00Z""}"
7623,normalize,date_normalized,"{""event_date"": ""2016-04-12T06:00:00Z""}"
7624,normalize,date_normalized,"{""event_date"": ""2014-12-05T07:00:00Z""}"
7625,normalize,date_normalized,"{""event_date"": ""2016-12-17T07:00:00Z""}"
7626,normalize,date_normalized,"{""event_date"": ""2015-03-26T06:00:00Z""}"
7627,normalize,date_normalized,"{""event_date"": ""2015-02-12T07:00:00Z""}"
7628,normalize,date_normalized,"{""event_date"": ""2015-02-13T07:00:00Z""}"
7629,normalize,date_normalized,"{""event_date"": ""2016-10-17T06:00:00Z""}"
7630,normalize,date_normalized,"{""event_date"": ""2015-02-12T07:00:00Z""}"
7631,normalize,date_normalized,"{""event_date"": ""2010-06-09T06:00:00Z""}"
7632,normalize,date_normalized,"{""event_date"": ""2015-07-01T06:00:00Z""}"
7633,normalize,date_normalized,"{""event_date"": ""2018-02-21T07:00:00Z""}"
7634,normalize,date_normalized,"{""event_date"": ""2015-04-06T06:00:00Z""}"
7635,normalize,date_normalized,"{""event_date"": ""2015-07-24T06:00:00Z""}"
7636,normalize,date_normalized,"{""event_date"": ""2016-04-03T06:00:00Z""}"
7637,normalize,date_normalized,"{""event_date"": ""2014-10-28T06:00:00Z""}"
7638,normalize,date_normalized,"{""event_date"": ""2015-02-16T07:00:00Z""}"
7639,normalize,date_normalized,"{""event_date"": ""2015-06-03T06:00:00Z""}"
7640,normalize,date_normalized,"{""event_date"": ""2010-12-14T07:00:00Z""}"
7641,normalize,date_normalized,"{""event_date"": ""2015-03-26T06:00:00Z""}"
7642,normalize,date_normalized,"{""event_date"": ""2015-06-05T06:00:00Z""}"
7643,normalize,date_normalized,"{""event_date"": ""2014-07-23T06:00:00Z""}"
7644,normalize,date_normalized,"{""event_date"": ""2014-12-02T07:00:00Z""}"
7645,normalize,date_normalized,"{""event_date"": ""2015-02-03T07:00:00Z""}"
7646,normalize,date_normalized,"{""event_date"": ""2015-03-25T06:00:00Z""}"
7647,normalize,date_normalized,"{""event_date"": ""2015-04-10T06:00:00Z""}"
7648,normalize,date_normalized,"{""event_date"": ""2016-10-26T06:00:00Z""}"
7649,normalize,date_normalized,"{""event_date"": ""2015-03-26T06:00:00Z""}"
7650,normalize,date_normalized,"{""event_date"": ""2016-10-07T06:00:00Z""}"
7651,normalize,date_normalized,"{""event_date"": ""2011-03-02T07:00:00Z""}"
7652,normalize,date_normalized,"{""event_date"": ""2016-12-28T07:00:00Z""}"
7653,normalize,date_normalized,"{""event_date"": ""2016-12-17T07:00:00Z""}"
7654,normalize,date_normalized,"{""event_date"": ""2015-03-26T06:00:00Z""}"
7655,normalize,date_normalized,"{""event_date"": ""2015-03-25T06:00:00Z""}"
7656,normalize,date_normalized,"{""event_date"": ""2016-10-25T06:00:00Z""}"
7657,normalize,date_normalized,"{""event_date"": ""2017-02-10T07:00:00Z""}"
7658,normalize,date_normalized,"{""event_date"": ""2015-03-26T06:00:00Z""}"
7659,normalize,date_normalized,"{""event_date"": ""2015-03-26T06:00:00Z""}"
7660,normalize,date_normalized,"{""event_date"": ""2014-12-19T07:00:00Z""}"
7661,normalize,date_normalized,"{""event_date"": ""2014-05-21T06:00:00Z""}"
7662,normalize,date_normalized,"{""event_date"": ""2011-03-14T06:00:00Z""}"
7663,normalize,date_normalized,"{""event_date"": ""2015-06-05T06:00:00Z""}"
7664,normalize,date_normalized,"{""event_date"": ""2015-11-25T07:00:00Z""}"
7665,normalize,date_normalized,"{""event_date"": ""2015-01-26T07:00:00Z""}"
7666,normalize,date_normalized,"{""event_date"": ""2016-11-16T07:00:00Z""}"
7667,normalize,date_normalized,"{""event_date"": ""2015-03-26T06:00:00Z""}"
7668,normalize,date_normalized,"{""event_date"": ""2015-03-26T06:00:00Z""}"
7669,normalize,date_normalized,"{""event_date"": ""2015-12-03T07:00:00Z""}"
7670,normalize,date_normalized,"{""event_date"": ""2015-03-27T06:00:00Z""}"
7671,normalize,date_normalized,"{""event_date"": ""2015-02-02T07:00:00Z""}"
7672,normalize,date_normalized,"{""event_date"": ""2015-03-16T06:00:00Z""}"
7673,normalize,date_normalized,"{""event_date"": ""2018-04-13T06:00:00Z""}"
7674,normalize,date_normalized,"{""event_date"": ""2011-09-22T06:00:00Z""}"
7675,normalize,date_normalized,"{""event_date"": ""2016-10-16T06:00:00Z""}"
7676,normalize,date_normalized,"{""event_date"": ""2014-11-06T07:00:00Z""}"
7677,normalize,date_normalized,"{""event_date"": ""2016-12-21T07:00:00Z""}"
7678,normalize,date_normalized,"{""event_date"": ""2015-03-03T07:00:00Z""}"
7679,normalize,date_normalized,"{""event_date"": ""2015-02-11T07:00:00Z""}"
7680,normalize,date_normalized,"{""event_date"": ""2017-02-17T07:00:00Z""}"
7681,normalize,date_normalized,"{""event_date"": ""2015-02-12T07:00:00Z""}"
7682,normalize,date_normalized,"{""event_date"": ""2015-02-12T07:00:00Z""}"
7683,normalize,date_normalized,"{""event_date"": ""2015-06-04T06:00:00Z""}"
7684,normalize,date_normalized,"{""event_date"": ""2011-05-30T06:00:00Z""}"
7685,normalize,date_normalized,"{""event_date"": ""2015-08-13T06:00:00Z""}"
7686,normalize,date_normalized,"{""event_date"": ""2014-12-02T07:00:00Z""}"
7687,normalize,date_normalized,"{""event_date"": ""2017-01-07T07:00:00Z""}"
7688,normalize,date_normalized,"{""event_date"": ""2016-09-14T06:00:00Z""}"
7689,normalize,date_normalized,"{""event_date"": ""2015-02-26T07:00:00Z""}"
7690,normalize,date_normalized,"{""event_date"": ""2016-08-23T06:00:00Z""}"
7691,normalize,date_normalized,"{""event_date"": ""2015-03-26T06:00:00Z""}"
7692,normalize,date_normalized,"{""event_date"": ""2014-12-05T07:00:00Z""}"
7693,normalize,date_normalized,"{""event_date"": ""2015-11-01T06:00:00Z""}"
7694,normalize,date_normalized,"{""event_date"": ""2014-12-02T07:00:00Z""}"
7695,normalize,date_normalized,"{""event_date"": ""2011-03-24T06:00:00Z""}"
7696,normalize,date_normalized,"{""event_date"": ""2015-02-15T07:00:00Z""}"
7697,normalize,date_normalized,"{""event_date"": ""2015-06-02T06:00:00Z""}"
7698,normalize,date_normalized,"{""event_date"": ""2015-05-11T06:00:00Z""}"
7699,normalize,date_normalized,"{""event_date"": ""2015-03-16T06:00:00Z""}"
7700,normalize,date_normalized,"{""event_date"": ""2015-09-29T06:00:00Z""}"
7701,normalize,date_normalized,"{""event_date"": ""2015-05-18T06:00:00Z""}"
7702,normalize,date_normalized,"{""event_date"": ""2015-03-25T06:00:00Z""}"
7703,normalize,date_normalized,"{""event_date"": ""2016-05-16T06:00:00Z""}"
7704,normalize,date_normalized,"{""event_date"": ""2015-02-03T07:00:00Z""}"
7705,normalize,date_normalized,"{""event_date"": ""2015-07-27T06:00:00Z""}"
7706,normalize,date_normalized,"{""event_date"": ""2016-09-15T06:00:00Z""}"
7707,normalize,date_normalized,"{""event_date"": ""2014-10-02T06:00:00Z""}"
7708,normalize,date_normalized,"{""event_date"": ""2015-05-15T06:00:00Z""}"
7709,normalize,date_normalized,"{""event_date"": ""2016-09-06T06:00:00Z""}"
7710,normalize,date_normalized,"{""event_date"": ""2016-12-28T07:00:00Z""}"
7711,normalize,date_normalized,"{""event_date"": ""2014-06-03T06:00:00Z""}"
7712,normalize,date_normalized,"{""event_date"": ""2015-03-16T06:00:00Z""}"
7713,normalize,date_normalized,"{""event_date"": ""2015-01-30T07:00:00Z""}"
7714,normalize,date_normalized,"{""event_date"": ""2015-03-26T06:00:00Z""}"
7715,normalize,date_normalized,"{""event_date"": ""2015-06-29T06:00:00Z""}"
7716,normalize,date_normalized,"{""event_date"": ""2016-12-08T07:00:00Z""}"
7717,normalize,date_normalized,"{""event_date"": ""2015-01-27T07:00:00Z""}"
7718,normalize,date_normalized,"{""event_date"": ""2015-03-16T06:00:00Z""}"
7719,normalize,date_normalized,"{""event_date"": ""2015-03-19T06:00:00Z""}"
7720,normalize,date_normalized,"{""event_date"": ""2014-12-02T07:00:00Z""}"
7721,normalize,date_normalized,"{""event_date"": ""2014-09-02T06:00:00Z""}"
7722,normalize,date_normalized,"{""event_date"": ""2015-12-03T07:00:00Z""}"
7723,normalize,date_normalized,"{""event_date"": ""2015-02-19T07:00:00Z""}"
7724,normalize,date_normalized,"{""event_date"": ""2015-03-19T06:00:00Z""}"
7725,normalize,date_normalized,"{""event_date"": ""2016-09-28T06:00:00Z""}"
7726,normalize,date_normalized,"{""event_date"": ""2014-12-05T07:00:00Z""}"
7727,normalize,date_normalized,"{""event_date"": ""2015-03-25T06:00:00Z""}"
7728,normalize,date_normalized,"{""event_date"": ""2016-03-30T06:00:00Z""}"
7729,normalize,date_normalized,"{""event_date"": ""2016-10-16T06:00:00Z""}"
7730,normalize,date_normalized,"{""event_date"": ""2015-02-26T07:00:00Z""}"
7731,normalize,date_normalized,"{""event_date"": ""2016-10-07T06:00:00Z""}"
7732,normalize,date_normalized,"{""event_date"": ""2015-02-13T07:00:00Z""}"
7733,normalize,date_normalized,"{""event_date"": ""2015-03-27T06:00:00Z""}"
7734,normalize,date_normalized,"{""event_date"": ""2010-04-13T06:00:00Z""}"
7735,normalize,date_normalized,"{""event_date"": ""2015-03-09T06:00:00Z""}"
7736,normalize,date_normalized,"{""event_date"": ""2015-08-26T06:00:00Z""}"
7737,normalize,date_normalized,"{""event_date"": ""2016-08-23T06:00:00Z""}"
7738,normalize,date_normalized,"{""event_date"": ""2016-04-15T06:00:00Z""}"
7739,normalize,date_normalized,"{""event_date"": ""2016-11-24T07:00:00Z""}"
7740,normalize,date_normalized,"{""event_date"": ""2015-03-19T06:00:00Z""}"
7741,normalize,date_normalized,"{""event_date"": ""2016-10-04T06:00:00Z""}"
7742,normalize,date_normalized,"{""event_date"": ""2015-03-08T07:00:00Z""}"
7743,normalize,date_normalized,"{""event_date"": ""2015-05-19T06:00:00Z""}"
7744,normalize,date_normalized,"{""event_date"": ""2015-06-18T06:00:00Z""}"
7745,normalize,date_normalized,"{""event_date"": ""2016-12-22T07:00:00Z""}"
7746,normalize,date_normalized,"{""event_date"": ""2015-02-11T07:00:00Z""}"
7747,normalize,date_normalized,"{""event_date"": ""2017-01-17T07:00:00Z""}"
7748,normalize,date_normalized,"{""event_date"": ""2015-03-26T06:00:00Z""}"
7749,normalize,date_normalized,"{""event_date"": ""2015-02-03T07:00:00Z""}"
7750,normalize,date_normalized,"{""event_date"": ""2015-07-08T06:00:00Z""}"
7751,normalize,date_normalized,"{""event_date"": ""2015-05-17T06:00:00Z""}"
7752,normalize,date_normalized,"{""event_date"": ""2011-01-03T07:00:00Z""}"
7753,normalize,date_normalized,"{""event_date"": ""2015-02-12T07:00:00Z""}"
7754,normalize,date_normalized,"{""event_date"": ""2015-06-21T06:00:00Z""}"
7755,normalize,date_normalized,"{""event_date"": ""2015-11-01T06:00:00Z""}"
7756,normalize,date_normalized,"{""event_date"": ""2016-02-03T07:00:00Z""}"
7757,normalize,date_normalized,"{""event_date"": ""2014-10-22T06:00:00Z""}"
7758,normalize,date_normalized,"{""event_date"": ""2017-01-23T07:00:00Z""}"
7759,normalize,date_normalized,"{""event_date"": ""2017-01-27T07:00:00Z""}"
7760,normalize,date_normalized,"{""event_date"": ""2016-11-24T07:00:00Z""}"
7761,normalize,date_normalized,"{""event_date"": ""2014-12-21T07:00:00Z""}"
7762,normalize,date_normalized,"{""event_date"": ""2009-05-05T06:00:00Z""}"
7763,normalize,date_normalized,"{""event_date"": ""2015-03-26T06:00:00Z""}"
7764,normalize,date_normalized,"{""event_date"": ""2017-01-16T07:00:00Z""}"
7765,normalize,date_normalized,"{""event_date"": ""2015-12-04T07:00:00Z""}"
7766,normalize,date_normalized,"{""event_date"": ""2015-09-27T06:00:00Z""}"
7767,normalize,date_normalized,"{""event_date"": ""2015-03-19T06:00:00Z""}"
7768,normalize,date_normalized,"{""event_date"": ""2015-04-04T06:00:00Z""}"
7769,normalize,date_normalized,"{""event_date"": ""2015-03-19T06:00:00Z""}"
7770,normalize,date_normalized,"{""event_date"": ""2015-01-26T07:00:00Z""}"
7771,normalize,date_normalized,"{""event_date"": ""2017-02-16T07:00:00Z""}"
7772,normalize,date_normalized,"{""event_date"": ""2016-11-24T07:00:00Z""}"
7773,normalize,date_normalized,"{""event_date"": ""2018-04-13T06:00:00Z""}"
7774,normalize,date_normalized,"{""event_date"": ""2009-08-14T06:00:00Z""}"
7775,normalize,date_normalized,"{""event_date"": ""2016-12-21T07:00:00Z""}"
7776,normalize,date_normalized,"{""event_date"": ""2015-04-13T06:00:00Z""}"
7777,normalize,date_normalized,"{""event_date"": ""2016-09-19T06:00:00Z""}"
7778,normalize,date_normalized,"{""event_date"": ""2015-09-29T06:00:00Z""}"
7779,normalize,date_normalized,"{""event_date"": ""2015-03-25T06:00:00Z""}"
7780,normalize,date_normalized,"{""event_date"": ""2015-06-03T06:00:00Z""}"
7781,normalize,date_normalized,"{""event_date"": ""2014-08-14T06:00:00Z""}"
7782,normalize,date_normalized,"{""event_date"": ""2016-09-14T06:00:00Z""}"
7783,normalize,date_normalized,"{""event_date"": ""2015-03-27T06:00:00Z""}"
7784,normalize,date_normalized,"{""event_date"": ""2011-08-25T06:00:00Z""}"
7785,normalize,date_normalized,"{""event_date"": ""2015-03-26T06:00:00Z""}"
7786,normalize,date_normalized,"{""event_date"": ""2015-11-24T07:00:00Z""}"
7787,normalize,date_normalized,"{""event_date"": ""2015-04-06T06:00:00Z""}"
7788,normalize,date_normalized,"{""event_date"": ""2015-06-15T06:00:00Z""}"
7789,normalize,date_normalized,"{""event_date"": ""2015-08-30T06:00:00Z""}"
7790,normalize,date_normalized,"{""event_date"": ""2015-03-25T06:00:00Z""}"
7791,normalize,date_normalized,"{""event_date"": ""2016-11-15T07:00:00Z""}"
7792,normalize,date_normalized,"{""event_date"": ""2015-04-15T06:00:00Z""}"
7793,normalize,date_normalized,"{""event_date"": ""2015-12-04T07:00:00Z""}"
7794,normalize,date_normalized,"{""event_date"": ""2010-09-19T06:00:00Z""}"
7795,normalize,date_normalized,"{""event_date"": ""2015-03-26T06:00:00Z""}"
7796,normalize,date_normalized,"{""event_date"": ""2015-03-26T06:00:00Z""}"
7797,normalize,date_normalized,"{""event_date"": ""2015-09-17T06:00:00Z""}"
7798,normalize,date_normalized,"{""event_date"": ""2016-09-28T06:00:00Z""}"
7799,normalize,date_normalized,"{""event_date"": ""2015-02-16T07:00:00Z""}"
7800,normalize,date_normalized,"{""event_date"": ""2016-08-04T06:00:00Z""}"
7801,normalize,date_normalized,"{""event_date"": ""2015-06-24T06:00:00Z""}"
7802,normalize,date_normalized,"{""event_date"": ""2015-05-31T06:00:00Z""}"
7803,normalize,date_normalized,"{""event_date"": ""2015-03-27T06:00:00Z""}"
7804,normalize,date_normalized,"{""event_date"": ""2015-06-10T06:00:00Z""}"
7805,normalize,date_normalized,"{""event_date"": ""2015-01-19T07:00:00Z""}"
7806,normalize,date_normalized,"{""event_date"": ""2015-03-26T06:00:00Z""}"
7807,normalize,date_normalized,"{""event_date"": ""2015-04-04T06:00:00Z""}"
7808,normalize,date_normalized,"{""event_date"": ""2015-04-17T06:00:00Z""}"
7809,normalize,date_normalized,"{""event_date"": ""2015-06-04T06:00:00Z""}"
7810,normalize,date_normalized,"{""event_date"": ""2015-06-01T06:00:00Z""}"
7811,normalize,date_normalized,"{""event_date"": ""2017-01-27T07:00:00Z""}"
7812,normalize,date_normalized,"{""event_date"": ""2015-07-02T06:00:00Z""}"
7813,normalize,date_normalized,"{""event_date"": ""2010-04-27T06:00:00Z""}"
7814,normalize,date_normalized,"{""event_date"": ""2016-11-11T07:00:00Z""}"
7815,normalize,date_normalized,"{""event_date"": ""2015-06-04T06:00:00Z""}"
7816,normalize,date_normalized,"{""event_date"": ""2015-03-26T06:00:00Z""}"
7817,normalize,date_normalized,"{""event_date"": ""2015-03-27T06:00:00Z""}"
7818,normalize,date_normalized,"{""event_date"": ""2014-12-17T07:00:00Z""}"
7819,normalize,date_normalized,"{""event_date"": ""2014-06-24T06:00:00Z""}"
7820,normalize,date_normalized,"{""event_date"": ""2015-05-11T06:00:00Z""}"
7821,normalize,date_normalized,"{""event_date"": ""2015-02-12T07:00:00Z""}"
7822,normalize,date_normalized,"{""event_date"": ""2015-10-16T06:00:00Z""}"
7823,normalize,date_normalized,"{""event_date"": ""2014-12-02T07:00:00Z""}"
7824,normalize,date_normalized,"{""event_date"": ""2011-08-25T06:00:00Z""}"
7825,normalize,date_normalized,"{""event_date"": ""2015-01-30T07:00:00Z""}"
7826,normalize,date_normalized,"{""event_date"": ""2015-07-24T06:00:00Z""}"
7827,normalize,date_normalized,"{""event_date"": ""2016-09-28T06:00:00Z""}"
7828,normalize,date_normalized,"{""event_date"": ""2014-11-06T07:00:00Z""}"
7829,normalize,date_normalized,"{""event_date"": ""2016-08-30T06:00:00Z""}"
7830,normalize,date_normalized,"{""event_date"": ""2014-10-30T06:00:00Z""}"
7831,normalize,date_normalized,"{""event_date"": ""2015-03-08T07:00:00Z""}"
7832,normalize,date_normalized,"{""event_date"": ""2015-03-16T06:00:00Z""}"
7833,normalize,date_normalized,"{""event_date"": ""2014-06-18T06:00:00Z""}"
7834,normalize,date_normalized,"{""event_date"": ""2010-06-11T06:00:00Z""}"
7835,normalize,date_normalized,"{""event_date"": ""2016-12-17T07:00:00Z""}"
7836,normalize,date_normalized,"{""event_date"": ""2015-03-26T06:00:00Z""}"
7837,normalize,date_normalized,"{""event_date"": ""2015-03-12T06:00:00Z""}"
7838,normalize,date_normalized,"{""event_date"": ""2016-04-12T06:00:00Z""}"
7839,normalize,date_normalized,"{""event_date"": ""2015-02-16T07:00:00Z""}"
7840,normalize,date_normalized,"{""event_date"": ""2015-03-26T06:00:00Z""}"
7841,normalize,date_normalized,"{""event_date"": ""2015-08-12T06:00:00Z""}"
7842,normalize,date_normalized,"{""event_date"": ""2012-07-14T06:00:00Z""}"
7843,normalize,date_normalized,"{""event_date"": ""2017-02-15T07:00:00Z""}"
7844,normalize,date_normalized,"{""event_date"": ""2017-02-06T07:00:00Z""}"
7845,normalize,date_normalized,"{""event_date"": ""2011-03-14T06:00:00Z""}"
7846,normalize,date_normalized,"{""event_date"": ""2015-03-16T06:00:00Z""}"
7847,normalize,date_normalized,"{""event_date"": ""2015-10-05T06:00:00Z""}"
7848,normalize,date_normalized,"{""event_date"": ""2015-01-26T07:00:00Z""}"
7849,normalize,date_normalized,"{""event_date"": ""2014-11-19T07:00:00Z""}"
7850,normalize,date_normalized,"{""event_date"": ""2015-02-16T07:00:00Z""}"
7851,normalize,date_normalized,"{""event_date"": ""2014-12-02T07:00:00Z""}"
7852,normalize,date_normalized,"{""event_date"": ""2015-09-28T06:00:00Z""}"
7853,normalize,date_normalized,"{""event_date"": ""2015-08-19T06:00:00Z""}"
7854,normalize,date_normalized,"{""event_date"": ""2015-03-25T06:00:00Z""}"
7855,normalize,date_normalized,"{""event_date"": ""2011-09-02T06:00:00Z""}"
7856,normalize,date_normalized,"{""event_date"": ""2015-10-20T06:00:00Z""}"
7857,normalize,date_normalized,"{""event_date"": ""2015-03-26T06:00:00Z""}"
7858,normalize,date_normalized,"{""event_date"": ""2008-04-20T06:00:00Z""}"
7859,normalize,date_normalized,"{""event_date"": ""2015-02-18T07:00:00Z""}"
7860,normalize,date_normalized,"{""event_date"": ""2017-01-27T07:00:00Z""}"
7861,normalize,date_normalized,"{""event_date"": ""2015-03-26T06:00:00Z""}"
7862,normalize,date_normalized,"{""event_date"": ""2015-06-02T06:00:00Z""}"
7863,normalize,date_normalized,"{""event_date"": ""2015-02-12T07:00:00Z""}"
7864,normalize,date_normalized,"{""event_date"": ""2015-04-09T06:00:00Z""}"
7865,normalize,date_normalized,"{""event_date"": ""2015-02-12T07:00:00Z""}"
7866,normalize,date_normalized,"{""event_date"": ""2011-08-17T06:00:00Z""}"
7867,normalize,date_normalized,"{""event_date"": ""2015-07-26T06:00:00Z""}"
7868,normalize,date_normalized,"{""event_date"": ""2014-12-11T07:00:00Z""}"
7869,normalize,date_normalized,"{""event_date"": ""2014-09-28T06:00:00Z""}"
7870,normalize,date_normalized,"{""event_date"": ""2015-08-30T06:00:00Z""}"
7871,normalize,date_normalized,"{""event_date"": ""2016-12-21T07:00:00Z""}"
7872,normalize,date_normalized,"{""event_date"": ""2016-10-17T06:00:00Z""}"
7873,normalize,date_normalized,"{""event_date"": ""2017-02-10T07:00:00Z""}"
7874,normalize,date_normalized,"{""event_date"": ""2016-10-27T06:00:00Z""}"
7875,normalize,date_normalized,"{""event_date"": ""2015-03-27T06:00:00Z""}"
7876,normalize,date_normalized,"{""event_date"": ""2011-09-11T06:00:00Z""}"
7877,normalize,date_normalized,"{""event_date"": ""2011-12-08T07:00:00Z""}"
7878,normalize,date_normalized,"{""event_date"": ""2015-06-04T06:00:00Z""}"
7879,normalize,date_normalized,"{""event_date"": ""2015-03-26T06:00:00Z""}"
7880,normalize,date_normalized,"{""event_date"": ""2016-03-28T06:00:00Z""}"
7881,normalize,date_normalized,"{""event_date"": ""2015-03-27T06:00:00Z""}"
7882,normalize,date_normalized,"{""event_date"": ""2015-03-16T06:00:00Z""}"
7883,normalize,date_normalized,"{""event_date"": ""2015-04-17T06:00:00Z""}"
7884,normalize,date_normalized,"{""event_date"": ""2015-03-26T06:00:00Z""}"
7885,normalize,date_normalized,"{""event_date"": ""2016-11-16T07:00:00Z""}"
7886,normalize,date_normalized,"{""event_date"": ""2010-06-09T06:00:00Z""}"
7887,normalize,date_normalized,"{""event_date"": ""2016-11-07T07:00:00Z""}"
7888,normalize,date_normalized,"{""event_date"": ""2015-03-27T06:00:00Z""}"
7889,normalize,date_normalized,"{""event_date"": ""2015-02-12T07:00:00Z""}"
7890,normalize,date_normalized,"{""event_date"": ""2016-08-11T06:00:00Z""}"
7891,normalize,date_normalized,"{""event_date"": ""2015-02-12T07:00:00Z""}"
7892,normalize,date_normalized,"{""event_date"": ""2015-03-26T06:00:00Z""}"
7893,normalize,date_normalized,"{""event_date"": ""2015-03-26T06:00:00Z""}"
7894,normalize,date_normalized,"{""event_date"": ""2015-06-24T06:00:00Z""}"
7895,normalize,date_normalized,"{""event_date"": ""2016-09-06T06:00:00Z""}"
7896,normalize,date_normalized,"{""event_date"": ""2015-08-03T06:00:00Z""}"
7897,normalize,date_normalized,"{""event_date"": ""2011-12-08T07:00:00Z""}"
7898,normalize,date_normalized,"{""event_date"": ""2017-03-28T06:00:00Z""}"
7899,normalize,date_normalized,"{""event_date"": ""2012-12-30T07:00:00Z""}"
7900,normalize,date_normalized,"{""event_date"": ""2012-12-31T07:00:00Z""}"
7901,normalize,date_normalized,"{""event_date"": ""2013-11-04T07:00:00Z""}"
7902,normalize,date_normalized,"{""event_date"": ""2016-10-12T06:00:00Z""}"
7903,normalize,date_normalized,"{""event_date"": ""2012-12-31T07:00:00Z""}"
7904,normalize,date_normalized,"{""event_date"": ""2014-08-27T06:00:00Z""}"
7905,normalize,date_normalized,"{""event_date"": ""2016-03-05T07:00:00Z""}"
7906,normalize,date_normalized,"{""event_date"": ""2016-03-05T07:00:00Z""}"
7907,normalize,date_normalized,"{""event_date"": ""2011-05-28T06:00:00Z""}"
7908,normalize,date_normalized,"{""event_date"": ""2011-09-02T06:00:00Z""}"
7909,normalize,date_normalized,"{""event_date"": ""2012-12-31T07:00:00Z""}"
7910,normalize,date_normalized,"{""event_date"": ""2016-12-08T07:00:00Z""}"
7911,normalize,date_normalized,"{""event_date"": ""2012-12-30T07:00:00Z""}"
7912,normalize,date_normalized,"{""event_date"": ""2016-04-25T06:00:00Z""}"
7913,normalize,date_normalized,"{""event_date"": ""2016-03-05T07:00:00Z""}"
7914,normalize,date_normalized,"{""event_date"": ""2014-08-27T06:00:00Z""}"
7915,normalize,date_normalized,"{""event_date"": ""2011-04-28T06:00:00Z""}"
7916,normalize,date_normalized,"{""event_date"": ""2018-04-20T06:00:00Z""}"
7917,normalize,date_normalized,"{""event_date"": ""2009-07-18T06:00:00Z""}"
7918,normalize,date_normalized,"{""event_date"": ""2011-05-28T06:00:00Z""}"
7919,normalize,date_normalized,"{""event_date"": ""2011-03-17T06:00:00Z""}"
7920,normalize,date_normalized,"{""event_date"": ""2012-12-31T07:00:00Z""}"
7921,normalize,date_normalized,"{""event_date"": ""2012-12-30T07:00:00Z""}"
7922,normalize,date_normalized,"{""event_date"": ""2016-03-05T07:00:00Z""}"
7923,normalize,date_normalized,"{""event_date"": ""2011-05-28T06:00:00Z""}"
7924,normalize,date_normalized,"{""event_date"": ""2012-12-30T07:00:00Z""}"
7925,normalize,date_normalized,"{""event_date"": ""2014-08-27T06:00:00Z""}"
7926,normalize,date_normalized,"{""event_date"": ""2014-08-27T06:00:00Z""}"
7927,normalize,date_normalized,"{""event_date"": ""2012-12-31T07:00:00Z""}"
7928,normalize,date_normalized,"{""event_date"": ""2012-12-31T07:00:00Z""}"
7929,normalize,date_normalized,"{""event_date"": ""2012-12-31T07:00:00Z""}"
7930,normalize,date_normalized,"{""event_date"": ""2011-12-21T07:00:00Z""}"
7931,normalize,date_normalized,"{""event_date"": ""2014-08-27T06:00:00Z""}"
7932,normalize,date_normalized,"{""event_date"": ""2014-08-27T06:00:00Z""}"
7933,normalize,date_normalized,"{""event_date"": ""2016-03-05T07:00:00Z""}"
7934,normalize,date_normalized,"{""event_date"": ""2016-12-01T07:00:00Z""}"
7935,normalize,date_normalized,"{""event_date"": ""2012-12-31T07:00:00Z""}"
7936,normalize,date_normalized,"{""event_date"": ""2012-12-31T07:00:00Z""}"
7937,normalize,date_normalized,"{""event_date"": ""2012-12-31T07:00:00Z""}"
7938,normalize,date_normalized,"{""event_date"": ""2012-12-31T07:00:00Z""}"
7939,normalize,date_normalized,"{""event_date"": ""2012-12-31T07:00:00Z""}"
7940,normalize,date_normalized,"{""event_date"": ""2012-12-31T07:00:00Z""}"
7941,normalize,date_normalized,"{""event_date"": ""2012-12-30T07:00:00Z""}"
7942,normalize,date_normalized,"{""event_date"": ""2016-03-05T07:00:00Z""}"
7943,normalize,date_normalized,"{""event_date"": ""2016-01-14T07:00:00Z""}"
7944,normalize,date_normalized,"{""event_date"": ""2012-12-31T07:00:00Z""}"
7945,normalize,date_normalized,"{""event_date"": ""2016-03-05T07:00:00Z""}"
7946,normalize,date_normalized,"{""event_date"": ""2016-03-05T07:00:00Z""}"
7947,normalize,date_normalized,"{""event_date"": ""2012-12-31T07:00:00Z""}"
7948,normalize,date_normalized,"{""event_date"": ""2016-03-05T07:00:00Z""}"
7949,normalize,date_normalized,"{""event_date"": ""2009-08-02T06:00:00Z""}"
7950,normalize,date_normalized,"{""event_date"": ""2016-03-05T07:00:00Z""}"
7951,normalize,date_normalized,"{""event_date"": ""2010-07-21T06:00:00Z""}"
7952,normalize,date_normalized,"{""event_date"": ""2017-01-09T07:00:00Z""}"
7953,normalize,date_normalized,"{""event_date"": ""2012-12-31T07:00:00Z""}"
7954,normalize,date_normalized,"{""event_date"": ""2012-12-30T07:00:00Z""}"
7955,normalize,date_normalized,"{""event_date"": ""2013-11-04T07:00:00Z""}"
7956,normalize,date_normalized,"{""event_date"": ""2016-03-05T07:00:00Z""}"
7957,normalize,date_normalized,"{""event_date"": ""2012-12-31T07:00:00Z""}"
7958,normalize,date_normalized,"{""event_date"": ""2014-08-27T06:00:00Z""}"
7959,normalize,date_normalized,"{""event_date"": ""2016-11-30T07:00:00Z""}"
7960,normalize,date_normalized,"{""event_date"": ""2012-12-31T07:00:00Z""}"
7961,normalize,date_normalized,"{""event_date"": ""2015-04-29T06:00:00Z""}"
7962,normalize,date_normalized,"{""event_date"": ""2018-04-13T06:00:00Z""}"
7963,normalize,date_normalized,"{""event_date"": ""2016-03-05T07:00:00Z""}"
7964,normalize,date_normalized,"{""event_date"": ""2014-08-27T06:00:00Z""}"
7965,normalize,date_normalized,"{""event_date"": ""2012-12-31T07:00:00Z""}"
7966,normalize,date_normalized,"{""event_date"": ""2016-03-05T07:00:00Z""}"
7967,normalize,date_normalized,"{""event_date"": ""2016-03-05T07:00:00Z""}"
7968,normalize,date_normalized,"{""event_date"": ""2012-12-31T07:00:00Z""}"
7969,normalize,date_normalized,"{""event_date"": ""2012-12-31T07:00:00Z""}"
7970,normalize,date_normalized,"{""event_date"": ""2012-12-31T07:00:00Z""}"
7971,normalize,date_normalized,"{""event_date"": ""2016-03-04T07:00:00Z""}"
7972,normalize,date_normalized,"{""event_date"": ""2012-12-31T07:00:00Z""}"
7973,normalize,date_normalized,"{""event_date"": ""2011-08-25T06:00:00Z""}"
7974,normalize,date_normalized,"{""event_date"": ""2016-03-05T07:00:00Z""}"
7975,normalize,date_normalized,"{""event_date"": ""2016-03-05T07:00:00Z""}"
7976,normalize,date_normalized,"{""event_date"": ""2012-12-31T07:00:00Z""}"
7977,normalize,date_normalized,"{""event_date"": ""2012-12-31T07:00:00Z""}"
7978,normalize,date_normalized,"{""event_date"": ""2011-05-28T06:00:00Z""}"
7979,normalize,date_normalized,"{""event_date"": ""2016-12-07T07:00:00Z""}"
7980,normalize,date_normalized,"{""event_date"": ""2012-12-31T07:00:00Z""}"
7981,normalize,date_normalized,"{""event_date"": ""2012-12-31T07:00:00Z""}"
7982,normalize,date_normalized,"{""event_date"": ""2018-04-20T06:00:00Z""}"
7983,normalize,date_normalized,"{""event_date"": ""2012-12-31T07:00:00Z""}"
7984,normalize,date_normalized,"{""event_date"": ""2015-07-01T06:00:00Z""}"
7985,normalize,date_normalized,"{""event_date"": ""2010-07-21T06:00:00Z""}"
7986,normalize,date_normalized,"{""event_date"": ""2016-03-05T07:00:00Z""}"
7987,normalize,date_normalized,"{""event_date"": ""2012-12-31T07:00:00Z""}"
7988,normalize,date_normalized,"{""event_date"": ""2016-10-14T06:00:00Z""}"
7989,normalize,date_normalized,"{""event_date"": ""2018-04-20T06:00:00Z""}"
7990,normalize,date_normalized,"{""event_date"": ""2016-03-05T07:00:00Z""}"
7991,normalize,date_normalized,"{""event_date"": ""2009-04-25T06:00:00Z""}"
7992,normalize,date_normalized,"{""event_date"": ""2012-12-31T07:00:00Z""}"
7993,normalize,date_normalized,"{""event_date"": ""2012-12-30T07:00:00Z""}"
7994,normalize,date_normalized,"{""event_date"": ""2014-08-27T06:00:00Z""}"
7995,normalize,date_normalized,"{""event_date"": ""2012-12-31T07:00:00Z""}"
7996,normalize,date_normalized,"{""event_date"": ""2018-04-13T06:00:00Z""}"
7997,normalize,date_normalized,"{""event_date"": ""2012-12-31T07:00:00Z""}"
7998,normalize,date_normalized,"{""event_date"": ""2012-12-31T07:00:00Z""}"
7999,normalize,date_normalized,"{""event_date"": ""2016-03-05T07:00:00Z""}"
8000,normalize,date_normalized,"{""event_date"": ""2016-03-05T07:00:00Z""}"
8001,normalize,date_normalized,"{""event_date"": ""2012-12-31T07:00:00Z""}"
8002,normalize,date_normalized,"{""event_date"": ""2016-03-05T07:00:00Z""}"
8003,normalize,date_normalized,"{""event_date"": ""2012-12-31T07:00:00Z""}"
8004,normalize,date_normalized,"{""event_date"": ""2018-04-20T06:00:00Z""}"
8005,normalize,date_normalized,"{""event_date"": ""2016-02-01T07:00:00Z""}"
8006,normalize,date_normalized,"{""event_date"": ""2012-12-31T07:00:00Z""}"
8007,normalize,date_normalized,"{""event_date"": ""2011-03-14T06:00:00Z""}"
8008,normalize,date_normalized,"{""event_date"": ""2012-12-31T07:00:00Z""}"
8009,normalize,date_normalized,"{""event_date"": ""2011-05-28T06:00:00Z""}"
8010,normalize,date_normalized,"{""event_date"": ""2012-12-30T07:00:00Z""}"
8011,normalize,date_normalized,"{""event_date"": ""2016-03-05T07:00:00Z""}"
8012,normalize,date_normalized,"{""event_date"": ""2012-12-31T07:00:00Z""}"
8013,normalize,date_normalized,"{""event_date"": ""2012-12-31T07:00:00Z""}"
8014,normalize,date_normalized,"{""event_date"": ""2014-08-27T06:00:00Z""}"
8015,normalize,date_normalized,"{""event_date"": ""2016-03-05T07:00:00Z""}"
8016,normalize,date_normalized,"{""event_date"": ""2012-12-30T07:00:00Z""}"
8017,normalize,date_normalized,"{""event_date"": ""2012-12-30T07:00:00Z""}"
8018,normalize,date_normalized,"{""event_date"": ""2010-07-21T06:00:00Z""}"
8019,normalize,date_normalized,"{""event_date"": ""2012-12-31T07:00:00Z""}"
8020,normalize,date_normalized,"{""event_date"": ""2012-12-30T07:00:00Z""}"
8021,normalize,date_normalized,"{""event_date"": ""2012-12-31T07:00:00Z""}"
8022,normalize,date_normalized,"{""event_date"": ""2016-03-05T07:00:00Z""}"
8023,normalize,date_normalized,"{""event_date"": ""2016-01-14T07:00:00Z""}"
8024,normalize,date_normalized,"{""event_date"": ""2012-12-31T07:00:00Z""}"
8025,normalize,date_normalized,"{""event_date"": ""2018-04-20T06:00:00Z""}"
8026,normalize,date_normalized,"{""event_date"": ""2012-12-31T07:00:00Z""}"
8027,normalize,date_normalized,"{""event_date"": ""2016-03-05T07:00:00Z""}"
8028,normalize,date_normalized,"{""event_date"": ""2016-09-08T06:00:00Z""}"
8029,normalize,date_normalized,"{""event_date"": ""2018-04-13T06:00:00Z""}"
8030,normalize,date_normalized,"{""event_date"": ""2016-03-05T07:00:00Z""}"
8031,normalize,date_normalized,"{""event_date"": ""2013-11-04T07:00:00Z""}"
8032,normalize,date_normalized,"{""event_date"": ""2012-12-31T07:00:00Z""}"
8033,normalize,date_normalized,"{""event_date"": ""2014-08-27T06:00:00Z""}"
8034,normalize,date_normalized,"{""event_date"": ""2011-04-28T06:00:00Z""}"
8035,normalize,date_normalized,"{""event_date"": ""2012-12-31T07:00:00Z""}"
8036,normalize,date_normalized,"{""event_date"": ""2012-12-31T07:00:00Z""}"
8037,normalize,date_normalized,"{""event_date"": ""2014-08-27T06:00:00Z""}"
8038,normalize,date_normalized,"{""event_date"": ""2016-03-05T07:00:00Z""}"
8039,normalize,date_normalized,"{""event_date"": ""2012-12-31T07:00:00Z""}"
8040,normalize,date_normalized,"{""event_date"": ""2011-12-26T07:00:00Z""}"
8041,normalize,date_normalized,"{""event_date"": ""2012-12-31T07:00:00Z""}"
8042,normalize,date_normalized,"{""event_date"": ""2016-03-05T07:00:00Z""}"
8043,normalize,date_normalized,"{""event_date"": ""2012-12-31T07:00:00Z""}"
8044,normalize,date_normalized,"{""event_date"": ""2012-12-30T07:00:00Z""}"
8045,normalize,date_normalized,"{""event_date"": ""2012-12-31T07:00:00Z""}"
8046,normalize,date_normalized,"{""event_date"": ""2012-12-31T07:00:00Z""}"
8047,normalize,date_normalized,"{""event_date"": ""2011-05-28T06:00:00Z""}"
8048,normalize,date_normalized,"{""event_date"": ""2011-05-28T06:00:00Z""}"
8049,normalize,date_normalized,"{""event_date"": ""2014-12-02T07:00:00Z""}"
8050,normalize,date_normalized,"{""event_date"": ""2012-12-31T07:00:00Z""}"
8051,normalize,date_normalized,"{""event_date"": ""2012-12-31T07:00:00Z""}"
8052,normalize,date_normalized,"{""event_date"": ""2011-04-28T06:00:00Z""}"
8053,normalize,date_normalized,"{""event_date"": ""2012-12-31T07:00:00Z""}"
8054,normalize,date_normalized,"{""event_date"": ""2012-12-31T07:00:00Z""}"
8055,normalize,date_normalized,"{""event_date"": ""2016-02-10T07:00:00Z""}"
8056,normalize,date_normalized,"{""event_date"": ""2017-02-27T07:00:00Z""}"
8057,normalize,date_normalized,"{""event_date"": ""2016-08-17T06:00:00Z""}"
8058,normalize,date_normalized,"{""event_date"": ""2016-02-21T07:00:00Z""}"
8059,normalize,date_normalized,"{""event_date"": ""2009-08-14T06:00:00Z""}"
8060,normalize,date_normalized,"{""event_date"": ""2016-08-27T06:00:00Z""}"
8061,normalize,date_normalized,"{""event_date"": ""2016-08-17T06:00:00Z""}"
8062,normalize,date_normalized,"{""event_date"": ""2016-07-28T06:00:00Z""}"
8063,normalize,date_normalized,"{""event_date"": ""2016-07-28T06:00:00Z""}"
8064,normalize,date_normalized,"{""event_date"": ""2017-01-09T07:00:00Z""}"
8065,normalize,date_normalized,"{""event_date"": ""2016-07-21T06:00:00Z""}"
8066,normalize,date_normalized,"{""event_date"": ""2016-08-16T06:00:00Z""}"
8067,normalize,date_normalized,"{""event_date"": ""2016-11-06T06:00:00Z""}"
8068,normalize,date_normalized,"{""event_date"": ""2016-08-03T06:00:00Z""}"
8069,normalize,date_normalized,"{""event_date"": ""2016-01-24T07:00:00Z""}"
8070,normalize,date_normalized,"{""event_date"": ""2011-09-02T06:00:00Z""}"
8071,normalize,date_normalized,"{""event_date"": ""2016-08-03T06:00:00Z""}"
8072,normalize,date_normalized,"{""event_date"": ""2016-08-03T06:00:00Z""}"
8073,normalize,date_normalized,"{""event_date"": ""2016-08-27T06:00:00Z""}"
8074,normalize,date_normalized,"{""event_date"": ""2016-10-08T06:00:00Z""}"
8075,normalize,date_normalized,"{""event_date"": ""2016-08-27T06:00:00Z""}"
8076,normalize,date_normalized,"{""event_date"": ""2016-05-09T06:00:00Z""}"
8077,normalize,date_normalized,"{""event_date"": ""2016-05-09T06:00:00Z""}"
8078,normalize,date_normalized,"{""event_date"": ""2016-08-17T06:00:00Z""}"
8079,normalize,date_normalized,"{""event_date"": ""2015-02-25T07:00:00Z""}"
8080,normalize,date_normalized,"{""event_date"": ""2016-11-06T06:00:00Z""}"
8081,normalize,date_normalized,"{""event_date"": ""2010-09-30T06:00:00Z""}"
8082,normalize,date_normalized,"{""event_date"": ""2016-05-15T06:00:00Z""}"
8083,normalize,date_normalized,"{""event_date"": ""2016-08-28T06:00:00Z""}"
8084,normalize,date_normalized,"{""event_date"": ""2015-06-12T06:00:00Z""}"
8085,normalize,date_normalized,"{""event_date"": ""2016-08-03T06:00:00Z""}"
8086,normalize,date_normalized,"{""event_date"": ""2016-07-21T06:00:00Z""}"
8087,normalize,date_normalized,"{""event_date"": ""2016-08-13T06:00:00Z""}"
8088,normalize,date_normalized,"{""event_date"": ""2016-02-21T07:00:00Z""}"
8089,normalize,date_normalized,"{""event_date"": ""2016-02-11T07:00:00Z""}"
8090,normalize,date_normalized,"{""event_date"": ""2016-09-07T06:00:00Z""}"
8091,normalize,date_normalized,"{""event_date"": ""2016-09-08T06:00:00Z""}"
8092,normalize,date_normalized,"{""event_date"": ""2015-07-01T06:00:00Z""}"
8093,normalize,date_normalized,"{""event_date"": ""2010-02-04T07:00:00Z""}"
8094,normalize,date_normalized,"{""event_date"": ""2016-06-26T06:00:00Z""}"
8095,normalize,date_normalized,"{""event_date"": ""2016-08-28T06:00:00Z""}"
8096,normalize,date_normalized,"{""event_date"": ""2016-08-03T06:00:00Z""}"
8097,normalize,date_normalized,"{""event_date"": ""2016-08-03T06:00:00Z""}"
8098,normalize,date_normalized,"{""event_date"": ""2016-08-03T06:00:00Z""}"
8099,normalize,date_normalized,"{""event_date"": ""2016-07-28T06:00:00Z""}"
8100,normalize,date_normalized,"{""event_date"": ""2016-08-28T06:00:00Z""}"
8101,normalize,date_normalized,"{""event_date"": ""2016-09-07T06:00:00Z""}"
8102,normalize,date_normalized,"{""event_date"": ""2016-11-19T07:00:00Z""}"
8103,normalize,date_normalized,"{""event_date"": ""2017-02-15T07:00:00Z""}"
8104,normalize,date_normalized,"{""event_date"": ""2010-06-11T06:00:00Z""}"
8105,normalize,date_normalized,"{""event_date"": ""2017-10-16T06:00:00Z""}"
8106,normalize,date_normalized,"{""event_date"": ""2017-11-01T06:00:00Z""}"
8107,normalize,date_normalized,"{""event_date"": ""2017-10-22T06:00:00Z""}"
8108,normalize,date_normalized,"{""event_date"": ""2017-11-08T07:00:00Z""}"
8109,normalize,date_normalized,"{""event_date"": ""2016-11-03T06:00:00Z""}"
8110,normalize,date_normalized,"{""event_date"": ""2017-03-20T06:00:00Z""}"
8111,normalize,date_normalized,"{""event_date"": ""2017-03-20T06:00:00Z""}"
8112,normalize,date_normalized,"{""event_date"": ""2017-03-20T06:00:00Z""}"
8113,normalize,date_normalized,"{""event_date"": ""2017-03-20T06:00:00Z""}"
8114,normalize,date_normalized,"{""event_date"": ""2017-03-02T07:00:00Z""}"
8115,normalize,date_normalized,"{""event_date"": ""2017-03-20T06:00:00Z""}"
8116,normalize,date_normalized,"{""event_date"": ""2017-03-20T06:00:00Z""}"
8117,normalize,date_normalized,"{""event_date"": ""2016-01-17T07:00:00Z""}"
8118,normalize,date_normalized,"{""event_date"": ""2017-03-21T06:00:00Z""}"
8119,normalize,date_normalized,"{""event_date"": ""2017-03-02T07:00:00Z""}"
8120,normalize,date_normalized,"{""event_date"": ""2017-03-02T07:00:00Z""}"
8121,normalize,date_normalized,"{""event_date"": ""2016-07-01T06:00:00Z""}"
8122,normalize,date_normalized,"{""event_date"": ""2016-06-26T06:00:00Z""}"
8123,normalize,date_normalized,"{""event_date"": ""2017-03-20T06:00:00Z""}"
8124,normalize,date_normalized,"{""event_date"": ""2016-12-05T07:00:00Z""}"
8125,normalize,date_normalized,"{""event_date"": ""2017-03-20T06:00:00Z""}"
8126,normalize,date_normalized,"{""event_date"": ""2017-03-20T06:00:00Z""}"
8127,normalize,date_normalized,"{""event_date"": ""2017-03-20T06:00:00Z""}"
8128,normalize,date_normalized,"{""event_date"": ""2017-03-20T06:00:00Z""}"
8129,normalize,date_normalized,"{""event_date"": ""2017-03-20T06:00:00Z""}"
8130,normalize,date_normalized,"{""event_date"": ""2017-03-20T06:00:00Z""}"
8131,normalize,date_normalized,"{""event_date"": ""2017-03-20T06:00:00Z""}"
8132,normalize,date_normalized,"{""event_date"": ""2017-03-20T06:00:00Z""}"
8133,normalize,date_normalized,"{""event_date"": ""2016-04-29T06:00:00Z""}"
8134,normalize,date_normalized,"{""event_date"": ""2010-06-11T06:00:00Z""}"
8135,normalize,date_normalized,"{""event_date"": ""2017-04-07T06:00:00Z""}"
8136,normalize,date_normalized,"{""event_date"": ""2017-06-26T06:00:00Z""}"
8137,normalize,date_normalized,"{""event_date"": ""2017-07-12T06:00:00Z""}"
8138,normalize,date_normalized,"{""event_date"": ""2017-07-06T06:00:00Z""}"
8139,normalize,date_normalized,"{""event_date"": ""2017-07-12T06:00:00Z""}"
8140,normalize,date_normalized,"{""event_date"": ""2017-06-09T06:00:00Z""}"
8141,normalize,date_normalized,"{""event_date"": ""2017-08-01T06:00:00Z""}"
8142,normalize,date_normalized,"{""event_date"": ""2017-06-27T06:00:00Z""}"
8143,normalize,date_normalized,"{""event_date"": ""2017-06-21T06:00:00Z""}"
8144,normalize,date_normalized,"{""event_date"": ""2017-08-07T06:00:00Z""}"
8145,normalize,date_normalized,"{""event_date"": ""2017-07-12T06:00:00Z""}"
8146,normalize,date_normalized,"{""event_date"": ""2017-07-12T06:00:00Z""}"
8147,normalize,date_normalized,"{""event_date"": ""2017-08-07T06:00:00Z""}"
8148,normalize,date_normalized,"{""event_date"": ""2017-06-13T06:00:00Z""}"
8149,normalize,date_normalized,"{""event_date"": ""2017-08-15T06:00:00Z""}"
8150,normalize,date_normalized,"{""event_date"": ""2017-06-13T06:00:00Z""}"
8151,normalize,date_normalized,"{""event_date"": ""2017-08-15T06:00:00Z""}"
8152,normalize,date_normalized,"{""event_date"": ""2017-06-05T06:00:00Z""}"
8153,normalize,date_normalized,"{""event_date"": ""2017-09-28T06:00:00Z""}"
8154,normalize,date_normalized,"{""event_date"": ""2011-11-25T07:00:00Z""}"
8155,normalize,date_normalized,"{""event_date"": ""2017-04-28T06:00:00Z""}"
8156,normalize,date_normalized,"{""event_date"": ""2018-04-20T06:00:00Z""}"
8157,normalize,date_normalized,"{""event_date"": ""2017-01-05T07:00:00Z""}"
8158,normalize,date_normalized,"{""event_date"": ""2011-07-03T06:00:00Z""}"
8159,normalize,date_normalized,"{""event_date"": ""2012-03-12T06:00:00Z""}"
8160,normalize,date_normalized,"{""event_date"": ""2017-01-05T07:00:00Z""}"
8161,normalize,date_normalized,"{""event_date"": ""2010-07-21T06:00:00Z""}"
8162,normalize,date_normalized,"{""event_date"": ""2017-04-28T06:00:00Z""}"
8163,normalize,date_normalized,"{""event_date"": ""2017-07-05T06:00:00Z""}"
8164,normalize,date_normalized,"{""event_date"": ""2018-04-13T06:00:00Z""}"
8165,normalize,date_normalized,"{""event_date"": ""2017-02-19T07:00:00Z""}"
8166,normalize,date_normalized,"{""event_date"": ""2012-06-07T06:00:00Z""}"
8167,normalize,date_normalized,"{""event_date"": ""2017-07-13T06:00:00Z""}"
8168,normalize,date_normalized,"{""event_date"": ""2010-09-08T06:00:00Z""}"
8169,normalize,date_normalized,"{""event_date"": ""2017-07-09T06:00:00Z""}"
8170,normalize,date_normalized,"{""event_date"": ""2017-07-14T06:00:00Z""}"
8171,normalize,date_normalized,"{""event_date"": ""2017-04-28T06:00:00Z""}"
8172,normalize,date_normalized,"{""event_date"": ""2017-04-28T06:00:00Z""}"
8173,normalize,date_normalized,"{""event_date"": ""2012-05-14T06:00:00Z""}"
8174,normalize,date_normalized,"{""event_date"": ""2010-06-09T06:00:00Z""}"
8175,normalize,date_normalized,"{""event_date"": ""2017-10-27T06:00:00Z""}"
8176,normalize,date_normalized,"{""event_date"": ""2015-02-15T07:00:00Z""}"
8177,normalize,date_normalized,"{""event_date"": ""2018-04-20T06:00:00Z""}"
8178,normalize,date_normalized,"{""event_date"": ""2010-03-15T06:00:00Z""}"
8179,normalize,date_normalized,"{""event_date"": ""2018-04-20T06:00:00Z""}"
8180,normalize,date_normalized,"{""event_date"": ""2010-03-15T06:00:00Z""}"
8181,normalize,date_normalized,"{""event_date"": ""2016-08-14T06:00:00Z""}"
8182,normalize,date_normalized,"{""event_date"": ""2018-04-20T06:00:00Z""}"
8183,normalize,date_normalized,"{""event_date"": ""2016-08-14T06:00:00Z""}"
8184,normalize,date_normalized,"{""event_date"": ""2015-02-15T07:00:00Z""}"
8185,normalize,date_normalized,"{""event_date"": ""2011-12-21T07:00:00Z""}"
8186,normalize,date_normalized,"{""event_date"": ""2015-02-15T07:00:00Z""}"
8187,normalize,date_normalized,"{""event_date"": ""2017-04-27T06:00:00Z""}"
8188,normalize,date_normalized,"{""event_date"": ""2017-04-03T06:00:00Z""}"
8189,normalize,date_normalized,"{""event_date"": ""2017-07-22T06:00:00Z""}"
8190,normalize,date_normalized,"{""event_date"": ""2017-08-12T06:00:00Z""}"
8191,normalize,date_normalized,"{""event_date"": ""2017-07-06T06:00:00Z""}"
8192,normalize,date_normalized,"{""event_date"": ""2013-02-25T07:00:00Z""}"
8193,normalize,date_normalized,"{""event_date"": ""2017-08-12T06:00:00Z""}"
8194,normalize,date_normalized,"{""event_date"": ""2016-02-03T07:00:00Z""}"
8195,normalize,date_normalized,"{""event_date"": ""2017-08-21T06:00:00Z""}"
8196,normalize,date_normalized,"{""event_date"": ""2011-03-14T06:00:00Z""}"
8197,normalize,date_normalized,"{""event_date"": ""2017-07-22T06:00:00Z""}"
8198,normalize,date_normalized,"{""event_date"": ""2017-08-12T06:00:00Z""}"
8199,normalize,date_normalized,"{""event_date"": ""2018-04-20T06:00:00Z""}"
8200,normalize,date_normalized,"{""event_date"": ""2015-02-17T07:00:00Z""}"
8201,normalize,date_normalized,"{""event_date"": ""2017-07-22T06:00:00Z""}"
8202,normalize,date_normalized,"{""event_date"": ""2017-07-06T06:00:00Z""}"
8203,normalize,date_normalized,"{""event_date"": ""2017-08-12T06:00:00Z""}"
8204,normalize,date_normalized,"{""event_date"": ""2017-11-02T06:00:00Z""}"
8205,normalize,date_normalized,"{""event_date"": ""2017-05-17T06:00:00Z""}"
8206,normalize,date_normalized,"{""event_date"": ""2017-06-15T06:00:00Z""}"
8207,normalize,date_normalized,"{""event_date"": ""2016-03-23T06:00:00Z""}"
8208,normalize,date_normalized,"{""event_date"": ""2016-03-23T06:00:00Z""}"
8209,normalize,date_normalized,"{""event_date"": ""2015-03-07T07:00:00Z""}"
8210,normalize,date_normalized,"{""event_date"": ""2016-07-11T06:00:00Z""}"
8211,normalize,date_normalized,"{""event_date"": ""2013-08-22T06:00:00Z""}"
8212,normalize,date_normalized,"{""event_date"": ""2010-10-05T06:00:00Z""}"
8213,normalize,date_normalized,"{""event_date"": ""2016-11-08T07:00:00Z""}"
8214,normalize,date_normalized,"{""event_date"": ""2015-05-20T06:00:00Z""}"
8215,normalize,date_normalized,"{""event_date"": ""2017-10-26T06:00:00Z""}"
8216,normalize,date_normalized,"{""event_date"": ""2017-08-18T06:00:00Z""}"
8217,normalize,date_normalized,"{""event_date"": ""2010-08-03T06:00:00Z""}"
8218,normalize,date_normalized,"{""event_date"": ""2017-02-07T07:00:00Z""}"
8219,normalize,date_normalized,"{""event_date"": ""2018-04-20T06:00:00Z""}"
8220,normalize,date_normalized,"{""event_date"": ""2017-11-22T07:00:00Z""}"
8221,normalize,date_normalized,"{""event_date"": ""2016-02-29T07:00:00Z""}"
8222,normalize,date_normalized,"{""event_date"": ""2016-10-04T06:00:00Z""}"
8223,normalize,date_normalized,"{""event_date"": ""2017-11-30T07:00:00Z""}"
8224,normalize,date_normalized,"{""event_date"": ""2017-02-15T07:00:00Z""}"
8225,normalize,date_normalized,"{""event_date"": ""2016-07-26T06:00:00Z""}"
8226,normalize,date_normalized,"{""event_date"": ""2016-07-19T06:00:00Z""}"
8227,normalize,date_normalized,"{""event_date"": ""2010-04-09T06:00:00Z""}"
8228,normalize,date_normalized,"{""event_date"": ""2017-01-14T07:00:00Z""}"
8229,normalize,date_normalized,"{""event_date"": ""2016-02-19T07:00:00Z""}"
8230,normalize,date_normalized,"{""event_date"": ""2016-03-09T07:00:00Z""}"
8231,normalize,date_normalized,"{""event_date"": ""2017-09-06T06:00:00Z""}"
8232,normalize,date_normalized,"{""event_date"": ""2017-03-28T06:00:00Z""}"
8233,normalize,date_normalized,"{""event_date"": ""2017-04-03T06:00:00Z""}"
8234,normalize,date_normalized,"{""event_date"": ""2017-06-14T06:00:00Z""}"
8235,normalize,date_normalized,"{""event_date"": ""2017-01-15T07:00:00Z""}"
8236,normalize,date_normalized,"{""event_date"": ""2018-04-20T06:00:00Z""}"
8237,normalize,date_normalized,"{""event_date"": ""2017-01-01T07:00:00Z""}"
8238,normalize,date_normalized,"{""event_date"": ""2010-07-21T06:00:00Z""}"
8239,normalize,date_normalized,"{""event_date"": ""2017-01-14T07:00:00Z""}"
8240,normalize,date_normalized,"{""event_date"": ""2017-11-06T07:00:00Z""}"
8241,normalize,date_normalized,"{""event_date"": ""2014-12-18T07:00:00Z""}"
8242,normalize,date_normalized,"{""event_date"": ""2018-04-20T06:00:00Z""}"
8243,normalize,date_normalized,"{""event_date"": ""2018-04-20T06:00:00Z""}"
8244,normalize,date_normalized,"{""event_date"": ""2018-04-20T06:00:00Z""}"
8245,normalize,date_normalized,"{""event_date"": ""2018-04-20T06:00:00Z""}"
8246,normalize,date_normalized,"{""event_date"": ""2018-04-20T06:00:00Z""}"
8247,normalize,date_normalized,"{""event_date"": ""2018-04-20T06:00:00Z""}"
8248,normalize,date_normalized,"{""event_date"": ""2014-12-18T07:00:00Z""}"
8249,normalize,date_normalized,"{""event_date"": ""2018-04-13T06:00:00Z""}"
8250,normalize,date_normalized,"{""event_date"": ""2018-04-20T06:00:00Z""}"
8251,normalize,date_normalized,"{""event_date"": ""2018-04-20T06:00:00Z""}"
8252,normalize,date_normalized,"{""event_date"": ""2016-04-18T06:00:00Z""}"
8253,normalize,date_normalized,"{""event_date"": ""2018-04-20T06:00:00Z""}"
8254,normalize,date_normalized,"{""event_date"": ""2018-04-20T06:00:00Z""}"
8255,normalize,date_normalized,"{""event_date"": ""2017-02-10T07:00:00Z""}"
8256,normalize,date_normalized,"{""event_date"": ""2017-11-06T07:00:00Z""}"
8257,normalize,date_normalized,"{""event_date"": ""2011-07-07T06:00:00Z""}"
8258,normalize,date_normalized,"{""event_date"": ""2009-04-16T06:00:00Z""}"
8259,normalize,date_normalized,"{""event_date"": ""2013-06-28T06:00:00Z""}"
8260,normalize,date_normalized,"{""event_date"": ""2010-06-09T06:00:00Z""}"
8261,normalize,date_normalized,"{""event_date"": ""2010-06-09T06:00:00Z""}"
8262,normalize,date_normalized,"{""event_date"": ""2011-12-26T07:00:00Z""}"
8263,normalize,date_normalized,"{""event_date"": ""2010-04-27T06:00:00Z""}"
8264,normalize,date_normalized,"{""event_date"": ""2010-03-04T07:00:00Z""}"
8265,normalize,date_normalized,"{""event_date"": ""2011-03-14T06:00:00Z""}"
8266,normalize,date_normalized,"{""event_date"": ""2011-03-02T07:00:00Z""}"
8267,normalize,date_normalized,"{""event_date"": ""2011-10-12T06:00:00Z""}"
8268,normalize,date_normalized,"{""event_date"": ""2011-10-22T06:00:00Z""}"
8269,normalize,date_normalized,"{""event_date"": ""2009-10-14T06:00:00Z""}"
8270,normalize,date_normalized,"{""event_date"": ""2010-05-31T06:00:00Z""}"
8271,normalize,date_normalized,"{""event_date"": ""2010-06-09T06:00:00Z""}"
8272,normalize,date_normalized,"{""event_date"": ""2010-06-09T06:00:00Z""}"
8273,normalize,date_normalized,"{""event_date"": ""2010-07-21T06:00:00Z""}"
8274,normalize,date_normalized,"{""event_date"": ""2011-05-20T06:00:00Z""}"
8275,normalize,date_normalized,"{""event_date"": ""2011-11-04T06:00:00Z""}"
8276,normalize,date_normalized,"{""event_date"": ""2014-09-04T06:00:00Z""}"
8277,normalize,date_normalized,"{""event_date"": ""2010-07-21T06:00:00Z""}"
8278,normalize,date_normalized,"{""event_date"": ""2010-11-25T07:00:00Z""}"
8279,normalize,date_normalized,"{""event_date"": ""2009-07-29T06:00:00Z""}"
8280,normalize,date_normalized,"{""event_date"": ""2010-03-10T07:00:00Z""}"
8281,normalize,date_normalized,"{""event_date"": ""2010-05-24T06:00:00Z""}"
8282,normalize,date_normalized,"{""event_date"": ""2011-09-19T06:00:00Z""}"
8283,normalize,date_normalized,"{""event_date"": ""2011-05-04T06:00:00Z""}"
8284,normalize,date_normalized,"{""event_date"": ""2010-06-11T06:00:00Z""}"
